strength,dexterity,intelligence,vigor,constitution,height,character,fitness,age
49,39,36,32,42,1.35,warrior,30.058612514820517,0
41,36,33,50,38,1.35,warrior,27.51196603640244,0
32,44,40,37,45,1.35,warrior,27.197441477326677,0
39,35,39,36,49,1.35,warrior,28.50284629764373,0
41,37,34,32,54,1.35,warrior,28.54792953635267,0
33,47,44,38,36,1.35,warrior,27.00241440682055,0
46,43,40,38,31,1.35,warrior,29.420795907149298,0
41,47,37,39,34,1.35,warrior,28.611374200160164,0
40,46,37,41,34,1.35,warrior,28.234770797326423,0
33,36,43,43,43,1.35,warrior,27.20881130608553,0
34,38,41,45,40,1.35,warrior,27.098872604980432,0
37,47,44,30,40,1.35,warrior,28.555120526695326,0
36,44,45,38,35,1.35,warrior,27.6933141950011,0
48,43,34,37,36,1.35,warrior,29.753704697334754,0
41,37,45,42,33,1.35,warrior,28.118334061394602,0
28,58,38,40,34,1.35,warrior,24.992551485821366,0
38,47,38,40,35,1.35,warrior,27.971845334089267,0
39,43,40,35,41,1.35,warrior,28.669457497327866,0
45,39,40,40,34,1.35,warrior,29.0118797467683,0
32,45,39,44,38,1.35,warrior,26.54382070223463,0
49,39,36,32,42,1.35,warrior,30.058612514820517,1
48,43,34,37,36,1.35,warrior,29.753704697334754,1
46,43,40,38,31,1.35,warrior,29.420795907149298,1
45,39,40,40,34,1.35,warrior,29.0118797467683,1
39,43,40,35,41,1.35,warrior,28.669457497327866,1
41,47,37,39,34,1.35,warrior,28.611374200160164,1
37,47,44,30,40,1.35,warrior,28.555120526695326,1
41,37,34,32,54,1.35,warrior,28.54792953635267,1
39,35,39,36,49,1.35,warrior,28.50284629764373,1
40,46,37,41,34,1.35,warrior,28.234770797326423,1
41,37,45,42,33,1.35,warrior,28.118334061394602,1
38,47,38,40,35,1.35,warrior,27.971845334089267,1
36,44,45,38,35,1.35,warrior,27.6933141950011,1
41,36,33,50,38,1.35,warrior,27.51196603640244,1
33,36,43,43,43,1.35,warrior,27.20881130608553,1
32,44,40,37,45,1.35,warrior,27.197441477326677,1
50,40,38,33,37,1.35,warrior,30.31736819630914,1
46,41,36,35,40,1.35,warrior,29.629462937040987,1
44,42,39,40,33,1.35,warrior,28.9263367416973,1
46,40,41,38,33,1.35,warrior,29.36968264344013,1
50,40,38,33,37,1.35,warrior,30.31736819630914,2
49,39,36,32,42,1.35,warrior,30.058612514820517,2
48,43,34,37,36,1.35,warrior,29.753704697334754,2
46,41,36,35,40,1.35,warrior,29.629462937040987,2
46,43,40,38,31,1.35,warrior,29.420795907149298,2
46,40,41,38,33,1.35,warrior,29.36968264344013,2
45,39,40,40,34,1.35,warrior,29.0118797467683,2
44,42,39,40,33,1.35,warrior,28.9263367416973,2
39,43,40,35,41,1.35,warrior,28.669457497327866,2
41,47,37,39,34,1.35,warrior,28.611374200160164,2
37,47,44,30,40,1.35,warrior,28.555120526695326,2
41,37,34,32,54,1.35,warrior,28.54792953635267,2
39,35,39,36,49,1.35,warrior,28.50284629764373,2
40,46,37,41,34,1.35,warrior,28.234770797326423,2
41,37,45,42,33,1.35,warrior,28.118334061394602,2
38,47,38,40,35,1.35,warrior,27.971845334089267,2
51,39,35,31,42,1.35,warrior,30.276982265753904,1
50,40,38,33,37,1.35,warrior,30.31736819630914,1
47,42,35,34,40,1.35,warrior,29.833505943607918,1
47,42,35,37,37,1.35,warrior,29.61809890869236,1
50,40,38,33,37,1.35,warrior,30.31736819630914,3
50,40,38,33,37,1.35,warrior,30.31736819630914,2
51,39,35,31,42,1.35,warrior,30.276982265753904,2
49,39,36,32,42,1.35,warrior,30.058612514820517,3
47,42,35,34,40,1.35,warrior,29.833505943607918,2
48,43,34,37,36,1.35,warrior,29.753704697334754,3
46,41,36,35,40,1.35,warrior,29.629462937040987,3
47,42,35,37,37,1.35,warrior,29.61809890869236,2
46,43,40,38,31,1.35,warrior,29.420795907149298,3
46,40,41,38,33,1.35,warrior,29.36968264344013,3
45,39,40,40,34,1.35,warrior,29.0118797467683,3
44,42,39,40,33,1.35,warrior,28.9263367416973,3
39,43,40,35,41,1.35,warrior,28.669457497327866,3
41,47,37,39,34,1.35,warrior,28.611374200160164,3
37,47,44,30,40,1.35,warrior,28.555120526695326,3
41,37,34,32,54,1.35,warrior,28.54792953635267,3
50,40,38,33,37,1.35,warrior,30.31736819630914,1
50,40,38,33,37,1.35,warrior,30.31736819630914,1
51,41,34,31,41,1.35,warrior,30.38345025417312,1
44,41,37,32,44,1.35,warrior,29.51657887315607,1
51,41,34,31,41,1.35,warrior,30.38345025417312,2
50,40,38,33,37,1.35,warrior,30.31736819630914,4
50,40,38,33,37,1.35,warrior,30.31736819630914,3
50,40,38,33,37,1.35,warrior,30.31736819630914,2
50,40,38,33,37,1.35,warrior,30.31736819630914,2
51,39,35,31,42,1.35,warrior,30.276982265753904,3
49,39,36,32,42,1.35,warrior,30.058612514820517,4
47,42,35,34,40,1.35,warrior,29.833505943607918,3
48,43,34,37,36,1.35,warrior,29.753704697334754,4
46,41,36,35,40,1.35,warrior,29.629462937040987,4
47,42,35,37,37,1.35,warrior,29.61809890869236,3
44,41,37,32,44,1.35,warrior,29.51657887315607,2
46,43,40,38,31,1.35,warrior,29.420795907149298,4
46,40,41,38,33,1.35,warrior,29.36968264344013,4
45,39,40,40,34,1.35,warrior,29.0118797467683,4
44,42,39,40,33,1.35,warrior,28.9263367416973,4
51,40,38,32,37,1.35,warrior,30.51396930876227,1
50,41,34,32,41,1.35,warrior,30.210786626629893,1
50,40,38,33,37,1.35,warrior,30.31736819630914,1
50,40,38,33,37,1.35,warrior,30.31736819630914,1
51,40,38,32,37,1.35,warrior,30.51396930876227,2
51,41,34,31,41,1.35,warrior,30.38345025417312,3
50,40,38,33,37,1.35,warrior,30.31736819630914,5
50,40,38,33,37,1.35,warrior,30.31736819630914,4
50,40,38,33,37,1.35,warrior,30.31736819630914,3
50,40,38,33,37,1.35,warrior,30.31736819630914,3
50,40,38,33,37,1.35,warrior,30.31736819630914,2
50,40,38,33,37,1.35,warrior,30.31736819630914,2
51,39,35,31,42,1.35,warrior,30.276982265753904,4
50,41,34,32,41,1.35,warrior,30.210786626629893,2
49,39,36,32,42,1.35,warrior,30.058612514820517,5
47,42,35,34,40,1.35,warrior,29.833505943607918,4
48,43,34,37,36,1.35,warrior,29.753704697334754,5
46,41,36,35,40,1.35,warrior,29.629462937040987,5
47,42,35,37,37,1.35,warrior,29.61809890869236,4
44,41,37,32,44,1.35,warrior,29.51657887315607,3
49,40,34,31,44,1.35,warrior,30.011757198677472,1
51,40,39,31,37,1.35,warrior,30.630927543929612,1
50,40,38,33,37,1.35,warrior,30.31736819630914,1
50,40,38,33,37,1.35,warrior,30.31736819630914,1
51,40,39,31,37,1.35,warrior,30.630927543929612,2
51,40,38,32,37,1.35,warrior,30.51396930876227,3
51,41,34,31,41,1.35,warrior,30.38345025417312,4
50,40,38,33,37,1.35,warrior,30.31736819630914,6
50,40,38,33,37,1.35,warrior,30.31736819630914,5
50,40,38,33,37,1.35,warrior,30.31736819630914,4
50,40,38,33,37,1.35,warrior,30.31736819630914,4
50,40,38,33,37,1.35,warrior,30.31736819630914,3
50,40,38,33,37,1.35,warrior,30.31736819630914,3
50,40,38,33,37,1.35,warrior,30.31736819630914,2
50,40,38,33,37,1.35,warrior,30.31736819630914,2
51,39,35,31,42,1.35,warrior,30.276982265753904,5
50,41,34,32,41,1.35,warrior,30.210786626629893,3
49,39,36,32,42,1.35,warrior,30.058612514820517,6
49,40,34,31,44,1.35,warrior,30.011757198677472,2
47,42,35,34,40,1.35,warrior,29.833505943607918,5
51,39,39,31,38,1.35,warrior,30.550720215941453,1
52,40,38,31,37,1.35,warrior,30.706274033022048,1
53,42,34,31,38,1.35,warrior,30.745272702069165,1
49,39,38,32,40,1.35,warrior,30.183114709925178,1
53,42,34,31,38,1.35,warrior,30.745272702069165,2
52,40,38,31,37,1.35,warrior,30.706274033022048,2
51,40,39,31,37,1.35,warrior,30.630927543929612,3
51,39,39,31,38,1.35,warrior,30.550720215941453,2
51,40,38,32,37,1.35,warrior,30.51396930876227,4
51,41,34,31,41,1.35,warrior,30.38345025417312,5
50,40,38,33,37,1.35,warrior,30.31736819630914,7
50,40,38,33,37,1.35,warrior,30.31736819630914,6
50,40,38,33,37,1.35,warrior,30.31736819630914,5
50,40,38,33,37,1.35,warrior,30.31736819630914,5
50,40,38,33,37,1.35,warrior,30.31736819630914,4
50,40,38,33,37,1.35,warrior,30.31736819630914,4
50,40,38,33,37,1.35,warrior,30.31736819630914,3
50,40,38,33,37,1.35,warrior,30.31736819630914,3
51,39,35,31,42,1.35,warrior,30.276982265753904,6
50,41,34,32,41,1.35,warrior,30.210786626629893,4
53,42,34,31,38,1.35,warrior,30.745272702069165,1
51,41,38,31,37,1.35,warrior,30.658654866083523,1
51,39,38,32,38,1.35,warrior,30.435434470697118,1
51,39,39,31,38,1.4,warrior,32.08454743401664,1
51,39,39,31,38,1.4,warrior,32.08454743401664,2
53,42,34,31,38,1.35,warrior,30.745272702069165,3
53,42,34,31,38,1.35,warrior,30.745272702069165,2
52,40,38,31,37,1.35,warrior,30.706274033022048,3
51,41,38,31,37,1.35,warrior,30.658654866083523,2
51,40,39,31,37,1.35,warrior,30.630927543929612,4
51,39,39,31,38,1.35,warrior,30.550720215941453,3
51,40,38,32,37,1.35,warrior,30.51396930876227,5
51,39,38,32,38,1.35,warrior,30.435434470697118,2
51,41,34,31,41,1.35,warrior,30.38345025417312,6
50,40,38,33,37,1.35,warrior,30.31736819630914,8
50,40,38,33,37,1.35,warrior,30.31736819630914,7
50,40,38,33,37,1.35,warrior,30.31736819630914,6
50,40,38,33,37,1.35,warrior,30.31736819630914,6
50,40,38,33,37,1.35,warrior,30.31736819630914,5
50,40,38,33,37,1.35,warrior,30.31736819630914,5
49,38,37,30,44,1.35,warrior,30.104730031295563,1
53,42,34,31,38,1.4,warrior,32.431469569768,1
52,39,38,31,38,1.35,warrior,30.61878053462092,1
52,43,34,31,38,1.35,warrior,30.703612124113643,1
53,42,34,31,38,1.4,warrior,32.431469569768,2
51,39,39,31,38,1.4,warrior,32.08454743401664,3
53,42,34,31,38,1.35,warrior,30.745272702069165,4
53,42,34,31,38,1.35,warrior,30.745272702069165,3
52,40,38,31,37,1.35,warrior,30.706274033022048,4
52,43,34,31,38,1.35,warrior,30.703612124113643,2
51,41,38,31,37,1.35,warrior,30.658654866083523,3
51,40,39,31,37,1.35,warrior,30.630927543929612,5
52,39,38,31,38,1.35,warrior,30.61878053462092,2
51,39,39,31,38,1.35,warrior,30.550720215941453,4
51,40,38,32,37,1.35,warrior,30.51396930876227,6
51,39,38,32,38,1.35,warrior,30.435434470697118,3
51,41,34,31,41,1.35,warrior,30.38345025417312,7
50,40,38,33,37,1.35,warrior,30.31736819630914,9
50,40,38,33,37,1.35,warrior,30.31736819630914,8
50,40,38,33,37,1.35,warrior,30.31736819630914,7
53,38,39,30,38,1.4,warrior,32.36964895139026,1
52,42,34,31,39,1.4,warrior,32.224237723300604,1
53,42,34,31,38,1.35,warrior,30.745272702069165,1
53,42,34,31,38,1.35,warrior,30.745272702069165,1
53,42,34,31,38,1.4,warrior,32.431469569768,3
53,38,39,30,38,1.4,warrior,32.36964895139026,2
52,42,34,31,39,1.4,warrior,32.224237723300604,2
51,39,39,31,38,1.4,warrior,32.08454743401664,4
53,42,34,31,38,1.35,warrior,30.745272702069165,5
53,42,34,31,38,1.35,warrior,30.745272702069165,4
53,42,34,31,38,1.35,warrior,30.745272702069165,2
53,42,34,31,38,1.35,warrior,30.745272702069165,2
52,40,38,31,37,1.35,warrior,30.706274033022048,5
52,43,34,31,38,1.35,warrior,30.703612124113643,3
51,41,38,31,37,1.35,warrior,30.658654866083523,4
51,40,39,31,37,1.35,warrior,30.630927543929612,6
52,39,38,31,38,1.35,warrior,30.61878053462092,3
51,39,39,31,38,1.35,warrior,30.550720215941453,5
51,40,38,32,37,1.35,warrior,30.51396930876227,7
51,39,38,32,38,1.35,warrior,30.435434470697118,4
53,42,34,31,38,1.4,warrior,32.431469569768,1
53,38,39,30,38,1.4,warrior,32.36964895139026,1
50,41,39,31,37,1.4,warrior,32.168933768322766,1
52,39,36,32,39,1.4,warrior,31.925395299648226,1
53,42,34,31,38,1.4,warrior,32.431469569768,4
53,42,34,31,38,1.4,warrior,32.431469569768,2
53,38,39,30,38,1.4,warrior,32.36964895139026,3
53,38,39,30,38,1.4,warrior,32.36964895139026,2
52,42,34,31,39,1.4,warrior,32.224237723300604,3
50,41,39,31,37,1.4,warrior,32.168933768322766,2
51,39,39,31,38,1.4,warrior,32.08454743401664,5
52,39,36,32,39,1.4,warrior,31.925395299648226,2
53,42,34,31,38,1.35,warrior,30.745272702069165,6
53,42,34,31,38,1.35,warrior,30.745272702069165,5
53,42,34,31,38,1.35,warrior,30.745272702069165,3
53,42,34,31,38,1.35,warrior,30.745272702069165,3
52,40,38,31,37,1.35,warrior,30.706274033022048,6
52,43,34,31,38,1.35,warrior,30.703612124113643,4
51,41,38,31,37,1.35,warrior,30.658654866083523,5
51,40,39,31,37,1.35,warrior,30.630927543929612,7
51,41,34,34,38,1.4,warrior,31.723819202913923,1
53,42,34,31,38,1.4,warrior,32.431469569768,1
53,38,39,30,38,1.4,warrior,32.36964895139026,1
53,38,39,30,38,1.4,warrior,32.36964895139026,1
53,42,34,31,38,1.4,warrior,32.431469569768,5
53,42,34,31,38,1.4,warrior,32.431469569768,3
53,42,34,31,38,1.4,warrior,32.431469569768,2
53,38,39,30,38,1.4,warrior,32.36964895139026,4
53,38,39,30,38,1.4,warrior,32.36964895139026,3
53,38,39,30,38,1.4,warrior,32.36964895139026,2
53,38,39,30,38,1.4,warrior,32.36964895139026,2
52,42,34,31,39,1.4,warrior,32.224237723300604,4
50,41,39,31,37,1.4,warrior,32.168933768322766,3
51,39,39,31,38,1.4,warrior,32.08454743401664,6
52,39,36,32,39,1.4,warrior,31.925395299648226,3
51,41,34,34,38,1.4,warrior,31.723819202913923,2
53,42,34,31,38,1.35,warrior,30.745272702069165,7
53,42,34,31,38,1.35,warrior,30.745272702069165,6
53,42,34,31,38,1.35,warrior,30.745272702069165,4
53,42,34,31,38,1.35,warrior,30.745272702069165,4
53,42,34,31,38,1.4,warrior,32.431469569768,1
53,42,34,31,38,1.4,warrior,32.431469569768,1
53,42,34,31,38,1.4,warrior,32.431469569768,1
53,38,39,30,38,1.4,warrior,32.36964895139026,1
53,42,34,31,38,1.4,warrior,32.431469569768,6
53,42,34,31,38,1.4,warrior,32.431469569768,4
53,42,34,31,38,1.4,warrior,32.431469569768,3
53,42,34,31,38,1.4,warrior,32.431469569768,2
53,42,34,31,38,1.4,warrior,32.431469569768,2
53,42,34,31,38,1.4,warrior,32.431469569768,2
53,38,39,30,38,1.4,warrior,32.36964895139026,5
53,38,39,30,38,1.4,warrior,32.36964895139026,4
53,38,39,30,38,1.4,warrior,32.36964895139026,3
53,38,39,30,38,1.4,warrior,32.36964895139026,3
53,38,39,30,38,1.4,warrior,32.36964895139026,2
52,42,34,31,39,1.4,warrior,32.224237723300604,5
50,41,39,31,37,1.4,warrior,32.168933768322766,4
51,39,39,31,38,1.4,warrior,32.08454743401664,7
52,39,36,32,39,1.4,warrior,31.925395299648226,4
51,41,34,34,38,1.4,warrior,31.723819202913923,3
53,42,34,31,38,1.4,warrior,32.431469569768,1
53,42,34,31,38,1.4,warrior,32.431469569768,1
53,42,34,31,38,1.4,warrior,32.431469569768,1
53,42,34,31,38,1.4,warrior,32.431469569768,1
53,42,34,31,38,1.4,warrior,32.431469569768,7
53,42,34,31,38,1.4,warrior,32.431469569768,5
53,42,34,31,38,1.4,warrior,32.431469569768,4
53,42,34,31,38,1.4,warrior,32.431469569768,3
53,42,34,31,38,1.4,warrior,32.431469569768,3
53,42,34,31,38,1.4,warrior,32.431469569768,3
53,42,34,31,38,1.4,warrior,32.431469569768,2
53,42,34,31,38,1.4,warrior,32.431469569768,2
53,42,34,31,38,1.4,warrior,32.431469569768,2
53,42,34,31,38,1.4,warrior,32.431469569768,2
53,38,39,30,38,1.4,warrior,32.36964895139026,6
53,38,39,30,38,1.4,warrior,32.36964895139026,5
53,38,39,30,38,1.4,warrior,32.36964895139026,4
53,38,39,30,38,1.4,warrior,32.36964895139026,4
53,38,39,30,38,1.4,warrior,32.36964895139026,3
52,42,34,31,39,1.4,warrior,32.224237723300604,6
53,42,34,31,38,1.4,warrior,32.431469569768,1
53,42,34,31,38,1.4,warrior,32.431469569768,1
53,42,34,31,38,1.4,warrior,32.431469569768,1
53,42,34,31,38,1.4,warrior,32.431469569768,1
53,42,34,31,38,1.4,warrior,32.431469569768,8
53,42,34,31,38,1.4,warrior,32.431469569768,6
53,42,34,31,38,1.4,warrior,32.431469569768,5
53,42,34,31,38,1.4,warrior,32.431469569768,4
53,42,34,31,38,1.4,warrior,32.431469569768,4
53,42,34,31,38,1.4,warrior,32.431469569768,4
53,42,34,31,38,1.4,warrior,32.431469569768,3
53,42,34,31,38,1.4,warrior,32.431469569768,3
53,42,34,31,38,1.4,warrior,32.431469569768,3
53,42,34,31,38,1.4,warrior,32.431469569768,3
53,42,34,31,38,1.4,warrior,32.431469569768,2
53,42,34,31,38,1.4,warrior,32.431469569768,2
53,42,34,31,38,1.4,warrior,32.431469569768,2
53,42,34,31,38,1.4,warrior,32.431469569768,2
53,38,39,30,38,1.4,warrior,32.36964895139026,7
53,38,39,30,38,1.4,warrior,32.36964895139026,6
53,42,34,31,38,1.41,warrior,32.592323018408266,1
53,42,34,31,38,1.4,warrior,32.431469569768,1
53,42,34,31,38,1.4,warrior,32.431469569768,1
41,46,37,33,41,1.4,warrior,30.2444783522283,1
53,42,34,31,38,1.41,warrior,32.592323018408266,2
53,42,34,31,38,1.4,warrior,32.431469569768,9
53,42,34,31,38,1.4,warrior,32.431469569768,7
53,42,34,31,38,1.4,warrior,32.431469569768,6
53,42,34,31,38,1.4,warrior,32.431469569768,5
53,42,34,31,38,1.4,warrior,32.431469569768,5
53,42,34,31,38,1.4,warrior,32.431469569768,5
53,42,34,31,38,1.4,warrior,32.431469569768,4
53,42,34,31,38,1.4,warrior,32.431469569768,4
53,42,34,31,38,1.4,warrior,32.431469569768,4
53,42,34,31,38,1.4,warrior,32.431469569768,4
53,42,34,31,38,1.4,warrior,32.431469569768,3
53,42,34,31,38,1.4,warrior,32.431469569768,3
53,42,34,31,38,1.4,warrior,32.431469569768,3
53,42,34,31,38,1.4,warrior,32.431469569768,3
53,42,34,31,38,1.4,warrior,32.431469569768,2
56,44,36,34,28,1.4,warrior,33.30566242992775,1
53,42,34,31,38,1.41,warrior,32.592323018408266,1
53,42,34,31,38,1.4,warrior,32.431469569768,1
53,42,34,31,38,1.4,warrior,32.431469569768,1
56,44,36,34,28,1.4,warrior,33.30566242992775,2
53,42,34,31,38,1.41,warrior,32.592323018408266,3
53,42,34,31,38,1.41,warrior,32.592323018408266,2
53,42,34,31,38,1.4,warrior,32.431469569768,10
53,42,34,31,38,1.4,warrior,32.431469569768,8
53,42,34,31,38,1.4,warrior,32.431469569768,7
53,42,34,31,38,1.4,warrior,32.431469569768,6
53,42,34,31,38,1.4,warrior,32.431469569768,6
53,42,34,31,38,1.4,warrior,32.431469569768,6
53,42,34,31,38,1.4,warrior,32.431469569768,5
53,42,34,31,38,1.4,warrior,32.431469569768,5
53,42,34,31,38,1.4,warrior,32.431469569768,5
53,42,34,31,38,1.4,warrior,32.431469569768,5
53,42,34,31,38,1.4,warrior,32.431469569768,4
53,42,34,31,38,1.4,warrior,32.431469569768,4
53,42,34,31,38,1.4,warrior,32.431469569768,4
54,43,34,30,37,1.41,warrior,33.02438289548924,1
55,43,36,34,30,1.4,warrior,32.97185621483981,1
53,42,34,31,38,1.4,warrior,32.431469569768,1
53,42,34,31,38,1.41,warrior,32.592323018408266,1
56,44,36,34,28,1.4,warrior,33.30566242992775,3
54,43,34,30,37,1.41,warrior,33.02438289548924,2
55,43,36,34,30,1.4,warrior,32.97185621483981,2
53,42,34,31,38,1.41,warrior,32.592323018408266,4
53,42,34,31,38,1.41,warrior,32.592323018408266,3
53,42,34,31,38,1.41,warrior,32.592323018408266,2
53,42,34,31,38,1.4,warrior,32.431469569768,11
53,42,34,31,38,1.4,warrior,32.431469569768,9
53,42,34,31,38,1.4,warrior,32.431469569768,8
53,42,34,31,38,1.4,warrior,32.431469569768,7
53,42,34,31,38,1.4,warrior,32.431469569768,7
53,42,34,31,38,1.4,warrior,32.431469569768,7
53,42,34,31,38,1.4,warrior,32.431469569768,6
53,42,34,31,38,1.4,warrior,32.431469569768,6
53,42,34,31,38,1.4,warrior,32.431469569768,6
53,42,34,31,38,1.4,warrior,32.431469569768,6
54,43,35,30,36,1.41,warrior,33.15001546530412,1
55,45,34,34,30,1.4,warrior,33.094197976266194,1
55,41,34,30,38,1.41,warrior,32.86510429457722,1
52,46,35,34,31,1.4,warrior,32.71071141664256,1
56,44,36,34,28,1.4,warrior,33.30566242992775,4
54,43,35,30,36,1.41,warrior,33.15001546530412,2
55,45,34,34,30,1.4,warrior,33.094197976266194,2
54,43,34,30,37,1.41,warrior,33.02438289548924,3
55,43,36,34,30,1.4,warrior,32.97185621483981,3
55,41,34,30,38,1.41,warrior,32.86510429457722,2
52,46,35,34,31,1.4,warrior,32.71071141664256,2
53,42,34,31,38,1.41,warrior,32.592323018408266,5
53,42,34,31,38,1.41,warrior,32.592323018408266,4
53,42,34,31,38,1.41,warrior,32.592323018408266,3
53,42,34,31,38,1.4,warrior,32.431469569768,12
53,42,34,31,38,1.4,warrior,32.431469569768,10
53,42,34,31,38,1.4,warrior,32.431469569768,9
53,42,34,31,38,1.4,warrior,32.431469569768,8
53,42,34,31,38,1.4,warrior,32.431469569768,8
53,42,34,31,38,1.4,warrior,32.431469569768,8
56,44,34,29,35,1.41,warrior,33.68186709857993,1
54,45,36,34,29,1.4,warrior,33.06742543733908,1
53,43,34,32,36,1.41,warrior,32.711360969037,1
55,45,35,31,32,1.4,warrior,33.44403664985717,1
56,44,34,29,35,1.41,warrior,33.68186709857993,2
55,45,35,31,32,1.4,warrior,33.44403664985717,2
56,44,36,34,28,1.4,warrior,33.30566242992775,5
54,43,35,30,36,1.41,warrior,33.15001546530412,3
55,45,34,34,30,1.4,warrior,33.094197976266194,3
54,45,36,34,29,1.4,warrior,33.06742543733908,2
54,43,34,30,37,1.41,warrior,33.02438289548924,4
55,43,36,34,30,1.4,warrior,32.97185621483981,4
55,41,34,30,38,1.41,warrior,32.86510429457722,3
53,43,34,32,36,1.41,warrior,32.711360969037,2
52,46,35,34,31,1.4,warrior,32.71071141664256,3
53,42,34,31,38,1.41,warrior,32.592323018408266,6
53,42,34,31,38,1.41,warrior,32.592323018408266,5
53,42,34,31,38,1.41,warrior,32.592323018408266,4
53,42,34,31,38,1.4,warrior,32.431469569768,13
53,42,34,31,38,1.4,warrior,32.431469569768,11
56,45,34,29,34,1.4,warrior,33.665400087771644,1
55,43,33,33,34,1.41,warrior,32.940593325734454,1
59,46,37,25,31,1.41,warrior,35.335224655554256,1
50,41,45,29,33,1.4,warrior,32.74131099615096,1
59,46,37,25,31,1.41,warrior,35.335224655554256,2
56,44,34,29,35,1.41,warrior,33.68186709857993,3
56,45,34,29,34,1.4,warrior,33.665400087771644,2
55,45,35,31,32,1.4,warrior,33.44403664985717,3
56,44,36,34,28,1.4,warrior,33.30566242992775,6
54,43,35,30,36,1.41,warrior,33.15001546530412,4
55,45,34,34,30,1.4,warrior,33.094197976266194,4
54,45,36,34,29,1.4,warrior,33.06742543733908,3
54,43,34,30,37,1.41,warrior,33.02438289548924,5
55,43,36,34,30,1.4,warrior,32.97185621483981,5
55,43,33,33,34,1.41,warrior,32.940593325734454,2
55,41,34,30,38,1.41,warrior,32.86510429457722,4
50,41,45,29,33,1.4,warrior,32.74131099615096,2
53,43,34,32,36,1.41,warrior,32.711360969037,3
52,46,35,34,31,1.4,warrior,32.71071141664256,4
53,42,34,31,38,1.41,warrior,32.592323018408266,7
64,41,32,27,34,1.41,warrior,34.349454163325596,1
57,46,38,25,32,1.41,warrior,35.00164505445078,1
56,45,34,29,34,1.4,warrior,33.665400087771644,1
55,45,35,31,32,1.4,warrior,33.44403664985717,1
59,46,37,25,31,1.41,warrior,35.335224655554256,3
57,46,38,25,32,1.41,warrior,35.00164505445078,2
64,41,32,27,34,1.41,warrior,34.349454163325596,2
56,44,34,29,35,1.41,warrior,33.68186709857993,4
56,45,34,29,34,1.4,warrior,33.665400087771644,3
56,45,34,29,34,1.4,warrior,33.665400087771644,2
55,45,35,31,32,1.4,warrior,33.44403664985717,4
55,45,35,31,32,1.4,warrior,33.44403664985717,2
56,44,36,34,28,1.4,warrior,33.30566242992775,7
54,43,35,30,36,1.41,warrior,33.15001546530412,5
55,45,34,34,30,1.4,warrior,33.094197976266194,5
54,45,36,34,29,1.4,warrior,33.06742543733908,4
54,43,34,30,37,1.41,warrior,33.02438289548924,6
55,43,36,34,30,1.4,warrior,32.97185621483981,6
55,43,33,33,34,1.41,warrior,32.940593325734454,3
55,41,34,30,38,1.41,warrior,32.86510429457722,5
59,45,37,25,32,1.41,warrior,35.13363193061615,1
58,46,38,25,31,1.41,warrior,35.23551371695647,1
63,39,33,29,34,1.41,warrior,33.77155413055751,1
57,46,32,29,34,1.41,warrior,33.99744725807371,1
59,46,37,25,31,1.41,warrior,35.335224655554256,4
58,46,38,25,31,1.41,warrior,35.23551371695647,2
59,45,37,25,32,1.41,warrior,35.13363193061615,2
57,46,38,25,32,1.41,warrior,35.00164505445078,3
64,41,32,27,34,1.41,warrior,34.349454163325596,3
57,46,32,29,34,1.41,warrior,33.99744725807371,2
63,39,33,29,34,1.41,warrior,33.77155413055751,2
56,44,34,29,35,1.41,warrior,33.68186709857993,5
56,45,34,29,34,1.4,warrior,33.665400087771644,4
56,45,34,29,34,1.4,warrior,33.665400087771644,3
55,45,35,31,32,1.4,warrior,33.44403664985717,5
55,45,35,31,32,1.4,warrior,33.44403664985717,3
56,44,36,34,28,1.4,warrior,33.30566242992775,8
54,43,35,30,36,1.41,warrior,33.15001546530412,6
55,45,34,34,30,1.4,warrior,33.094197976266194,6
54,45,36,34,29,1.4,warrior,33.06742543733908,5
59,46,37,25,31,1.41,warrior,35.335224655554256,1
58,46,38,25,31,1.41,warrior,35.23551371695647,1
58,45,37,24,34,1.41,warrior,34.951947895881084,1
57,46,37,25,33,1.41,warrior,34.87327808749781,1
59,46,37,25,31,1.41,warrior,35.335224655554256,5
59,46,37,25,31,1.41,warrior,35.335224655554256,2
58,46,38,25,31,1.41,warrior,35.23551371695647,3
58,46,38,25,31,1.41,warrior,35.23551371695647,2
59,45,37,25,32,1.41,warrior,35.13363193061615,3
57,46,38,25,32,1.41,warrior,35.00164505445078,4
58,45,37,24,34,1.41,warrior,34.951947895881084,2
57,46,37,25,33,1.41,warrior,34.87327808749781,2
64,41,32,27,34,1.41,warrior,34.349454163325596,4
57,46,32,29,34,1.41,warrior,33.99744725807371,3
63,39,33,29,34,1.41,warrior,33.77155413055751,3
56,44,34,29,35,1.41,warrior,33.68186709857993,6
56,45,34,29,34,1.4,warrior,33.665400087771644,5
56,45,34,29,34,1.4,warrior,33.665400087771644,4
55,45,35,31,32,1.4,warrior,33.44403664985717,6
55,45,35,31,32,1.4,warrior,33.44403664985717,4
59,46,37,25,31,1.41,warrior,35.335224655554256,1
59,46,37,25,31,1.41,warrior,35.335224655554256,1
58,46,38,25,31,1.41,warrior,35.23551371695647,1
59,47,40,25,27,1.41,warrior,35.888130839387735,1
59,47,40,25,27,1.41,warrior,35.888130839387735,2
59,46,37,25,31,1.41,warrior,35.335224655554256,6
59,46,37,25,31,1.41,warrior,35.335224655554256,3
59,46,37,25,31,1.41,warrior,35.335224655554256,2
59,46,37,25,31,1.41,warrior,35.335224655554256,2
58,46,38,25,31,1.41,warrior,35.23551371695647,4
58,46,38,25,31,1.41,warrior,35.23551371695647,3
58,46,38,25,31,1.41,warrior,35.23551371695647,2
59,45,37,25,32,1.41,warrior,35.13363193061615,4
57,46,38,25,32,1.41,warrior,35.00164505445078,5
58,45,37,24,34,1.41,warrior,34.951947895881084,3
57,46,37,25,33,1.41,warrior,34.87327808749781,3
64,41,32,27,34,1.41,warrior,34.349454163325596,5
57,46,32,29,34,1.41,warrior,33.99744725807371,4
63,39,33,29,34,1.41,warrior,33.77155413055751,4
56,44,34,29,35,1.41,warrior,33.68186709857993,7
59,47,40,25,27,1.41,warrior,35.888130839387735,1
65,51,40,8,34,1.41,warrior,38.87219727037913,1
59,46,37,25,31,1.41,warrior,35.335224655554256,1
59,46,37,25,31,1.41,warrior,35.335224655554256,1
65,51,40,8,34,1.41,warrior,38.87219727037913,2
59,47,40,25,27,1.41,warrior,35.888130839387735,3
59,47,40,25,27,1.41,warrior,35.888130839387735,2
59,46,37,25,31,1.41,warrior,35.335224655554256,7
59,46,37,25,31,1.41,warrior,35.335224655554256,4
59,46,37,25,31,1.41,warrior,35.335224655554256,3
59,46,37,25,31,1.41,warrior,35.335224655554256,3
59,46,37,25,31,1.41,warrior,35.335224655554256,2
59,46,37,25,31,1.41,warrior,35.335224655554256,2
58,46,38,25,31,1.41,warrior,35.23551371695647,5
58,46,38,25,31,1.41,warrior,35.23551371695647,4
58,46,38,25,31,1.41,warrior,35.23551371695647,3
59,45,37,25,32,1.41,warrior,35.13363193061615,5
57,46,38,25,32,1.41,warrior,35.00164505445078,6
58,45,37,24,34,1.41,warrior,34.951947895881084,4
57,46,37,25,33,1.41,warrior,34.87327808749781,4
62,49,38,24,25,1.41,warrior,36.81004214870086,1
62,50,42,8,36,1.41,warrior,38.11928114899602,1
59,49,36,24,30,1.41,warrior,35.84655811578346,1
59,46,41,25,27,1.41,warrior,35.80695602196073,1
65,51,40,8,34,1.41,warrior,38.87219727037913,3
62,50,42,8,36,1.41,warrior,38.11928114899602,2
62,49,38,24,25,1.41,warrior,36.81004214870086,2
59,47,40,25,27,1.41,warrior,35.888130839387735,4
59,47,40,25,27,1.41,warrior,35.888130839387735,3
59,49,36,24,30,1.41,warrior,35.84655811578346,2
59,46,41,25,27,1.41,warrior,35.80695602196073,2
59,46,37,25,31,1.41,warrior,35.335224655554256,8
59,46,37,25,31,1.41,warrior,35.335224655554256,5
59,46,37,25,31,1.41,warrior,35.335224655554256,4
59,46,37,25,31,1.41,warrior,35.335224655554256,4
59,46,37,25,31,1.41,warrior,35.335224655554256,3
59,46,37,25,31,1.41,warrior,35.335224655554256,3
58,46,38,25,31,1.41,warrior,35.23551371695647,6
58,46,38,25,31,1.41,warrior,35.23551371695647,5
58,46,38,25,31,1.41,warrior,35.23551371695647,4
65,51,40,7,35,1.41,warrior,38.84665580205333,1
62,51,43,8,34,1.41,warrior,38.56625706393723,1
61,49,38,23,27,1.41,warrior,36.65390245580216,1
60,47,40,26,25,1.41,warrior,36.02568847206214,1
65,51,40,8,34,1.41,warrior,38.87219727037913,4
65,51,40,7,35,1.41,warrior,38.84665580205333,2
62,51,43,8,34,1.41,warrior,38.56625706393723,2
62,50,42,8,36,1.41,warrior,38.11928114899602,3
62,49,38,24,25,1.41,warrior,36.81004214870086,3
61,49,38,23,27,1.41,warrior,36.65390245580216,2
60,47,40,26,25,1.41,warrior,36.02568847206214,2
59,47,40,25,27,1.41,warrior,35.888130839387735,5
59,47,40,25,27,1.41,warrior,35.888130839387735,4
59,49,36,24,30,1.41,warrior,35.84655811578346,3
59,46,41,25,27,1.41,warrior,35.80695602196073,3
59,46,37,25,31,1.41,warrior,35.335224655554256,9
59,46,37,25,31,1.41,warrior,35.335224655554256,6
59,46,37,25,31,1.41,warrior,35.335224655554256,5
59,46,37,25,31,1.41,warrior,35.335224655554256,5
59,46,37,25,31,1.41,warrior,35.335224655554256,4
65,51,40,7,35,1.41,warrior,38.84665580205333,1
65,51,40,8,34,1.41,warrior,38.87219727037913,1
62,52,41,8,35,1.41,warrior,38.43147649803874,1
62,50,44,8,34,1.41,warrior,38.49962809511958,1
65,51,40,8,34,1.41,warrior,38.87219727037913,5
65,51,40,8,34,1.41,warrior,38.87219727037913,2
65,51,40,7,35,1.41,warrior,38.84665580205333,3
65,51,40,7,35,1.41,warrior,38.84665580205333,2
62,51,43,8,34,1.41,warrior,38.56625706393723,3
62,50,44,8,34,1.41,warrior,38.49962809511958,2
62,52,41,8,35,1.41,warrior,38.43147649803874,2
62,50,42,8,36,1.41,warrior,38.11928114899602,4
62,49,38,24,25,1.41,warrior,36.81004214870086,4
61,49,38,23,27,1.41,warrior,36.65390245580216,3
60,47,40,26,25,1.41,warrior,36.02568847206214,3
59,47,40,25,27,1.41,warrior,35.888130839387735,6
59,47,40,25,27,1.41,warrior,35.888130839387735,5
59,49,36,24,30,1.41,warrior,35.84655811578346,4
59,46,41,25,27,1.41,warrior,35.80695602196073,4
59,46,37,25,31,1.41,warrior,35.335224655554256,10
65,51,40,9,33,1.41,warrior,38.88928462299,1
65,51,40,8,34,1.41,warrior,38.87219727037913,1
65,51,40,7,35,1.41,warrior,38.84665580205333,1
65,51,40,7,35,1.41,warrior,38.84665580205333,1
65,51,40,9,33,1.41,warrior,38.88928462299,2
65,51,40,8,34,1.41,warrior,38.87219727037913,6
65,51,40,8,34,1.41,warrior,38.87219727037913,3
65,51,40,8,34,1.41,warrior,38.87219727037913,2
65,51,40,7,35,1.41,warrior,38.84665580205333,4
65,51,40,7,35,1.41,warrior,38.84665580205333,3
65,51,40,7,35,1.41,warrior,38.84665580205333,2
65,51,40,7,35,1.41,warrior,38.84665580205333,2
62,51,43,8,34,1.41,warrior,38.56625706393723,4
62,50,44,8,34,1.41,warrior,38.49962809511958,3
62,52,41,8,35,1.41,warrior,38.43147649803874,3
62,50,42,8,36,1.41,warrior,38.11928114899602,5
62,49,38,24,25,1.41,warrior,36.81004214870086,5
61,49,38,23,27,1.41,warrior,36.65390245580216,4
60,47,40,26,25,1.41,warrior,36.02568847206214,4
59,47,40,25,27,1.41,warrior,35.888130839387735,7
60,46,37,7,48,1.41,warrior,35.25246593044981,1
66,51,40,8,33,1.41,warrior,39.16140863716652,1
65,51,40,8,34,1.41,warrior,38.87219727037913,1
65,51,40,8,34,1.41,warrior,38.87219727037913,1
66,51,40,8,33,1.41,warrior,39.16140863716652,2
65,51,40,9,33,1.41,warrior,38.88928462299,3
65,51,40,8,34,1.41,warrior,38.87219727037913,7
65,51,40,8,34,1.41,warrior,38.87219727037913,4
65,51,40,8,34,1.41,warrior,38.87219727037913,3
65,51,40,8,34,1.41,warrior,38.87219727037913,2
65,51,40,8,34,1.41,warrior,38.87219727037913,2
65,51,40,7,35,1.41,warrior,38.84665580205333,5
65,51,40,7,35,1.41,warrior,38.84665580205333,4
65,51,40,7,35,1.41,warrior,38.84665580205333,3
65,51,40,7,35,1.41,warrior,38.84665580205333,3
62,51,43,8,34,1.41,warrior,38.56625706393723,5
62,50,44,8,34,1.41,warrior,38.49962809511958,4
62,52,41,8,35,1.41,warrior,38.43147649803874,4
62,50,42,8,36,1.41,warrior,38.11928114899602,6
62,49,38,24,25,1.41,warrior,36.81004214870086,6
66,50,40,9,33,1.41,warrior,38.90178136898533,1
66,51,40,8,33,1.41,warrior,39.16140863716652,1
65,51,40,8,34,1.41,warrior,38.87219727037913,1
65,51,40,8,34,1.41,warrior,38.87219727037913,1
66,51,40,8,33,1.41,warrior,39.16140863716652,3
66,51,40,8,33,1.41,warrior,39.16140863716652,2
66,50,40,9,33,1.41,warrior,38.90178136898533,2
65,51,40,9,33,1.41,warrior,38.88928462299,4
65,51,40,8,34,1.41,warrior,38.87219727037913,8
65,51,40,8,34,1.41,warrior,38.87219727037913,5
65,51,40,8,34,1.41,warrior,38.87219727037913,4
65,51,40,8,34,1.41,warrior,38.87219727037913,3
65,51,40,8,34,1.41,warrior,38.87219727037913,3
65,51,40,8,34,1.41,warrior,38.87219727037913,2
65,51,40,8,34,1.41,warrior,38.87219727037913,2
65,51,40,7,35,1.41,warrior,38.84665580205333,6
65,51,40,7,35,1.41,warrior,38.84665580205333,5
65,51,40,7,35,1.41,warrior,38.84665580205333,4
65,51,40,7,35,1.41,warrior,38.84665580205333,4
62,51,43,8,34,1.41,warrior,38.56625706393723,6
66,51,40,8,33,1.41,warrior,39.16140863716652,1
66,51,40,8,33,1.41,warrior,39.16140863716652,1
70,40,44,9,35,1.41,warrior,37.73558760444654,1
65,51,40,9,33,1.41,warrior,38.88928462299,1
66,51,40,8,33,1.41,warrior,39.16140863716652,4
66,51,40,8,33,1.41,warrior,39.16140863716652,3
66,51,40,8,33,1.41,warrior,39.16140863716652,2
66,51,40,8,33,1.41,warrior,39.16140863716652,2
66,50,40,9,33,1.41,warrior,38.90178136898533,3
65,51,40,9,33,1.41,warrior,38.88928462299,5
65,51,40,9,33,1.41,warrior,38.88928462299,2
65,51,40,8,34,1.41,warrior,38.87219727037913,9
65,51,40,8,34,1.41,warrior,38.87219727037913,6
65,51,40,8,34,1.41,warrior,38.87219727037913,5
65,51,40,8,34,1.41,warrior,38.87219727037913,4
65,51,40,8,34,1.41,warrior,38.87219727037913,4
65,51,40,8,34,1.41,warrior,38.87219727037913,3
65,51,40,8,34,1.41,warrior,38.87219727037913,3
65,51,40,7,35,1.41,warrior,38.84665580205333,7
65,51,40,7,35,1.41,warrior,38.84665580205333,6
67,51,41,7,32,1.41,warrior,39.64184434648167,1
66,51,40,8,33,1.41,warrior,39.16140863716652,1
68,54,42,0,34,1.41,warrior,40.819144129910015,1
66,51,40,8,33,1.41,warrior,39.16140863716652,1
68,54,42,0,34,1.41,warrior,40.819144129910015,2
67,51,41,7,32,1.41,warrior,39.64184434648167,2
66,51,40,8,33,1.41,warrior,39.16140863716652,5
66,51,40,8,33,1.41,warrior,39.16140863716652,4
66,51,40,8,33,1.41,warrior,39.16140863716652,3
66,51,40,8,33,1.41,warrior,39.16140863716652,3
66,51,40,8,33,1.41,warrior,39.16140863716652,2
66,51,40,8,33,1.41,warrior,39.16140863716652,2
66,50,40,9,33,1.41,warrior,38.90178136898533,4
65,51,40,9,33,1.41,warrior,38.88928462299,6
65,51,40,9,33,1.41,warrior,38.88928462299,3
65,51,40,8,34,1.41,warrior,38.87219727037913,10
65,51,40,8,34,1.41,warrior,38.87219727037913,7
65,51,40,8,34,1.41,warrior,38.87219727037913,6
65,51,40,8,34,1.41,warrior,38.87219727037913,5
65,51,40,8,34,1.41,warrior,38.87219727037913,5
62,47,38,6,45,1.41,warrior,36.30196841306115,1
69,54,41,1,33,1.41,warrior,40.94206893300525,1
63,60,37,7,31,1.41,warrior,39.86907837730979,1
66,51,40,8,33,1.41,warrior,39.16140863716652,1
69,54,41,1,33,1.41,warrior,40.94206893300525,2
68,54,42,0,34,1.41,warrior,40.819144129910015,3
63,60,37,7,31,1.41,warrior,39.86907837730979,2
67,51,41,7,32,1.41,warrior,39.64184434648167,3
66,51,40,8,33,1.41,warrior,39.16140863716652,6
66,51,40,8,33,1.41,warrior,39.16140863716652,5
66,51,40,8,33,1.41,warrior,39.16140863716652,4
66,51,40,8,33,1.41,warrior,39.16140863716652,4
66,51,40,8,33,1.41,warrior,39.16140863716652,3
66,51,40,8,33,1.41,warrior,39.16140863716652,3
66,51,40,8,33,1.41,warrior,39.16140863716652,2
66,50,40,9,33,1.41,warrior,38.90178136898533,5
65,51,40,9,33,1.41,warrior,38.88928462299,7
65,51,40,9,33,1.41,warrior,38.88928462299,4
65,51,40,8,34,1.41,warrior,38.87219727037913,11
65,51,40,8,34,1.41,warrior,38.87219727037913,8
70,53,40,0,35,1.41,warrior,40.645890588876554,1
68,54,43,0,33,1.41,warrior,41.05526763566215,1
63,60,37,7,31,1.41,warrior,39.86907837730979,1
68,51,41,7,31,1.41,warrior,39.92501242264822,1
68,54,43,0,33,1.41,warrior,41.05526763566215,2
69,54,41,1,33,1.41,warrior,40.94206893300525,3
68,54,42,0,34,1.41,warrior,40.819144129910015,4
70,53,40,0,35,1.41,warrior,40.645890588876554,2
68,51,41,7,31,1.41,warrior,39.92501242264822,2
63,60,37,7,31,1.41,warrior,39.86907837730979,3
63,60,37,7,31,1.41,warrior,39.86907837730979,2
67,51,41,7,32,1.41,warrior,39.64184434648167,4
66,51,40,8,33,1.41,warrior,39.16140863716652,7
66,51,40,8,33,1.41,warrior,39.16140863716652,6
66,51,40,8,33,1.41,warrior,39.16140863716652,5
66,51,40,8,33,1.41,warrior,39.16140863716652,5
66,51,40,8,33,1.41,warrior,39.16140863716652,4
66,51,40,8,33,1.41,warrior,39.16140863716652,4
66,51,40,8,33,1.41,warrior,39.16140863716652,3
66,50,40,9,33,1.41,warrior,38.90178136898533,6
64,51,51,1,31,1.41,warrior,40.55803653975163,1
69,53,43,0,33,1.41,warrior,41.073393870954646,1
69,53,40,0,36,1.41,warrior,40.335490636219234,1
70,53,42,0,33,1.41,warrior,41.14551211022397,1
70,53,42,0,33,1.41,warrior,41.14551211022397,2
69,53,43,0,33,1.41,warrior,41.073393870954646,2
68,54,43,0,33,1.41,warrior,41.05526763566215,3
69,54,41,1,33,1.41,warrior,40.94206893300525,4
68,54,42,0,34,1.41,warrior,40.819144129910015,5
70,53,40,0,35,1.41,warrior,40.645890588876554,3
64,51,51,1,31,1.41,warrior,40.55803653975163,2
69,53,40,0,36,1.41,warrior,40.335490636219234,2
68,51,41,7,31,1.41,warrior,39.92501242264822,3
63,60,37,7,31,1.41,warrior,39.86907837730979,4
63,60,37,7,31,1.41,warrior,39.86907837730979,3
67,51,41,7,32,1.41,warrior,39.64184434648167,5
66,51,40,8,33,1.41,warrior,39.16140863716652,8
66,51,40,8,33,1.41,warrior,39.16140863716652,7
66,51,40,8,33,1.41,warrior,39.16140863716652,6
66,51,40,8,33,1.41,warrior,39.16140863716652,6
70,53,42,0,33,1.41,warrior,41.14551211022397,1
69,53,43,0,33,1.41,warrior,41.073393870954646,1
68,54,43,0,33,1.41,warrior,41.05526763566215,1
69,54,41,1,33,1.41,warrior,40.94206893300525,1
70,53,42,0,33,1.41,warrior,41.14551211022397,3
70,53,42,0,33,1.41,warrior,41.14551211022397,2
69,53,43,0,33,1.41,warrior,41.073393870954646,3
69,53,43,0,33,1.41,warrior,41.073393870954646,2
68,54,43,0,33,1.41,warrior,41.05526763566215,4
68,54,43,0,33,1.41,warrior,41.05526763566215,2
69,54,41,1,33,1.41,warrior,40.94206893300525,5
69,54,41,1,33,1.41,warrior,40.94206893300525,2
68,54,42,0,34,1.41,warrior,40.819144129910015,6
70,53,40,0,35,1.41,warrior,40.645890588876554,4
64,51,51,1,31,1.41,warrior,40.55803653975163,3
69,53,40,0,36,1.41,warrior,40.335490636219234,3
68,51,41,7,31,1.41,warrior,39.92501242264822,4
63,60,37,7,31,1.41,warrior,39.86907837730979,5
63,60,37,7,31,1.41,warrior,39.86907837730979,4
67,51,41,7,32,1.41,warrior,39.64184434648167,6
68,51,45,2,32,1.41,warrior,40.68120777806054,1
70,53,42,0,33,1.41,warrior,41.14551211022397,1
69,53,43,0,33,1.41,warrior,41.073393870954646,1
69,53,43,0,33,1.41,warrior,41.073393870954646,1
70,53,42,0,33,1.41,warrior,41.14551211022397,4
70,53,42,0,33,1.41,warrior,41.14551211022397,3
70,53,42,0,33,1.41,warrior,41.14551211022397,2
69,53,43,0,33,1.41,warrior,41.073393870954646,4
69,53,43,0,33,1.41,warrior,41.073393870954646,3
69,53,43,0,33,1.41,warrior,41.073393870954646,2
69,53,43,0,33,1.41,warrior,41.073393870954646,2
68,54,43,0,33,1.41,warrior,41.05526763566215,5
68,54,43,0,33,1.41,warrior,41.05526763566215,3
69,54,41,1,33,1.41,warrior,40.94206893300525,6
69,54,41,1,33,1.41,warrior,40.94206893300525,3
68,54,42,0,34,1.41,warrior,40.819144129910015,7
68,51,45,2,32,1.41,warrior,40.68120777806054,2
70,53,40,0,35,1.41,warrior,40.645890588876554,5
64,51,51,1,31,1.41,warrior,40.55803653975163,4
69,53,40,0,36,1.41,warrior,40.335490636219234,4
70,53,42,0,33,1.41,warrior,41.14551211022397,1
70,53,42,0,33,1.41,warrior,41.14551211022397,1
70,53,42,0,33,1.5,warrior,40.939713692423666,1
69,53,42,0,34,1.41,warrior,40.8344468070394,1
70,53,42,0,33,1.41,warrior,41.14551211022397,5
70,53,42,0,33,1.41,warrior,41.14551211022397,4
70,53,42,0,33,1.41,warrior,41.14551211022397,3
70,53,42,0,33,1.41,warrior,41.14551211022397,2
70,53,42,0,33,1.41,warrior,41.14551211022397,2
69,53,43,0,33,1.41,warrior,41.073393870954646,5
69,53,43,0,33,1.41,warrior,41.073393870954646,4
69,53,43,0,33,1.41,warrior,41.073393870954646,3
69,53,43,0,33,1.41,warrior,41.073393870954646,3
68,54,43,0,33,1.41,warrior,41.05526763566215,6
68,54,43,0,33,1.41,warrior,41.05526763566215,4
69,54,41,1,33,1.41,warrior,40.94206893300525,7
69,54,41,1,33,1.41,warrior,40.94206893300525,4
70,53,42,0,33,1.5,warrior,40.939713692423666,2
69,53,42,0,34,1.41,warrior,40.8344468070394,2
68,54,42,0,34,1.41,warrior,40.819144129910015,8
70,53,42,0,33,1.51,warrior,40.69847965024465,1
67,51,41,0,39,1.41,warrior,39.337843531241205,1
70,53,42,0,33,1.41,warrior,41.14551211022397,1
67,53,40,7,31,1.41,warrior,39.98526567564566,1
70,53,42,0,33,1.41,warrior,41.14551211022397,6
70,53,42,0,33,1.41,warrior,41.14551211022397,5
70,53,42,0,33,1.41,warrior,41.14551211022397,4
70,53,42,0,33,1.41,warrior,41.14551211022397,3
70,53,42,0,33,1.41,warrior,41.14551211022397,3
70,53,42,0,33,1.41,warrior,41.14551211022397,2
69,53,43,0,33,1.41,warrior,41.073393870954646,6
69,53,43,0,33,1.41,warrior,41.073393870954646,5
69,53,43,0,33,1.41,warrior,41.073393870954646,4
69,53,43,0,33,1.41,warrior,41.073393870954646,4
68,54,43,0,33,1.41,warrior,41.05526763566215,7
68,54,43,0,33,1.41,warrior,41.05526763566215,5
69,54,41,1,33,1.41,warrior,40.94206893300525,8
69,54,41,1,33,1.41,warrior,40.94206893300525,5
70,53,42,0,33,1.5,warrior,40.939713692423666,3
69,53,42,0,34,1.41,warrior,40.8344468070394,3
70,52,44,0,32,1.41,warrior,41.308964317185115,1
70,53,42,0,33,1.41,warrior,41.14551211022397,1
70,53,42,0,33,1.41,warrior,41.14551211022397,1
70,53,42,0,33,1.41,warrior,41.14551211022397,1
70,52,44,0,32,1.41,warrior,41.308964317185115,2
70,53,42,0,33,1.41,warrior,41.14551211022397,7
70,53,42,0,33,1.41,warrior,41.14551211022397,6
70,53,42,0,33,1.41,warrior,41.14551211022397,5
70,53,42,0,33,1.41,warrior,41.14551211022397,4
70,53,42,0,33,1.41,warrior,41.14551211022397,4
70,53,42,0,33,1.41,warrior,41.14551211022397,3
70,53,42,0,33,1.41,warrior,41.14551211022397,2
70,53,42,0,33,1.41,warrior,41.14551211022397,2
70,53,42,0,33,1.41,warrior,41.14551211022397,2
69,53,43,0,33,1.41,warrior,41.073393870954646,7
69,53,43,0,33,1.41,warrior,41.073393870954646,6
69,53,43,0,33,1.41,warrior,41.073393870954646,5
69,53,43,0,33,1.41,warrior,41.073393870954646,5
68,54,43,0,33,1.41,warrior,41.05526763566215,8
68,54,43,0,33,1.41,warrior,41.05526763566215,6
69,51,44,1,33,1.41,warrior,40.73278953195171,1
71,53,42,0,32,1.41,warrior,41.45118557359425,1
70,53,42,0,33,1.41,warrior,41.14551211022397,1
70,53,42,0,33,1.41,warrior,41.14551211022397,1
71,53,42,0,32,1.41,warrior,41.45118557359425,2
70,52,44,0,32,1.41,warrior,41.308964317185115,3
70,53,42,0,33,1.41,warrior,41.14551211022397,8
70,53,42,0,33,1.41,warrior,41.14551211022397,7
70,53,42,0,33,1.41,warrior,41.14551211022397,6
70,53,42,0,33,1.41,warrior,41.14551211022397,5
70,53,42,0,33,1.41,warrior,41.14551211022397,5
70,53,42,0,33,1.41,warrior,41.14551211022397,4
70,53,42,0,33,1.41,warrior,41.14551211022397,3
70,53,42,0,33,1.41,warrior,41.14551211022397,3
70,53,42,0,33,1.41,warrior,41.14551211022397,3
70,53,42,0,33,1.41,warrior,41.14551211022397,2
70,53,42,0,33,1.41,warrior,41.14551211022397,2
69,53,43,0,33,1.41,warrior,41.073393870954646,8
69,53,43,0,33,1.41,warrior,41.073393870954646,7
69,53,43,0,33,1.41,warrior,41.073393870954646,6
71,53,42,0,32,1.41,warrior,41.45118557359425,1
70,52,44,0,32,1.41,warrior,41.308964317185115,1
70,53,40,1,34,1.41,warrior,40.69841023743572,1
72,48,43,0,35,1.41,warrior,40.35782280064824,1
71,53,42,0,32,1.41,warrior,41.45118557359425,3
71,53,42,0,32,1.41,warrior,41.45118557359425,2
70,52,44,0,32,1.41,warrior,41.308964317185115,4
70,52,44,0,32,1.41,warrior,41.308964317185115,2
70,53,42,0,33,1.41,warrior,41.14551211022397,9
70,53,42,0,33,1.41,warrior,41.14551211022397,8
70,53,42,0,33,1.41,warrior,41.14551211022397,7
70,53,42,0,33,1.41,warrior,41.14551211022397,6
70,53,42,0,33,1.41,warrior,41.14551211022397,6
70,53,42,0,33,1.41,warrior,41.14551211022397,5
70,53,42,0,33,1.41,warrior,41.14551211022397,4
70,53,42,0,33,1.41,warrior,41.14551211022397,4
70,53,42,0,33,1.41,warrior,41.14551211022397,4
70,53,42,0,33,1.41,warrior,41.14551211022397,3
70,53,42,0,33,1.41,warrior,41.14551211022397,3
69,53,43,0,33,1.41,warrior,41.073393870954646,9
71,53,42,0,32,1.41,warrior,41.45118557359425,1
67,55,43,1,32,1.41,warrior,41.05790730497934,1
70,52,44,0,32,1.41,warrior,41.308964317185115,1
70,52,44,0,32,1.41,warrior,41.308964317185115,1
71,53,42,0,32,1.41,warrior,41.45118557359425,4
71,53,42,0,32,1.41,warrior,41.45118557359425,3
71,53,42,0,32,1.41,warrior,41.45118557359425,2
70,52,44,0,32,1.41,warrior,41.308964317185115,5
70,52,44,0,32,1.41,warrior,41.308964317185115,3
70,52,44,0,32,1.41,warrior,41.308964317185115,2
70,52,44,0,32,1.41,warrior,41.308964317185115,2
70,53,42,0,33,1.41,warrior,41.14551211022397,10
70,53,42,0,33,1.41,warrior,41.14551211022397,9
70,53,42,0,33,1.41,warrior,41.14551211022397,8
70,53,42,0,33,1.41,warrior,41.14551211022397,7
70,53,42,0,33,1.41,warrior,41.14551211022397,7
70,53,42,0,33,1.41,warrior,41.14551211022397,6
70,53,42,0,33,1.41,warrior,41.14551211022397,5
70,53,42,0,33,1.41,warrior,41.14551211022397,5
70,53,42,0,33,1.41,warrior,41.14551211022397,5
71,53,42,0,32,1.41,warrior,41.45118557359425,1
71,53,42,0,32,1.41,warrior,41.45118557359425,1
70,52,44,1,31,1.41,warrior,41.34071068358499,1
70,52,42,2,32,1.41,warrior,40.91302800586977,1
71,53,42,0,32,1.41,warrior,41.45118557359425,5
71,53,42,0,32,1.41,warrior,41.45118557359425,4
71,53,42,0,32,1.41,warrior,41.45118557359425,3
71,53,42,0,32,1.41,warrior,41.45118557359425,2
71,53,42,0,32,1.41,warrior,41.45118557359425,2
70,52,44,1,31,1.41,warrior,41.34071068358499,2
70,52,44,0,32,1.41,warrior,41.308964317185115,6
70,52,44,0,32,1.41,warrior,41.308964317185115,4
70,52,44,0,32,1.41,warrior,41.308964317185115,3
70,52,44,0,32,1.41,warrior,41.308964317185115,3
70,53,42,0,33,1.41,warrior,41.14551211022397,11
70,53,42,0,33,1.41,warrior,41.14551211022397,10
70,53,42,0,33,1.41,warrior,41.14551211022397,9
70,53,42,0,33,1.41,warrior,41.14551211022397,8
70,53,42,0,33,1.41,warrior,41.14551211022397,8
70,53,42,0,33,1.41,warrior,41.14551211022397,7
71,53,42,0,32,1.41,warrior,41.45118557359425,1
71,53,42,0,32,1.41,warrior,41.45118557359425,1
71,53,42,1,31,1.41,warrior,41.48676529520009,1
71,53,42,0,32,1.41,warrior,41.45118557359425,1
71,53,42,1,31,1.41,warrior,41.48676529520009,2
71,53,42,0,32,1.41,warrior,41.45118557359425,6
71,53,42,0,32,1.41,warrior,41.45118557359425,5
71,53,42,0,32,1.41,warrior,41.45118557359425,4
71,53,42,0,32,1.41,warrior,41.45118557359425,3
71,53,42,0,32,1.41,warrior,41.45118557359425,3
71,53,42,0,32,1.41,warrior,41.45118557359425,2
71,53,42,0,32,1.41,warrior,41.45118557359425,2
71,53,42,0,32,1.41,warrior,41.45118557359425,2
70,52,44,1,31,1.41,warrior,41.34071068358499,3
70,52,44,0,32,1.41,warrior,41.308964317185115,7
70,52,44,0,32,1.41,warrior,41.308964317185115,5
70,52,44,0,32,1.41,warrior,41.308964317185115,4
70,52,44,0,32,1.41,warrior,41.308964317185115,4
70,53,42,0,33,1.41,warrior,41.14551211022397,12
70,53,42,0,33,1.41,warrior,41.14551211022397,11
71,53,42,0,32,1.41,warrior,41.45118557359425,1
71,53,42,1,31,1.41,warrior,41.48676529520009,1
71,53,42,0,32,1.41,warrior,41.45118557359425,1
71,53,42,0,32,1.41,warrior,41.45118557359425,1
71,53,42,1,31,1.41,warrior,41.48676529520009,3
71,53,42,1,31,1.41,warrior,41.48676529520009,2
71,53,42,0,32,1.41,warrior,41.45118557359425,7
71,53,42,0,32,1.41,warrior,41.45118557359425,6
71,53,42,0,32,1.41,warrior,41.45118557359425,5
71,53,42,0,32,1.41,warrior,41.45118557359425,4
71,53,42,0,32,1.41,warrior,41.45118557359425,4
71,53,42,0,32,1.41,warrior,41.45118557359425,3
71,53,42,0,32,1.41,warrior,41.45118557359425,3
71,53,42,0,32,1.41,warrior,41.45118557359425,3
71,53,42,0,32,1.41,warrior,41.45118557359425,2
71,53,42,0,32,1.41,warrior,41.45118557359425,2
71,53,42,0,32,1.41,warrior,41.45118557359425,2
70,52,44,1,31,1.41,warrior,41.34071068358499,4
70,52,44,0,32,1.41,warrior,41.308964317185115,8
70,52,44,0,32,1.41,warrior,41.308964317185115,6
71,53,42,1,31,1.41,warrior,41.48676529520009,1
71,53,42,1,31,1.41,warrior,41.48676529520009,1
71,53,42,0,32,1.41,warrior,41.45118557359425,1
71,53,42,0,32,1.41,warrior,41.45118557359425,1
71,53,42,1,31,1.41,warrior,41.48676529520009,4
71,53,42,1,31,1.41,warrior,41.48676529520009,3
71,53,42,1,31,1.41,warrior,41.48676529520009,2
71,53,42,1,31,1.41,warrior,41.48676529520009,2
71,53,42,0,32,1.41,warrior,41.45118557359425,8
71,53,42,0,32,1.41,warrior,41.45118557359425,7
71,53,42,0,32,1.41,warrior,41.45118557359425,6
71,53,42,0,32,1.41,warrior,41.45118557359425,5
71,53,42,0,32,1.41,warrior,41.45118557359425,5
71,53,42,0,32,1.41,warrior,41.45118557359425,4
71,53,42,0,32,1.41,warrior,41.45118557359425,4
71,53,42,0,32,1.41,warrior,41.45118557359425,4
71,53,42,0,32,1.41,warrior,41.45118557359425,3
71,53,42,0,32,1.41,warrior,41.45118557359425,3
71,53,42,0,32,1.41,warrior,41.45118557359425,3
71,53,42,0,32,1.41,warrior,41.45118557359425,2
71,53,42,1,31,1.41,warrior,41.48676529520009,1
71,53,42,1,31,1.41,warrior,41.48676529520009,1
71,53,42,1,31,1.41,warrior,41.48676529520009,1
71,53,42,1,31,1.41,warrior,41.48676529520009,1
71,53,42,1,31,1.41,warrior,41.48676529520009,5
71,53,42,1,31,1.41,warrior,41.48676529520009,4
71,53,42,1,31,1.41,warrior,41.48676529520009,3
71,53,42,1,31,1.41,warrior,41.48676529520009,3
71,53,42,1,31,1.41,warrior,41.48676529520009,2
71,53,42,1,31,1.41,warrior,41.48676529520009,2
71,53,42,1,31,1.41,warrior,41.48676529520009,2
71,53,42,1,31,1.41,warrior,41.48676529520009,2
71,53,42,0,32,1.41,warrior,41.45118557359425,9
71,53,42,0,32,1.41,warrior,41.45118557359425,8
71,53,42,0,32,1.41,warrior,41.45118557359425,7
71,53,42,0,32,1.41,warrior,41.45118557359425,6
71,53,42,0,32,1.41,warrior,41.45118557359425,6
71,53,42,0,32,1.41,warrior,41.45118557359425,5
71,53,42,0,32,1.41,warrior,41.45118557359425,5
71,53,42,0,32,1.41,warrior,41.45118557359425,5
70,52,43,3,30,1.41,warrior,41.16363375118871,1
71,53,42,1,31,1.41,warrior,41.48676529520009,1
71,53,42,1,31,1.41,warrior,41.48676529520009,1
71,53,42,1,31,1.41,warrior,41.48676529520009,1
71,53,42,1,31,1.41,warrior,41.48676529520009,6
71,53,42,1,31,1.41,warrior,41.48676529520009,5
71,53,42,1,31,1.41,warrior,41.48676529520009,4
71,53,42,1,31,1.41,warrior,41.48676529520009,4
71,53,42,1,31,1.41,warrior,41.48676529520009,3
71,53,42,1,31,1.41,warrior,41.48676529520009,3
71,53,42,1,31,1.41,warrior,41.48676529520009,3
71,53,42,1,31,1.41,warrior,41.48676529520009,3
71,53,42,1,31,1.41,warrior,41.48676529520009,2
71,53,42,1,31,1.41,warrior,41.48676529520009,2
71,53,42,1,31,1.41,warrior,41.48676529520009,2
71,53,42,0,32,1.41,warrior,41.45118557359425,10
71,53,42,0,32,1.41,warrior,41.45118557359425,9
71,53,42,0,32,1.41,warrior,41.45118557359425,8
71,53,42,0,32,1.41,warrior,41.45118557359425,7
71,53,42,0,32,1.41,warrior,41.45118557359425,7
76,44,44,1,33,1.41,warrior,40.28627323244493,1
80,59,21,2,36,1.41,warrior,39.78977040419515,1
71,53,42,1,31,1.41,warrior,41.48676529520009,1
71,53,42,1,31,1.41,warrior,41.48676529520009,1
71,53,42,1,31,1.41,warrior,41.48676529520009,7
71,53,42,1,31,1.41,warrior,41.48676529520009,6
71,53,42,1,31,1.41,warrior,41.48676529520009,5
71,53,42,1,31,1.41,warrior,41.48676529520009,5
71,53,42,1,31,1.41,warrior,41.48676529520009,4
71,53,42,1,31,1.41,warrior,41.48676529520009,4
71,53,42,1,31,1.41,warrior,41.48676529520009,4
71,53,42,1,31,1.41,warrior,41.48676529520009,4
71,53,42,1,31,1.41,warrior,41.48676529520009,3
71,53,42,1,31,1.41,warrior,41.48676529520009,3
71,53,42,1,31,1.41,warrior,41.48676529520009,3
71,53,42,1,31,1.41,warrior,41.48676529520009,2
71,53,42,1,31,1.41,warrior,41.48676529520009,2
71,53,42,0,32,1.41,warrior,41.45118557359425,11
71,53,42,0,32,1.41,warrior,41.45118557359425,10
71,53,42,0,32,1.41,warrior,41.45118557359425,9
71,53,42,1,31,1.41,warrior,41.48676529520009,1
71,53,42,1,31,1.41,warrior,41.48676529520009,1
71,53,42,1,31,1.41,warrior,41.48676529520009,1
71,53,42,1,31,1.41,warrior,41.48676529520009,1
71,53,42,1,31,1.41,warrior,41.48676529520009,8
71,53,42,1,31,1.41,warrior,41.48676529520009,7
71,53,42,1,31,1.41,warrior,41.48676529520009,6
71,53,42,1,31,1.41,warrior,41.48676529520009,6
71,53,42,1,31,1.41,warrior,41.48676529520009,5
71,53,42,1,31,1.41,warrior,41.48676529520009,5
71,53,42,1,31,1.41,warrior,41.48676529520009,5
71,53,42,1,31,1.41,warrior,41.48676529520009,5
71,53,42,1,31,1.41,warrior,41.48676529520009,4
71,53,42,1,31,1.41,warrior,41.48676529520009,4
71,53,42,1,31,1.41,warrior,41.48676529520009,4
71,53,42,1,31,1.41,warrior,41.48676529520009,3
71,53,42,1,31,1.41,warrior,41.48676529520009,3
71,53,42,1,31,1.41,warrior,41.48676529520009,2
71,53,42,1,31,1.41,warrior,41.48676529520009,2
71,53,42,1,31,1.41,warrior,41.48676529520009,2
71,53,42,1,31,1.41,warrior,41.48676529520009,1
71,53,42,1,31,1.41,warrior,41.48676529520009,1
70,53,43,1,31,1.41,warrior,41.418417361471406,1
71,53,42,1,31,1.41,warrior,41.48676529520009,1
71,53,42,1,31,1.41,warrior,41.48676529520009,9
71,53,42,1,31,1.41,warrior,41.48676529520009,8
71,53,42,1,31,1.41,warrior,41.48676529520009,7
71,53,42,1,31,1.41,warrior,41.48676529520009,7
71,53,42,1,31,1.41,warrior,41.48676529520009,6
71,53,42,1,31,1.41,warrior,41.48676529520009,6
71,53,42,1,31,1.41,warrior,41.48676529520009,6
71,53,42,1,31,1.41,warrior,41.48676529520009,6
71,53,42,1,31,1.41,warrior,41.48676529520009,5
71,53,42,1,31,1.41,warrior,41.48676529520009,5
71,53,42,1,31,1.41,warrior,41.48676529520009,5
71,53,42,1,31,1.41,warrior,41.48676529520009,4
71,53,42,1,31,1.41,warrior,41.48676529520009,4
71,53,42,1,31,1.41,warrior,41.48676529520009,3
71,53,42,1,31,1.41,warrior,41.48676529520009,3
71,53,42,1,31,1.41,warrior,41.48676529520009,3
71,53,42,1,31,1.41,warrior,41.48676529520009,1
78,38,46,2,34,1.41,warrior,38.99929310248495,1
71,53,42,1,31,1.41,warrior,41.48676529520009,1
71,53,42,1,31,1.41,warrior,41.48676529520009,1
71,53,42,1,31,1.41,warrior,41.48676529520009,10
71,53,42,1,31,1.41,warrior,41.48676529520009,9
71,53,42,1,31,1.41,warrior,41.48676529520009,8
71,53,42,1,31,1.41,warrior,41.48676529520009,8
71,53,42,1,31,1.41,warrior,41.48676529520009,7
71,53,42,1,31,1.41,warrior,41.48676529520009,7
71,53,42,1,31,1.41,warrior,41.48676529520009,7
71,53,42,1,31,1.41,warrior,41.48676529520009,7
71,53,42,1,31,1.41,warrior,41.48676529520009,6
71,53,42,1,31,1.41,warrior,41.48676529520009,6
71,53,42,1,31,1.41,warrior,41.48676529520009,6
71,53,42,1,31,1.41,warrior,41.48676529520009,5
71,53,42,1,31,1.41,warrior,41.48676529520009,5
71,53,42,1,31,1.41,warrior,41.48676529520009,4
71,53,42,1,31,1.41,warrior,41.48676529520009,4
71,53,42,1,31,1.41,warrior,41.48676529520009,4
71,53,42,1,31,1.41,warrior,41.48676529520009,1
71,53,42,1,31,1.41,warrior,41.48676529520009,1
71,53,42,1,31,1.41,warrior,41.48676529520009,1
71,53,42,1,31,1.41,warrior,41.48676529520009,1
71,53,42,1,31,1.41,warrior,41.48676529520009,11
71,53,42,1,31,1.41,warrior,41.48676529520009,10
71,53,42,1,31,1.41,warrior,41.48676529520009,9
71,53,42,1,31,1.41,warrior,41.48676529520009,9
71,53,42,1,31,1.41,warrior,41.48676529520009,8
71,53,42,1,31,1.41,warrior,41.48676529520009,8
71,53,42,1,31,1.41,warrior,41.48676529520009,8
71,53,42,1,31,1.41,warrior,41.48676529520009,8
71,53,42,1,31,1.41,warrior,41.48676529520009,7
71,53,42,1,31,1.41,warrior,41.48676529520009,7
71,53,42,1,31,1.41,warrior,41.48676529520009,7
71,53,42,1,31,1.41,warrior,41.48676529520009,6
71,53,42,1,31,1.41,warrior,41.48676529520009,6
71,53,42,1,31,1.41,warrior,41.48676529520009,5
71,53,42,1,31,1.41,warrior,41.48676529520009,5
71,53,42,1,31,1.41,warrior,41.48676529520009,5
71,53,42,1,31,1.41,warrior,41.48676529520009,1
71,53,42,1,31,1.41,warrior,41.48676529520009,1
71,53,42,1,31,1.41,warrior,41.48676529520009,1
71,53,42,1,31,1.41,warrior,41.48676529520009,1
71,53,42,1,31,1.41,warrior,41.48676529520009,12
71,53,42,1,31,1.41,warrior,41.48676529520009,11
71,53,42,1,31,1.41,warrior,41.48676529520009,10
71,53,42,1,31,1.41,warrior,41.48676529520009,10
71,53,42,1,31,1.41,warrior,41.48676529520009,9
71,53,42,1,31,1.41,warrior,41.48676529520009,9
71,53,42,1,31,1.41,warrior,41.48676529520009,9
71,53,42,1,31,1.41,warrior,41.48676529520009,9
71,53,42,1,31,1.41,warrior,41.48676529520009,8
71,53,42,1,31,1.41,warrior,41.48676529520009,8
71,53,42,1,31,1.41,warrior,41.48676529520009,8
71,53,42,1,31,1.41,warrior,41.48676529520009,7
71,53,42,1,31,1.41,warrior,41.48676529520009,7
71,53,42,1,31,1.41,warrior,41.48676529520009,6
71,53,42,1,31,1.41,warrior,41.48676529520009,6
71,53,42,1,31,1.41,warrior,41.48676529520009,6
71,53,42,1,31,1.41,warrior,41.48676529520009,1
71,53,42,1,31,1.41,warrior,41.48676529520009,1
71,53,42,1,31,1.41,warrior,41.48676529520009,1
71,53,42,1,31,1.41,warrior,41.48676529520009,1
71,53,42,1,31,1.41,warrior,41.48676529520009,13
71,53,42,1,31,1.41,warrior,41.48676529520009,12
71,53,42,1,31,1.41,warrior,41.48676529520009,11
71,53,42,1,31,1.41,warrior,41.48676529520009,11
71,53,42,1,31,1.41,warrior,41.48676529520009,10
71,53,42,1,31,1.41,warrior,41.48676529520009,10
71,53,42,1,31,1.41,warrior,41.48676529520009,10
71,53,42,1,31,1.41,warrior,41.48676529520009,10
71,53,42,1,31,1.41,warrior,41.48676529520009,9
71,53,42,1,31,1.41,warrior,41.48676529520009,9
71,53,42,1,31,1.41,warrior,41.48676529520009,9
71,53,42,1,31,1.41,warrior,41.48676529520009,8
71,53,42,1,31,1.41,warrior,41.48676529520009,8
71,53,42,1,31,1.41,warrior,41.48676529520009,7
71,53,42,1,31,1.41,warrior,41.48676529520009,7
71,53,42,1,31,1.41,warrior,41.48676529520009,7
71,53,42,1,31,1.41,warrior,41.48676529520009,1
71,53,42,1,31,1.41,warrior,41.48676529520009,1
71,53,42,1,31,1.41,warrior,41.48676529520009,1
71,53,42,1,31,1.41,warrior,41.48676529520009,1
71,53,42,1,31,1.41,warrior,41.48676529520009,14
71,53,42,1,31,1.41,warrior,41.48676529520009,13
71,53,42,1,31,1.41,warrior,41.48676529520009,12
71,53,42,1,31,1.41,warrior,41.48676529520009,12
71,53,42,1,31,1.41,warrior,41.48676529520009,11
71,53,42,1,31,1.41,warrior,41.48676529520009,11
71,53,42,1,31,1.41,warrior,41.48676529520009,11
71,53,42,1,31,1.41,warrior,41.48676529520009,11
71,53,42,1,31,1.41,warrior,41.48676529520009,10
71,53,42,1,31,1.41,warrior,41.48676529520009,10
71,53,42,1,31,1.41,warrior,41.48676529520009,10
71,53,42,1,31,1.41,warrior,41.48676529520009,9
71,53,42,1,31,1.41,warrior,41.48676529520009,9
71,53,42,1,31,1.41,warrior,41.48676529520009,8
71,53,42,1,31,1.41,warrior,41.48676529520009,8
71,53,42,1,31,1.41,warrior,41.48676529520009,8
71,53,42,1,31,1.41,warrior,41.48676529520009,1
71,53,42,1,31,1.41,warrior,41.48676529520009,1
71,53,42,1,31,1.41,warrior,41.48676529520009,1
70,53,42,2,31,1.41,warrior,41.21720800205449,1
71,53,42,1,31,1.41,warrior,41.48676529520009,15
71,53,42,1,31,1.41,warrior,41.48676529520009,14
71,53,42,1,31,1.41,warrior,41.48676529520009,13
71,53,42,1,31,1.41,warrior,41.48676529520009,13
71,53,42,1,31,1.41,warrior,41.48676529520009,12
71,53,42,1,31,1.41,warrior,41.48676529520009,12
71,53,42,1,31,1.41,warrior,41.48676529520009,12
71,53,42,1,31,1.41,warrior,41.48676529520009,12
71,53,42,1,31,1.41,warrior,41.48676529520009,11
71,53,42,1,31,1.41,warrior,41.48676529520009,11
71,53,42,1,31,1.41,warrior,41.48676529520009,11
71,53,42,1,31,1.41,warrior,41.48676529520009,10
71,53,42,1,31,1.41,warrior,41.48676529520009,10
71,53,42,1,31,1.41,warrior,41.48676529520009,9
71,53,42,1,31,1.41,warrior,41.48676529520009,9
71,53,42,1,31,1.41,warrior,41.48676529520009,9
71,53,42,1,31,1.41,warrior,41.48676529520009,1
71,53,42,1,31,1.41,warrior,41.48676529520009,1
71,53,42,1,31,1.41,warrior,41.48676529520009,1
71,53,42,1,31,1.41,warrior,41.48676529520009,1
71,53,42,1,31,1.41,warrior,41.48676529520009,16
71,53,42,1,31,1.41,warrior,41.48676529520009,15
71,53,42,1,31,1.41,warrior,41.48676529520009,14
71,53,42,1,31,1.41,warrior,41.48676529520009,14
71,53,42,1,31,1.41,warrior,41.48676529520009,13
71,53,42,1,31,1.41,warrior,41.48676529520009,13
71,53,42,1,31,1.41,warrior,41.48676529520009,13
71,53,42,1,31,1.41,warrior,41.48676529520009,13
71,53,42,1,31,1.41,warrior,41.48676529520009,12
71,53,42,1,31,1.41,warrior,41.48676529520009,12
71,53,42,1,31,1.41,warrior,41.48676529520009,12
71,53,42,1,31,1.41,warrior,41.48676529520009,11
71,53,42,1,31,1.41,warrior,41.48676529520009,11
71,53,42,1,31,1.41,warrior,41.48676529520009,10
71,53,42,1,31,1.41,warrior,41.48676529520009,10
71,53,42,1,31,1.41,warrior,41.48676529520009,10
71,53,42,1,31,1.41,warrior,41.48676529520009,1
71,53,42,1,31,1.41,warrior,41.48676529520009,1
71,53,42,1,31,1.41,warrior,41.48676529520009,1
71,53,42,1,31,1.41,warrior,41.48676529520009,1
71,53,42,1,31,1.41,warrior,41.48676529520009,17
71,53,42,1,31,1.41,warrior,41.48676529520009,16
71,53,42,1,31,1.41,warrior,41.48676529520009,15
71,53,42,1,31,1.41,warrior,41.48676529520009,15
71,53,42,1,31,1.41,warrior,41.48676529520009,14
71,53,42,1,31,1.41,warrior,41.48676529520009,14
71,53,42,1,31,1.41,warrior,41.48676529520009,14
71,53,42,1,31,1.41,warrior,41.48676529520009,14
71,53,42,1,31,1.41,warrior,41.48676529520009,13
71,53,42,1,31,1.41,warrior,41.48676529520009,13
71,53,42,1,31,1.41,warrior,41.48676529520009,13
71,53,42,1,31,1.41,warrior,41.48676529520009,12
71,53,42,1,31,1.41,warrior,41.48676529520009,12
71,53,42,1,31,1.41,warrior,41.48676529520009,11
71,53,42,1,31,1.41,warrior,41.48676529520009,11
71,53,42,1,31,1.41,warrior,41.48676529520009,11
71,53,42,1,31,1.41,warrior,41.48676529520009,1
71,53,42,0,32,1.41,warrior,41.45118557359425,1
71,53,42,1,31,1.41,warrior,41.48676529520009,1
71,53,42,1,31,1.41,warrior,41.48676529520009,1
71,53,42,1,31,1.41,warrior,41.48676529520009,18
71,53,42,1,31,1.41,warrior,41.48676529520009,17
71,53,42,1,31,1.41,warrior,41.48676529520009,16
71,53,42,1,31,1.41,warrior,41.48676529520009,16
71,53,42,1,31,1.41,warrior,41.48676529520009,15
71,53,42,1,31,1.41,warrior,41.48676529520009,15
71,53,42,1,31,1.41,warrior,41.48676529520009,15
71,53,42,1,31,1.41,warrior,41.48676529520009,15
71,53,42,1,31,1.41,warrior,41.48676529520009,14
71,53,42,1,31,1.41,warrior,41.48676529520009,14
71,53,42,1,31,1.41,warrior,41.48676529520009,14
71,53,42,1,31,1.41,warrior,41.48676529520009,13
71,53,42,1,31,1.41,warrior,41.48676529520009,13
71,53,42,1,31,1.41,warrior,41.48676529520009,12
71,53,42,1,31,1.41,warrior,41.48676529520009,12
71,53,42,1,31,1.41,warrior,41.48676529520009,12
71,53,42,1,31,1.41,warrior,41.48676529520009,1
69,57,40,1,31,1.41,warrior,41.587591004843,1
71,53,42,1,31,1.41,warrior,41.48676529520009,1
71,53,42,1,31,1.41,warrior,41.48676529520009,1
69,57,40,1,31,1.41,warrior,41.587591004843,2
71,53,42,1,31,1.41,warrior,41.48676529520009,19
71,53,42,1,31,1.41,warrior,41.48676529520009,18
71,53,42,1,31,1.41,warrior,41.48676529520009,17
71,53,42,1,31,1.41,warrior,41.48676529520009,17
71,53,42,1,31,1.41,warrior,41.48676529520009,16
71,53,42,1,31,1.41,warrior,41.48676529520009,16
71,53,42,1,31,1.41,warrior,41.48676529520009,16
71,53,42,1,31,1.41,warrior,41.48676529520009,16
71,53,42,1,31,1.41,warrior,41.48676529520009,15
71,53,42,1,31,1.41,warrior,41.48676529520009,15
71,53,42,1,31,1.41,warrior,41.48676529520009,15
71,53,42,1,31,1.41,warrior,41.48676529520009,14
71,53,42,1,31,1.41,warrior,41.48676529520009,14
71,53,42,1,31,1.41,warrior,41.48676529520009,13
71,53,42,1,31,1.41,warrior,41.48676529520009,13
69,57,40,1,31,1.41,warrior,41.587591004843,1
71,53,42,1,31,1.41,warrior,41.48676529520009,1
71,53,42,1,31,1.41,warrior,41.48676529520009,1
71,53,42,1,31,1.41,warrior,41.48676529520009,1
69,57,40,1,31,1.41,warrior,41.587591004843,3
69,57,40,1,31,1.41,warrior,41.587591004843,2
71,53,42,1,31,1.41,warrior,41.48676529520009,20
71,53,42,1,31,1.41,warrior,41.48676529520009,19
71,53,42,1,31,1.41,warrior,41.48676529520009,18
71,53,42,1,31,1.41,warrior,41.48676529520009,18
71,53,42,1,31,1.41,warrior,41.48676529520009,17
71,53,42,1,31,1.41,warrior,41.48676529520009,17
71,53,42,1,31,1.41,warrior,41.48676529520009,17
71,53,42,1,31,1.41,warrior,41.48676529520009,17
71,53,42,1,31,1.41,warrior,41.48676529520009,16
71,53,42,1,31,1.41,warrior,41.48676529520009,16
71,53,42,1,31,1.41,warrior,41.48676529520009,16
71,53,42,1,31,1.41,warrior,41.48676529520009,15
71,53,42,1,31,1.41,warrior,41.48676529520009,15
71,53,42,1,31,1.41,warrior,41.48676529520009,14
69,57,40,1,31,1.41,warrior,41.587591004843,1
69,57,40,1,31,1.41,warrior,41.587591004843,1
71,53,42,1,31,1.41,warrior,41.48676529520009,1
71,53,42,1,31,1.41,warrior,41.48676529520009,1
69,57,40,1,31,1.41,warrior,41.587591004843,4
69,57,40,1,31,1.41,warrior,41.587591004843,3
69,57,40,1,31,1.41,warrior,41.587591004843,2
69,57,40,1,31,1.41,warrior,41.587591004843,2
71,53,42,1,31,1.41,warrior,41.48676529520009,21
71,53,42,1,31,1.41,warrior,41.48676529520009,20
71,53,42,1,31,1.41,warrior,41.48676529520009,19
71,53,42,1,31,1.41,warrior,41.48676529520009,19
71,53,42,1,31,1.41,warrior,41.48676529520009,18
71,53,42,1,31,1.41,warrior,41.48676529520009,18
71,53,42,1,31,1.41,warrior,41.48676529520009,18
71,53,42,1,31,1.41,warrior,41.48676529520009,18
71,53,42,1,31,1.41,warrior,41.48676529520009,17
71,53,42,1,31,1.41,warrior,41.48676529520009,17
71,53,42,1,31,1.41,warrior,41.48676529520009,17
71,53,42,1,31,1.41,warrior,41.48676529520009,16
69,57,40,1,31,1.41,warrior,41.587591004843,1
69,57,40,1,31,1.41,warrior,41.587591004843,1
69,57,40,1,31,1.41,warrior,41.587591004843,1
65,54,39,10,30,1.41,warrior,39.47086526572868,1
69,57,40,1,31,1.41,warrior,41.587591004843,5
69,57,40,1,31,1.41,warrior,41.587591004843,4
69,57,40,1,31,1.41,warrior,41.587591004843,3
69,57,40,1,31,1.41,warrior,41.587591004843,3
69,57,40,1,31,1.41,warrior,41.587591004843,2
69,57,40,1,31,1.41,warrior,41.587591004843,2
69,57,40,1,31,1.41,warrior,41.587591004843,2
71,53,42,1,31,1.41,warrior,41.48676529520009,22
71,53,42,1,31,1.41,warrior,41.48676529520009,21
71,53,42,1,31,1.41,warrior,41.48676529520009,20
71,53,42,1,31,1.41,warrior,41.48676529520009,20
71,53,42,1,31,1.41,warrior,41.48676529520009,19
71,53,42,1,31,1.41,warrior,41.48676529520009,19
71,53,42,1,31,1.41,warrior,41.48676529520009,19
71,53,42,1,31,1.41,warrior,41.48676529520009,19
71,53,42,1,31,1.41,warrior,41.48676529520009,18
69,57,40,1,31,1.41,warrior,41.587591004843,1
69,57,40,1,31,1.45,warrior,42.12627316460456,1
69,57,40,1,31,1.41,warrior,41.587591004843,1
68,55,40,5,30,1.41,warrior,40.80804306523831,1
69,57,40,1,31,1.45,warrior,42.12627316460456,2
69,57,40,1,31,1.41,warrior,41.587591004843,6
69,57,40,1,31,1.41,warrior,41.587591004843,5
69,57,40,1,31,1.41,warrior,41.587591004843,4
69,57,40,1,31,1.41,warrior,41.587591004843,4
69,57,40,1,31,1.41,warrior,41.587591004843,3
69,57,40,1,31,1.41,warrior,41.587591004843,3
69,57,40,1,31,1.41,warrior,41.587591004843,3
69,57,40,1,31,1.41,warrior,41.587591004843,2
69,57,40,1,31,1.41,warrior,41.587591004843,2
71,53,42,1,31,1.41,warrior,41.48676529520009,23
71,53,42,1,31,1.41,warrior,41.48676529520009,22
71,53,42,1,31,1.41,warrior,41.48676529520009,21
71,53,42,1,31,1.41,warrior,41.48676529520009,21
71,53,42,1,31,1.41,warrior,41.48676529520009,20
71,53,42,1,31,1.41,warrior,41.48676529520009,20
48,66,46,1,37,1.41,warrior,36.39001512562007,1
69,57,40,1,31,1.45,warrior,42.12627316460456,1
69,57,40,1,31,1.41,warrior,41.587591004843,1
72,51,41,2,32,1.41,warrior,40.93911193626789,1
69,57,40,1,31,1.45,warrior,42.12627316460456,3
69,57,40,1,31,1.45,warrior,42.12627316460456,2
69,57,40,1,31,1.41,warrior,41.587591004843,7
69,57,40,1,31,1.41,warrior,41.587591004843,6
69,57,40,1,31,1.41,warrior,41.587591004843,5
69,57,40,1,31,1.41,warrior,41.587591004843,5
69,57,40,1,31,1.41,warrior,41.587591004843,4
69,57,40,1,31,1.41,warrior,41.587591004843,4
69,57,40,1,31,1.41,warrior,41.587591004843,4
69,57,40,1,31,1.41,warrior,41.587591004843,3
69,57,40,1,31,1.41,warrior,41.587591004843,3
69,57,40,1,31,1.41,warrior,41.587591004843,2
71,53,42,1,31,1.41,warrior,41.48676529520009,24
71,53,42,1,31,1.41,warrior,41.48676529520009,23
71,53,42,1,31,1.41,warrior,41.48676529520009,22
71,53,42,1,31,1.41,warrior,41.48676529520009,22
69,57,40,1,31,1.45,warrior,42.12627316460456,1
69,57,40,1,31,1.45,warrior,42.12627316460456,1
69,57,40,1,31,1.41,warrior,41.587591004843,1
69,57,40,1,31,1.41,warrior,41.587591004843,1
69,57,40,1,31,1.45,warrior,42.12627316460456,4
69,57,40,1,31,1.45,warrior,42.12627316460456,3
69,57,40,1,31,1.45,warrior,42.12627316460456,2
69,57,40,1,31,1.45,warrior,42.12627316460456,2
69,57,40,1,31,1.41,warrior,41.587591004843,8
69,57,40,1,31,1.41,warrior,41.587591004843,7
69,57,40,1,31,1.41,warrior,41.587591004843,6
69,57,40,1,31,1.41,warrior,41.587591004843,6
69,57,40,1,31,1.41,warrior,41.587591004843,5
69,57,40,1,31,1.41,warrior,41.587591004843,5
69,57,40,1,31,1.41,warrior,41.587591004843,5
69,57,40,1,31,1.41,warrior,41.587591004843,4
69,57,40,1,31,1.41,warrior,41.587591004843,4
69,57,40,1,31,1.41,warrior,41.587591004843,3
69,57,40,1,31,1.41,warrior,41.587591004843,2
69,57,40,1,31,1.41,warrior,41.587591004843,2
69,57,40,1,31,1.45,warrior,42.12627316460456,1
69,57,40,1,31,1.45,warrior,42.12627316460456,1
72,56,40,0,30,1.45,warrior,42.75526528637103,1
69,57,40,1,31,1.45,warrior,42.12627316460456,1
72,56,40,0,30,1.45,warrior,42.75526528637103,2
69,57,40,1,31,1.45,warrior,42.12627316460456,5
69,57,40,1,31,1.45,warrior,42.12627316460456,4
69,57,40,1,31,1.45,warrior,42.12627316460456,3
69,57,40,1,31,1.45,warrior,42.12627316460456,3
69,57,40,1,31,1.45,warrior,42.12627316460456,2
69,57,40,1,31,1.45,warrior,42.12627316460456,2
69,57,40,1,31,1.45,warrior,42.12627316460456,2
69,57,40,1,31,1.41,warrior,41.587591004843,9
69,57,40,1,31,1.41,warrior,41.587591004843,8
69,57,40,1,31,1.41,warrior,41.587591004843,7
69,57,40,1,31,1.41,warrior,41.587591004843,7
69,57,40,1,31,1.41,warrior,41.587591004843,6
69,57,40,1,31,1.41,warrior,41.587591004843,6
69,57,40,1,31,1.41,warrior,41.587591004843,6
69,57,40,1,31,1.41,warrior,41.587591004843,5
71,56,40,1,30,1.45,warrior,42.47112345576822,1
70,57,40,1,30,1.45,warrior,42.45510142609661,1
69,57,40,1,31,1.45,warrior,42.12627316460456,1
69,57,40,1,31,1.45,warrior,42.12627316460456,1
72,56,40,0,30,1.45,warrior,42.75526528637103,3
71,56,40,1,30,1.45,warrior,42.47112345576822,2
70,57,40,1,30,1.45,warrior,42.45510142609661,2
69,57,40,1,31,1.45,warrior,42.12627316460456,6
69,57,40,1,31,1.45,warrior,42.12627316460456,5
69,57,40,1,31,1.45,warrior,42.12627316460456,4
69,57,40,1,31,1.45,warrior,42.12627316460456,4
69,57,40,1,31,1.45,warrior,42.12627316460456,3
69,57,40,1,31,1.45,warrior,42.12627316460456,3
69,57,40,1,31,1.45,warrior,42.12627316460456,3
69,57,40,1,31,1.45,warrior,42.12627316460456,2
69,57,40,1,31,1.45,warrior,42.12627316460456,2
69,57,40,1,31,1.41,warrior,41.587591004843,10
69,57,40,1,31,1.41,warrior,41.587591004843,9
69,57,40,1,31,1.41,warrior,41.587591004843,8
69,57,40,1,31,1.41,warrior,41.587591004843,8
73,55,40,1,29,1.45,warrior,42.775121535674714,1
71,57,40,0,30,1.54,warrior,40.893905234686095,1
70,57,40,1,30,1.45,warrior,42.45510142609661,1
71,52,42,2,31,1.45,warrior,41.72952151160387,1
73,55,40,1,29,1.45,warrior,42.775121535674714,2
72,56,40,0,30,1.45,warrior,42.75526528637103,4
71,56,40,1,30,1.45,warrior,42.47112345576822,3
70,57,40,1,30,1.45,warrior,42.45510142609661,3
70,57,40,1,30,1.45,warrior,42.45510142609661,2
69,57,40,1,31,1.45,warrior,42.12627316460456,7
69,57,40,1,31,1.45,warrior,42.12627316460456,6
69,57,40,1,31,1.45,warrior,42.12627316460456,5
69,57,40,1,31,1.45,warrior,42.12627316460456,5
69,57,40,1,31,1.45,warrior,42.12627316460456,4
69,57,40,1,31,1.45,warrior,42.12627316460456,4
69,57,40,1,31,1.45,warrior,42.12627316460456,4
69,57,40,1,31,1.45,warrior,42.12627316460456,3
69,57,40,1,31,1.45,warrior,42.12627316460456,3
71,52,42,2,31,1.45,warrior,41.72952151160387,2
69,57,40,1,31,1.41,warrior,41.587591004843,11
73,55,40,1,29,1.45,warrior,42.775121535674714,1
73,57,37,1,30,1.45,warrior,42.637705016837806,1
71,56,40,1,30,1.45,warrior,42.47112345576822,1
70,57,40,1,30,1.45,warrior,42.45510142609661,1
73,55,40,1,29,1.45,warrior,42.775121535674714,3
73,55,40,1,29,1.45,warrior,42.775121535674714,2
72,56,40,0,30,1.45,warrior,42.75526528637103,5
73,57,37,1,30,1.45,warrior,42.637705016837806,2
71,56,40,1,30,1.45,warrior,42.47112345576822,4
71,56,40,1,30,1.45,warrior,42.47112345576822,2
70,57,40,1,30,1.45,warrior,42.45510142609661,4
70,57,40,1,30,1.45,warrior,42.45510142609661,3
70,57,40,1,30,1.45,warrior,42.45510142609661,2
69,57,40,1,31,1.45,warrior,42.12627316460456,8
69,57,40,1,31,1.45,warrior,42.12627316460456,7
69,57,40,1,31,1.45,warrior,42.12627316460456,6
69,57,40,1,31,1.45,warrior,42.12627316460456,6
69,57,40,1,31,1.45,warrior,42.12627316460456,5
69,57,40,1,31,1.45,warrior,42.12627316460456,5
69,57,40,1,31,1.45,warrior,42.12627316460456,5
73,55,40,1,29,1.45,warrior,42.775121535674714,1
73,55,40,1,29,1.45,warrior,42.775121535674714,1
73,56,37,2,30,1.45,warrior,42.35242812442459,1
72,56,39,1,30,1.45,warrior,42.53328620111824,1
73,55,40,1,29,1.45,warrior,42.775121535674714,4
73,55,40,1,29,1.45,warrior,42.775121535674714,3
73,55,40,1,29,1.45,warrior,42.775121535674714,2
73,55,40,1,29,1.45,warrior,42.775121535674714,2
72,56,40,0,30,1.45,warrior,42.75526528637103,6
73,57,37,1,30,1.45,warrior,42.637705016837806,3
72,56,39,1,30,1.45,warrior,42.53328620111824,2
71,56,40,1,30,1.45,warrior,42.47112345576822,5
71,56,40,1,30,1.45,warrior,42.47112345576822,3
70,57,40,1,30,1.45,warrior,42.45510142609661,5
70,57,40,1,30,1.45,warrior,42.45510142609661,4
70,57,40,1,30,1.45,warrior,42.45510142609661,3
73,56,37,2,30,1.45,warrior,42.35242812442459,2
69,57,40,1,31,1.45,warrior,42.12627316460456,9
69,57,40,1,31,1.45,warrior,42.12627316460456,8
69,57,40,1,31,1.45,warrior,42.12627316460456,7
73,55,40,1,29,1.45,warrior,42.775121535674714,1
73,55,40,1,29,1.45,warrior,42.775121535674714,1
83,63,16,2,34,1.45,warrior,40.73501079089903,1
73,55,40,1,29,1.45,warrior,42.775121535674714,1
73,55,40,1,29,1.45,warrior,42.775121535674714,5
73,55,40,1,29,1.45,warrior,42.775121535674714,4
73,55,40,1,29,1.45,warrior,42.775121535674714,3
73,55,40,1,29,1.45,warrior,42.775121535674714,3
73,55,40,1,29,1.45,warrior,42.775121535674714,2
73,55,40,1,29,1.45,warrior,42.775121535674714,2
73,55,40,1,29,1.45,warrior,42.775121535674714,2
72,56,40,0,30,1.45,warrior,42.75526528637103,7
73,57,37,1,30,1.45,warrior,42.637705016837806,4
72,56,39,1,30,1.45,warrior,42.53328620111824,3
71,56,40,1,30,1.45,warrior,42.47112345576822,6
71,56,40,1,30,1.45,warrior,42.47112345576822,4
70,57,40,1,30,1.45,warrior,42.45510142609661,6
70,57,40,1,30,1.45,warrior,42.45510142609661,5
70,57,40,1,30,1.45,warrior,42.45510142609661,4
73,56,37,2,30,1.45,warrior,42.35242812442459,3
73,55,40,1,29,1.45,warrior,42.775121535674714,1
73,55,40,1,29,1.45,warrior,42.775121535674714,1
73,55,40,1,29,1.45,warrior,42.775121535674714,1
73,55,40,1,29,1.45,warrior,42.775121535674714,1
73,55,40,1,29,1.45,warrior,42.775121535674714,6
73,55,40,1,29,1.45,warrior,42.775121535674714,5
73,55,40,1,29,1.45,warrior,42.775121535674714,4
73,55,40,1,29,1.45,warrior,42.775121535674714,4
73,55,40,1,29,1.45,warrior,42.775121535674714,3
73,55,40,1,29,1.45,warrior,42.775121535674714,3
73,55,40,1,29,1.45,warrior,42.775121535674714,3
73,55,40,1,29,1.45,warrior,42.775121535674714,2
73,55,40,1,29,1.45,warrior,42.775121535674714,2
73,55,40,1,29,1.45,warrior,42.775121535674714,2
73,55,40,1,29,1.45,warrior,42.775121535674714,2
72,56,40,0,30,1.45,warrior,42.75526528637103,8
73,57,37,1,30,1.45,warrior,42.637705016837806,5
72,56,39,1,30,1.45,warrior,42.53328620111824,4
71,56,40,1,30,1.45,warrior,42.47112345576822,7
71,56,40,1,30,1.45,warrior,42.47112345576822,5
73,55,40,1,29,1.45,warrior,42.775121535674714,1
73,55,40,1,29,1.45,warrior,42.775121535674714,1
73,55,40,1,29,1.45,warrior,42.775121535674714,1
73,55,40,1,29,1.45,warrior,42.775121535674714,1
73,55,40,1,29,1.45,warrior,42.775121535674714,7
73,55,40,1,29,1.45,warrior,42.775121535674714,6
73,55,40,1,29,1.45,warrior,42.775121535674714,5
73,55,40,1,29,1.45,warrior,42.775121535674714,5
73,55,40,1,29,1.45,warrior,42.775121535674714,4
73,55,40,1,29,1.45,warrior,42.775121535674714,4
73,55,40,1,29,1.45,warrior,42.775121535674714,4
73,55,40,1,29,1.45,warrior,42.775121535674714,3
73,55,40,1,29,1.45,warrior,42.775121535674714,3
73,55,40,1,29,1.45,warrior,42.775121535674714,3
73,55,40,1,29,1.45,warrior,42.775121535674714,3
73,55,40,1,29,1.45,warrior,42.775121535674714,2
73,55,40,1,29,1.45,warrior,42.775121535674714,2
73,55,40,1,29,1.45,warrior,42.775121535674714,2
73,55,40,1,29,1.45,warrior,42.775121535674714,2
72,56,40,0,30,1.45,warrior,42.75526528637103,9
73,55,40,1,29,1.45,warrior,42.775121535674714,1
73,55,40,1,29,1.45,warrior,42.775121535674714,1
73,55,40,1,29,1.45,warrior,42.775121535674714,1
73,55,40,1,29,1.45,warrior,42.775121535674714,1
73,55,40,1,29,1.45,warrior,42.775121535674714,8
73,55,40,1,29,1.45,warrior,42.775121535674714,7
73,55,40,1,29,1.45,warrior,42.775121535674714,6
73,55,40,1,29,1.45,warrior,42.775121535674714,6
73,55,40,1,29,1.45,warrior,42.775121535674714,5
73,55,40,1,29,1.45,warrior,42.775121535674714,5
73,55,40,1,29,1.45,warrior,42.775121535674714,5
73,55,40,1,29,1.45,warrior,42.775121535674714,4
73,55,40,1,29,1.45,warrior,42.775121535674714,4
73,55,40,1,29,1.45,warrior,42.775121535674714,4
73,55,40,1,29,1.45,warrior,42.775121535674714,4
73,55,40,1,29,1.45,warrior,42.775121535674714,3
73,55,40,1,29,1.45,warrior,42.775121535674714,3
73,55,40,1,29,1.45,warrior,42.775121535674714,3
73,55,40,1,29,1.45,warrior,42.775121535674714,3
73,55,40,1,29,1.45,warrior,42.775121535674714,2
73,55,40,1,29,1.45,warrior,42.775121535674714,1
73,55,40,1,29,1.45,warrior,42.775121535674714,1
73,55,40,1,29,1.31,warrior,30.994680623462294,1
73,55,40,1,29,1.45,warrior,42.775121535674714,1
73,55,40,1,29,1.45,warrior,42.775121535674714,9
73,55,40,1,29,1.45,warrior,42.775121535674714,8
73,55,40,1,29,1.45,warrior,42.775121535674714,7
73,55,40,1,29,1.45,warrior,42.775121535674714,7
73,55,40,1,29,1.45,warrior,42.775121535674714,6
73,55,40,1,29,1.45,warrior,42.775121535674714,6
73,55,40,1,29,1.45,warrior,42.775121535674714,6
73,55,40,1,29,1.45,warrior,42.775121535674714,5
73,55,40,1,29,1.45,warrior,42.775121535674714,5
73,55,40,1,29,1.45,warrior,42.775121535674714,5
73,55,40,1,29,1.45,warrior,42.775121535674714,5
73,55,40,1,29,1.45,warrior,42.775121535674714,4
73,55,40,1,29,1.45,warrior,42.775121535674714,4
73,55,40,1,29,1.45,warrior,42.775121535674714,4
73,55,40,1,29,1.45,warrior,42.775121535674714,4
73,55,40,1,29,1.45,warrior,42.775121535674714,3
73,55,40,1,29,1.45,warrior,42.775121535674714,1
73,55,40,1,29,1.45,warrior,42.775121535674714,1
73,55,40,1,29,1.45,warrior,42.775121535674714,1
73,55,40,1,29,1.45,warrior,42.775121535674714,1
73,55,40,1,29,1.45,warrior,42.775121535674714,10
73,55,40,1,29,1.45,warrior,42.775121535674714,9
73,55,40,1,29,1.45,warrior,42.775121535674714,8
73,55,40,1,29,1.45,warrior,42.775121535674714,8
73,55,40,1,29,1.45,warrior,42.775121535674714,7
73,55,40,1,29,1.45,warrior,42.775121535674714,7
73,55,40,1,29,1.45,warrior,42.775121535674714,7
73,55,40,1,29,1.45,warrior,42.775121535674714,6
73,55,40,1,29,1.45,warrior,42.775121535674714,6
73,55,40,1,29,1.45,warrior,42.775121535674714,6
73,55,40,1,29,1.45,warrior,42.775121535674714,6
73,55,40,1,29,1.45,warrior,42.775121535674714,5
73,55,40,1,29,1.45,warrior,42.775121535674714,5
73,55,40,1,29,1.45,warrior,42.775121535674714,5
73,55,40,1,29,1.45,warrior,42.775121535674714,5
73,55,40,1,29,1.45,warrior,42.775121535674714,4
73,55,40,1,29,1.45,warrior,42.775121535674714,1
73,55,40,1,29,1.45,warrior,42.775121535674714,1
68,50,38,1,41,1.45,warrior,39.08591293763688,1
73,55,40,1,29,1.45,warrior,42.775121535674714,1
73,55,40,1,29,1.45,warrior,42.775121535674714,11
73,55,40,1,29,1.45,warrior,42.775121535674714,10
73,55,40,1,29,1.45,warrior,42.775121535674714,9
73,55,40,1,29,1.45,warrior,42.775121535674714,9
73,55,40,1,29,1.45,warrior,42.775121535674714,8
73,55,40,1,29,1.45,warrior,42.775121535674714,8
73,55,40,1,29,1.45,warrior,42.775121535674714,8
73,55,40,1,29,1.45,warrior,42.775121535674714,7
73,55,40,1,29,1.45,warrior,42.775121535674714,7
73,55,40,1,29,1.45,warrior,42.775121535674714,7
73,55,40,1,29,1.45,warrior,42.775121535674714,7
73,55,40,1,29,1.45,warrior,42.775121535674714,6
73,55,40,1,29,1.45,warrior,42.775121535674714,6
73,55,40,1,29,1.45,warrior,42.775121535674714,6
73,55,40,1,29,1.45,warrior,42.775121535674714,6
73,55,40,1,29,1.45,warrior,42.775121535674714,5
73,55,40,1,29,1.45,warrior,42.775121535674714,1
73,55,40,1,29,1.45,warrior,42.775121535674714,1
73,55,40,1,29,1.45,warrior,42.775121535674714,1
73,55,40,1,29,1.45,warrior,42.775121535674714,1
73,55,40,1,29,1.45,warrior,42.775121535674714,12
73,55,40,1,29,1.45,warrior,42.775121535674714,11
73,55,40,1,29,1.45,warrior,42.775121535674714,10
73,55,40,1,29,1.45,warrior,42.775121535674714,10
73,55,40,1,29,1.45,warrior,42.775121535674714,9
73,55,40,1,29,1.45,warrior,42.775121535674714,9
73,55,40,1,29,1.45,warrior,42.775121535674714,9
73,55,40,1,29,1.45,warrior,42.775121535674714,8
73,55,40,1,29,1.45,warrior,42.775121535674714,8
73,55,40,1,29,1.45,warrior,42.775121535674714,8
73,55,40,1,29,1.45,warrior,42.775121535674714,8
73,55,40,1,29,1.45,warrior,42.775121535674714,7
73,55,40,1,29,1.45,warrior,42.775121535674714,7
73,55,40,1,29,1.45,warrior,42.775121535674714,7
73,55,40,1,29,1.45,warrior,42.775121535674714,7
73,55,40,1,29,1.45,warrior,42.775121535674714,6
73,55,40,1,29,1.45,warrior,42.775121535674714,1
73,55,40,1,29,1.45,warrior,42.775121535674714,1
73,55,40,1,29,1.45,warrior,42.775121535674714,1
73,55,40,1,29,1.45,warrior,42.775121535674714,1
73,55,40,1,29,1.45,warrior,42.775121535674714,13
73,55,40,1,29,1.45,warrior,42.775121535674714,12
73,55,40,1,29,1.45,warrior,42.775121535674714,11
73,55,40,1,29,1.45,warrior,42.775121535674714,11
73,55,40,1,29,1.45,warrior,42.775121535674714,10
73,55,40,1,29,1.45,warrior,42.775121535674714,10
73,55,40,1,29,1.45,warrior,42.775121535674714,10
73,55,40,1,29,1.45,warrior,42.775121535674714,9
73,55,40,1,29,1.45,warrior,42.775121535674714,9
73,55,40,1,29,1.45,warrior,42.775121535674714,9
73,55,40,1,29,1.45,warrior,42.775121535674714,9
73,55,40,1,29,1.45,warrior,42.775121535674714,8
73,55,40,1,29,1.45,warrior,42.775121535674714,8
73,55,40,1,29,1.45,warrior,42.775121535674714,8
73,55,40,1,29,1.45,warrior,42.775121535674714,8
73,55,40,1,29,1.45,warrior,42.775121535674714,7
73,55,40,1,29,1.45,warrior,42.775121535674714,1
74,57,40,1,26,1.45,warrior,43.71515207538272,1
72,53,44,1,28,1.45,warrior,42.792929513493654,1
73,55,40,1,29,1.45,warrior,42.775121535674714,1
74,57,40,1,26,1.45,warrior,43.71515207538272,2
72,53,44,1,28,1.45,warrior,42.792929513493654,2
73,55,40,1,29,1.45,warrior,42.775121535674714,14
73,55,40,1,29,1.45,warrior,42.775121535674714,13
73,55,40,1,29,1.45,warrior,42.775121535674714,12
73,55,40,1,29,1.45,warrior,42.775121535674714,12
73,55,40,1,29,1.45,warrior,42.775121535674714,11
73,55,40,1,29,1.45,warrior,42.775121535674714,11
73,55,40,1,29,1.45,warrior,42.775121535674714,11
73,55,40,1,29,1.45,warrior,42.775121535674714,10
73,55,40,1,29,1.45,warrior,42.775121535674714,10
73,55,40,1,29,1.45,warrior,42.775121535674714,10
73,55,40,1,29,1.45,warrior,42.775121535674714,10
73,55,40,1,29,1.45,warrior,42.775121535674714,9
73,55,40,1,29,1.45,warrior,42.775121535674714,9
73,55,40,1,29,1.45,warrior,42.775121535674714,9
73,58,39,0,28,1.45,warrior,43.447144950277675,1
70,54,45,1,28,1.45,warrior,42.70681614370129,1
73,55,40,1,29,1.45,warrior,42.775121535674714,1
73,55,40,1,29,1.45,warrior,42.775121535674714,1
74,57,40,1,26,1.45,warrior,43.71515207538272,3
73,58,39,0,28,1.45,warrior,43.447144950277675,2
72,53,44,1,28,1.45,warrior,42.792929513493654,3
73,55,40,1,29,1.45,warrior,42.775121535674714,15
73,55,40,1,29,1.45,warrior,42.775121535674714,14
73,55,40,1,29,1.45,warrior,42.775121535674714,13
73,55,40,1,29,1.45,warrior,42.775121535674714,13
73,55,40,1,29,1.45,warrior,42.775121535674714,12
73,55,40,1,29,1.45,warrior,42.775121535674714,12
73,55,40,1,29,1.45,warrior,42.775121535674714,12
73,55,40,1,29,1.45,warrior,42.775121535674714,11
73,55,40,1,29,1.45,warrior,42.775121535674714,11
73,55,40,1,29,1.45,warrior,42.775121535674714,11
73,55,40,1,29,1.45,warrior,42.775121535674714,11
73,55,40,1,29,1.45,warrior,42.775121535674714,10
73,55,40,1,29,1.45,warrior,42.775121535674714,10
74,57,40,1,26,1.45,warrior,43.71515207538272,1
73,58,39,0,28,1.45,warrior,43.447144950277675,1
73,55,40,1,29,1.45,warrior,42.775121535674714,1
72,52,45,1,28,1.46,warrior,42.64332667074302,1
74,57,40,1,26,1.45,warrior,43.71515207538272,4
74,57,40,1,26,1.45,warrior,43.71515207538272,2
73,58,39,0,28,1.45,warrior,43.447144950277675,3
73,58,39,0,28,1.45,warrior,43.447144950277675,2
72,53,44,1,28,1.45,warrior,42.792929513493654,4
73,55,40,1,29,1.45,warrior,42.775121535674714,16
73,55,40,1,29,1.45,warrior,42.775121535674714,15
73,55,40,1,29,1.45,warrior,42.775121535674714,14
73,55,40,1,29,1.45,warrior,42.775121535674714,14
73,55,40,1,29,1.45,warrior,42.775121535674714,13
73,55,40,1,29,1.45,warrior,42.775121535674714,13
73,55,40,1,29,1.45,warrior,42.775121535674714,13
73,55,40,1,29,1.45,warrior,42.775121535674714,12
73,55,40,1,29,1.45,warrior,42.775121535674714,12
73,55,40,1,29,1.45,warrior,42.775121535674714,12
73,55,40,1,29,1.45,warrior,42.775121535674714,12
74,57,40,1,26,1.45,warrior,43.71515207538272,1
74,57,40,1,26,1.45,warrior,43.71515207538272,1
73,58,39,0,28,1.45,warrior,43.447144950277675,1
71,61,38,1,27,1.45,warrior,43.47586629467996,1
74,57,40,1,26,1.45,warrior,43.71515207538272,5
74,57,40,1,26,1.45,warrior,43.71515207538272,3
74,57,40,1,26,1.45,warrior,43.71515207538272,2
74,57,40,1,26,1.45,warrior,43.71515207538272,2
71,61,38,1,27,1.45,warrior,43.47586629467996,2
73,58,39,0,28,1.45,warrior,43.447144950277675,4
73,58,39,0,28,1.45,warrior,43.447144950277675,3
73,58,39,0,28,1.45,warrior,43.447144950277675,2
72,53,44,1,28,1.45,warrior,42.792929513493654,5
73,55,40,1,29,1.45,warrior,42.775121535674714,17
73,55,40,1,29,1.45,warrior,42.775121535674714,16
73,55,40,1,29,1.45,warrior,42.775121535674714,15
73,55,40,1,29,1.45,warrior,42.775121535674714,15
73,55,40,1,29,1.45,warrior,42.775121535674714,14
73,55,40,1,29,1.45,warrior,42.775121535674714,14
73,55,40,1,29,1.45,warrior,42.775121535674714,14
74,57,40,1,26,1.45,warrior,43.71515207538272,1
82,53,38,0,25,1.45,warrior,44.0272341948502,1
74,57,40,1,26,1.45,warrior,43.71515207538272,1
69,53,38,12,26,1.45,warrior,40.587281096537254,1
82,53,38,0,25,1.45,warrior,44.0272341948502,2
74,57,40,1,26,1.45,warrior,43.71515207538272,6
74,57,40,1,26,1.45,warrior,43.71515207538272,4
74,57,40,1,26,1.45,warrior,43.71515207538272,3
74,57,40,1,26,1.45,warrior,43.71515207538272,3
74,57,40,1,26,1.45,warrior,43.71515207538272,2
74,57,40,1,26,1.45,warrior,43.71515207538272,2
71,61,38,1,27,1.45,warrior,43.47586629467996,3
73,58,39,0,28,1.45,warrior,43.447144950277675,5
73,58,39,0,28,1.45,warrior,43.447144950277675,4
73,58,39,0,28,1.45,warrior,43.447144950277675,3
72,53,44,1,28,1.45,warrior,42.792929513493654,6
73,55,40,1,29,1.45,warrior,42.775121535674714,18
73,55,40,1,29,1.45,warrior,42.775121535674714,17
73,55,40,1,29,1.45,warrior,42.775121535674714,16
73,55,40,1,29,1.45,warrior,42.775121535674714,16
82,53,38,0,25,1.45,warrior,44.0272341948502,1
74,57,40,1,26,1.45,warrior,43.71515207538272,1
74,55,41,1,27,1.45,warrior,43.32304300581858,1
74,57,40,1,26,1.45,warrior,43.71515207538272,1
82,53,38,0,25,1.45,warrior,44.0272341948502,3
82,53,38,0,25,1.45,warrior,44.0272341948502,2
74,57,40,1,26,1.45,warrior,43.71515207538272,7
74,57,40,1,26,1.45,warrior,43.71515207538272,5
74,57,40,1,26,1.45,warrior,43.71515207538272,4
74,57,40,1,26,1.45,warrior,43.71515207538272,4
74,57,40,1,26,1.45,warrior,43.71515207538272,3
74,57,40,1,26,1.45,warrior,43.71515207538272,3
74,57,40,1,26,1.45,warrior,43.71515207538272,2
74,57,40,1,26,1.45,warrior,43.71515207538272,2
71,61,38,1,27,1.45,warrior,43.47586629467996,4
73,58,39,0,28,1.45,warrior,43.447144950277675,6
73,58,39,0,28,1.45,warrior,43.447144950277675,5
73,58,39,0,28,1.45,warrior,43.447144950277675,4
74,55,41,1,27,1.45,warrior,43.32304300581858,2
72,53,44,1,28,1.45,warrior,42.792929513493654,7
82,53,38,0,25,1.45,warrior,44.0272341948502,1
79,56,38,0,25,1.45,warrior,44.30619376256805,1
74,57,40,1,26,1.45,warrior,43.71515207538272,1
74,57,40,1,26,1.45,warrior,43.71515207538272,1
79,56,38,0,25,1.45,warrior,44.30619376256805,2
82,53,38,0,25,1.45,warrior,44.0272341948502,4
82,53,38,0,25,1.45,warrior,44.0272341948502,3
82,53,38,0,25,1.45,warrior,44.0272341948502,2
74,57,40,1,26,1.45,warrior,43.71515207538272,8
74,57,40,1,26,1.45,warrior,43.71515207538272,6
74,57,40,1,26,1.45,warrior,43.71515207538272,5
74,57,40,1,26,1.45,warrior,43.71515207538272,5
74,57,40,1,26,1.45,warrior,43.71515207538272,4
74,57,40,1,26,1.45,warrior,43.71515207538272,4
74,57,40,1,26,1.45,warrior,43.71515207538272,3
74,57,40,1,26,1.45,warrior,43.71515207538272,3
74,57,40,1,26,1.45,warrior,43.71515207538272,2
74,57,40,1,26,1.45,warrior,43.71515207538272,2
71,61,38,1,27,1.45,warrior,43.47586629467996,5
73,58,39,0,28,1.45,warrior,43.447144950277675,7
79,56,38,0,25,1.45,warrior,44.30619376256805,1
82,53,38,0,25,1.54,warrior,42.03980922983119,1
88,43,41,0,26,1.45,warrior,42.19374329759236,1
81,53,38,1,25,1.45,warrior,43.78870443098858,1
79,56,38,0,25,1.45,warrior,44.30619376256805,3
79,56,38,0,25,1.45,warrior,44.30619376256805,2
82,53,38,0,25,1.45,warrior,44.0272341948502,5
82,53,38,0,25,1.45,warrior,44.0272341948502,4
82,53,38,0,25,1.45,warrior,44.0272341948502,3
81,53,38,1,25,1.45,warrior,43.78870443098858,2
74,57,40,1,26,1.45,warrior,43.71515207538272,9
74,57,40,1,26,1.45,warrior,43.71515207538272,7
74,57,40,1,26,1.45,warrior,43.71515207538272,6
74,57,40,1,26,1.45,warrior,43.71515207538272,6
74,57,40,1,26,1.45,warrior,43.71515207538272,5
74,57,40,1,26,1.45,warrior,43.71515207538272,5
74,57,40,1,26,1.45,warrior,43.71515207538272,4
74,57,40,1,26,1.45,warrior,43.71515207538272,4
74,57,40,1,26,1.45,warrior,43.71515207538272,3
74,57,40,1,26,1.45,warrior,43.71515207538272,3
79,56,38,0,25,1.32,warrior,33.76607320628015,1
79,56,38,0,25,1.45,warrior,44.30619376256805,1
82,53,38,0,25,1.45,warrior,44.0272341948502,1
82,53,38,0,25,1.45,warrior,44.0272341948502,1
79,56,38,0,25,1.45,warrior,44.30619376256805,4
79,56,38,0,25,1.45,warrior,44.30619376256805,3
79,56,38,0,25,1.45,warrior,44.30619376256805,2
82,53,38,0,25,1.45,warrior,44.0272341948502,6
82,53,38,0,25,1.45,warrior,44.0272341948502,5
82,53,38,0,25,1.45,warrior,44.0272341948502,4
82,53,38,0,25,1.45,warrior,44.0272341948502,2
82,53,38,0,25,1.45,warrior,44.0272341948502,2
81,53,38,1,25,1.45,warrior,43.78870443098858,3
74,57,40,1,26,1.45,warrior,43.71515207538272,10
74,57,40,1,26,1.45,warrior,43.71515207538272,8
74,57,40,1,26,1.45,warrior,43.71515207538272,7
74,57,40,1,26,1.45,warrior,43.71515207538272,7
74,57,40,1,26,1.45,warrior,43.71515207538272,6
74,57,40,1,26,1.45,warrior,43.71515207538272,6
74,57,40,1,26,1.45,warrior,43.71515207538272,5
78,57,38,0,25,1.45,warrior,44.36617791161496,1
77,54,42,0,25,1.45,warrior,44.09556405800952,1
79,56,38,0,25,1.45,warrior,44.30619376256805,1
82,53,38,0,25,1.51,warrior,42.92372536912741,1
78,57,38,0,25,1.45,warrior,44.36617791161496,2
79,56,38,0,25,1.45,warrior,44.30619376256805,5
79,56,38,0,25,1.45,warrior,44.30619376256805,4
79,56,38,0,25,1.45,warrior,44.30619376256805,3
79,56,38,0,25,1.45,warrior,44.30619376256805,2
77,54,42,0,25,1.45,warrior,44.09556405800952,2
82,53,38,0,25,1.45,warrior,44.0272341948502,7
82,53,38,0,25,1.45,warrior,44.0272341948502,6
82,53,38,0,25,1.45,warrior,44.0272341948502,5
82,53,38,0,25,1.45,warrior,44.0272341948502,3
82,53,38,0,25,1.45,warrior,44.0272341948502,3
81,53,38,1,25,1.45,warrior,43.78870443098858,4
74,57,40,1,26,1.45,warrior,43.71515207538272,11
74,57,40,1,26,1.45,warrior,43.71515207538272,9
74,57,40,1,26,1.45,warrior,43.71515207538272,8
74,57,40,1,26,1.45,warrior,43.71515207538272,8
78,56,38,1,25,1.45,warrior,44.04250705235963,1
78,58,38,0,24,1.45,warrior,44.701926293449056,1
81,52,39,0,26,1.45,warrior,43.67938576969704,1
79,56,38,0,25,1.45,warrior,44.30619376256805,1
78,58,38,0,24,1.45,warrior,44.701926293449056,2
78,57,38,0,25,1.45,warrior,44.36617791161496,3
79,56,38,0,25,1.45,warrior,44.30619376256805,6
79,56,38,0,25,1.45,warrior,44.30619376256805,5
79,56,38,0,25,1.45,warrior,44.30619376256805,4
79,56,38,0,25,1.45,warrior,44.30619376256805,3
79,56,38,0,25,1.45,warrior,44.30619376256805,2
77,54,42,0,25,1.45,warrior,44.09556405800952,3
78,56,38,1,25,1.45,warrior,44.04250705235963,2
82,53,38,0,25,1.45,warrior,44.0272341948502,8
82,53,38,0,25,1.45,warrior,44.0272341948502,7
82,53,38,0,25,1.45,warrior,44.0272341948502,6
82,53,38,0,25,1.45,warrior,44.0272341948502,4
82,53,38,0,25,1.45,warrior,44.0272341948502,4
81,53,38,1,25,1.45,warrior,43.78870443098858,5
74,57,40,1,26,1.45,warrior,43.71515207538272,12
78,58,38,0,24,1.45,warrior,44.701926293449056,1
78,57,38,1,24,1.45,warrior,44.37872412284525,1
79,56,38,0,25,1.45,warrior,44.30619376256805,1
72,50,35,18,23,1.45,warrior,39.642593856910565,1
78,58,38,0,24,1.45,warrior,44.701926293449056,3
78,58,38,0,24,1.45,warrior,44.701926293449056,2
78,57,38,1,24,1.45,warrior,44.37872412284525,2
78,57,38,0,25,1.45,warrior,44.36617791161496,4
79,56,38,0,25,1.45,warrior,44.30619376256805,7
79,56,38,0,25,1.45,warrior,44.30619376256805,6
79,56,38,0,25,1.45,warrior,44.30619376256805,5
79,56,38,0,25,1.45,warrior,44.30619376256805,4
79,56,38,0,25,1.45,warrior,44.30619376256805,3
79,56,38,0,25,1.45,warrior,44.30619376256805,2
77,54,42,0,25,1.45,warrior,44.09556405800952,4
78,56,38,1,25,1.45,warrior,44.04250705235963,3
82,53,38,0,25,1.45,warrior,44.0272341948502,9
82,53,38,0,25,1.45,warrior,44.0272341948502,8
82,53,38,0,25,1.45,warrior,44.0272341948502,7
82,53,38,0,25,1.45,warrior,44.0272341948502,5
78,58,38,0,24,1.45,warrior,44.701926293449056,1
78,58,38,0,24,1.45,warrior,44.701926293449056,1
78,57,38,0,25,1.45,warrior,44.36617791161496,1
78,57,39,0,24,1.45,warrior,44.63070166039718,1
78,58,38,0,24,1.45,warrior,44.701926293449056,4
78,58,38,0,24,1.45,warrior,44.701926293449056,3
78,58,38,0,24,1.45,warrior,44.701926293449056,2
78,58,38,0,24,1.45,warrior,44.701926293449056,2
78,57,39,0,24,1.45,warrior,44.63070166039718,2
78,57,38,1,24,1.45,warrior,44.37872412284525,3
78,57,38,0,25,1.45,warrior,44.36617791161496,5
78,57,38,0,25,1.45,warrior,44.36617791161496,2
79,56,38,0,25,1.45,warrior,44.30619376256805,8
79,56,38,0,25,1.45,warrior,44.30619376256805,7
79,56,38,0,25,1.45,warrior,44.30619376256805,6
79,56,38,0,25,1.45,warrior,44.30619376256805,5
79,56,38,0,25,1.45,warrior,44.30619376256805,4
79,56,38,0,25,1.45,warrior,44.30619376256805,3
77,54,42,0,25,1.45,warrior,44.09556405800952,5
78,56,38,1,25,1.45,warrior,44.04250705235963,4
78,58,38,0,24,1.45,warrior,44.701926293449056,1
78,58,38,0,24,1.45,warrior,44.701926293449056,1
76,56,39,4,23,1.45,warrior,43.742599527347835,1
78,58,38,0,24,1.45,warrior,44.701926293449056,1
78,58,38,0,24,1.45,warrior,44.701926293449056,5
78,58,38,0,24,1.45,warrior,44.701926293449056,4
78,58,38,0,24,1.45,warrior,44.701926293449056,3
78,58,38,0,24,1.45,warrior,44.701926293449056,3
78,58,38,0,24,1.45,warrior,44.701926293449056,2
78,58,38,0,24,1.45,warrior,44.701926293449056,2
78,58,38,0,24,1.45,warrior,44.701926293449056,2
78,57,39,0,24,1.45,warrior,44.63070166039718,3
78,57,38,1,24,1.45,warrior,44.37872412284525,4
78,57,38,0,25,1.45,warrior,44.36617791161496,6
78,57,38,0,25,1.45,warrior,44.36617791161496,3
79,56,38,0,25,1.45,warrior,44.30619376256805,9
79,56,38,0,25,1.45,warrior,44.30619376256805,8
79,56,38,0,25,1.45,warrior,44.30619376256805,7
79,56,38,0,25,1.45,warrior,44.30619376256805,6
79,56,38,0,25,1.45,warrior,44.30619376256805,5
78,58,38,0,24,1.45,warrior,44.701926293449056,1
78,57,38,1,24,1.45,warrior,44.37872412284525,1
78,58,38,0,24,1.45,warrior,44.701926293449056,1
78,58,38,0,24,1.45,warrior,44.701926293449056,1
78,58,38,0,24,1.45,warrior,44.701926293449056,6
78,58,38,0,24,1.45,warrior,44.701926293449056,5
78,58,38,0,24,1.45,warrior,44.701926293449056,4
78,58,38,0,24,1.45,warrior,44.701926293449056,4
78,58,38,0,24,1.45,warrior,44.701926293449056,3
78,58,38,0,24,1.45,warrior,44.701926293449056,3
78,58,38,0,24,1.45,warrior,44.701926293449056,3
78,58,38,0,24,1.45,warrior,44.701926293449056,2
78,58,38,0,24,1.45,warrior,44.701926293449056,2
78,58,38,0,24,1.45,warrior,44.701926293449056,2
78,57,39,0,24,1.45,warrior,44.63070166039718,4
78,57,38,1,24,1.45,warrior,44.37872412284525,5
78,57,38,1,24,1.45,warrior,44.37872412284525,2
78,57,38,0,25,1.45,warrior,44.36617791161496,7
78,57,38,0,25,1.45,warrior,44.36617791161496,4
79,56,38,0,25,1.45,warrior,44.30619376256805,10
78,58,38,0,24,1.45,warrior,44.701926293449056,1
78,58,38,0,24,1.45,warrior,44.701926293449056,1
78,58,38,0,24,1.45,warrior,44.701926293449056,1
78,58,38,0,24,1.45,warrior,44.701926293449056,1
