strength,dexterity,intelligence,vigor,constitution,height,fitness,generation,selection_rate
43,44,44,32,35,1.94,33.28143277855617,10000,1
43,44,44,32,35,1.94,33.28143277855617,10000,1
43,44,44,32,35,1.94,33.28143277855617,10000,1
43,44,44,32,35,1.94,33.28143277855617,10000,1
43,44,44,32,35,1.94,33.28143277855617,10000,1
43,44,44,32,35,1.94,33.28143277855617,10000,1
43,44,44,32,35,1.94,33.28143277855617,10000,1
43,44,44,32,35,1.94,33.28143277855617,10000,1
43,44,44,32,35,1.94,33.28143277855617,10000,1
43,44,44,32,35,1.94,33.28143277855617,10000,1
43,44,44,32,35,1.94,33.28143277855617,10000,1
43,44,44,32,35,1.94,33.28143277855617,10000,1
43,44,44,32,35,1.94,33.28143277855617,10000,1
43,44,44,32,35,1.94,33.28143277855617,10000,1
43,44,44,32,35,1.94,33.28143277855617,10000,1
43,44,44,32,35,1.94,33.28143277855617,10000,1
43,44,44,32,35,1.94,33.28143277855617,10000,1
43,44,44,32,35,1.94,33.28143277855617,10000,1
43,44,44,32,35,1.94,33.28143277855617,10000,1
43,44,44,32,35,1.94,33.28143277855617,10000,1
52,34,34,34,44,1.85,32.05951790798879,10000,2
52,34,34,34,44,1.85,32.05951790798879,10000,2
52,34,34,34,44,1.85,32.05951790798879,10000,2
52,34,34,34,44,1.85,32.05951790798879,10000,2
52,34,34,34,44,1.85,32.05951790798879,10000,2
52,34,34,34,44,1.85,32.05951790798879,10000,2
52,34,34,34,44,1.85,32.05951790798879,10000,2
52,34,34,34,44,1.85,32.05951790798879,10000,2
52,34,34,34,44,1.85,32.05951790798879,10000,2
52,34,34,34,44,1.85,32.05951790798879,10000,2
52,34,34,34,44,1.85,32.05951790798879,10000,2
52,34,34,34,44,1.85,32.05951790798879,10000,2
52,34,34,34,44,1.85,32.05951790798879,10000,2
52,34,34,34,44,1.85,32.05951790798879,10000,2
52,34,34,34,44,1.85,32.05951790798879,10000,2
52,34,34,34,44,1.85,32.05951790798879,10000,2
52,34,34,34,44,1.85,32.05951790798879,10000,2
52,34,34,34,44,1.85,32.05951790798879,10000,2
52,34,34,34,44,1.85,32.05951790798879,10000,2
52,34,34,34,44,1.85,32.05951790798879,10000,2
45,42,42,35,34,1.98,32.43471277091304,10000,3
45,42,42,35,34,1.98,32.43471277091304,10000,3
45,42,42,35,34,1.98,32.43471277091304,10000,3
45,42,42,35,34,1.98,32.43471277091304,10000,3
45,42,42,35,34,1.98,32.43471277091304,10000,3
45,42,42,35,34,1.98,32.43471277091304,10000,3
45,42,42,35,34,1.98,32.43471277091304,10000,3
45,42,42,35,34,1.98,32.43471277091304,10000,3
45,42,42,35,34,1.98,32.43471277091304,10000,3
45,42,42,35,34,1.98,32.43471277091304,10000,3
45,42,42,35,34,1.98,32.43471277091304,10000,3
45,42,42,35,34,1.98,32.43471277091304,10000,3
45,42,42,35,34,1.98,32.43471277091304,10000,3
45,42,42,35,34,1.98,32.43471277091304,10000,3
45,42,42,35,34,1.98,32.43471277091304,10000,3
45,42,42,35,34,1.98,32.43471277091304,10000,3
45,42,42,35,34,1.98,32.43471277091304,10000,3
45,42,42,35,34,1.98,32.43471277091304,10000,3
45,42,42,35,34,1.98,32.43471277091304,10000,3
45,42,42,35,34,1.98,32.43471277091304,10000,3
47,44,45,33,29,1.44,32.39993641199709,10000,4
47,44,45,33,29,1.44,32.39993641199709,10000,4
47,44,45,33,29,1.44,32.39993641199709,10000,4
47,44,45,33,29,1.44,32.39993641199709,10000,4
47,44,45,33,29,1.44,32.39993641199709,10000,4
47,44,45,33,29,1.44,32.39993641199709,10000,4
47,44,45,33,29,1.44,32.39993641199709,10000,4
47,44,45,33,29,1.44,32.39993641199709,10000,4
47,44,45,33,29,1.44,32.39993641199709,10000,4
47,44,45,33,29,1.44,32.39993641199709,10000,4
47,44,45,33,29,1.44,32.39993641199709,10000,4
47,44,45,33,29,1.44,32.39993641199709,10000,4
47,44,45,33,29,1.44,32.39993641199709,10000,4
47,44,45,33,29,1.44,32.39993641199709,10000,4
47,44,45,33,29,1.44,32.39993641199709,10000,4
47,44,45,33,29,1.44,32.39993641199709,10000,4
47,44,45,33,29,1.44,32.39993641199709,10000,4
47,44,45,33,29,1.44,32.39993641199709,10000,4
47,44,45,33,29,1.44,32.39993641199709,10000,4
47,44,45,33,29,1.44,32.39993641199709,10000,4
90,80,28,0,0,1.88,59.83306927225817,10000,5
90,80,28,0,0,1.88,59.83306927225817,10000,5
90,80,28,0,0,1.88,59.83306927225817,10000,5
90,80,28,0,0,1.88,59.83306927225817,10000,5
90,80,28,0,0,1.88,59.83306927225817,10000,5
90,80,28,0,0,1.88,59.83306927225817,10000,5
90,80,28,0,0,1.88,59.83306927225817,10000,5
90,80,28,0,0,1.88,59.83306927225817,10000,5
90,80,28,0,0,1.88,59.83306927225817,10000,5
90,80,28,0,0,1.88,59.83306927225817,10000,5
90,80,28,0,0,1.88,59.83306927225817,10000,5
90,80,28,0,0,1.88,59.83306927225817,10000,5
90,80,28,0,0,1.88,59.83306927225817,10000,5
90,80,28,0,0,1.88,59.83306927225817,10000,5
90,80,28,0,0,1.88,59.83306927225817,10000,5
90,80,28,0,0,1.88,59.83306927225817,10000,5
90,80,28,0,0,1.88,59.83306927225817,10000,5
90,80,28,0,0,1.88,59.83306927225817,10000,5
90,80,28,0,0,1.88,59.83306927225817,10000,5
90,80,28,0,0,1.88,59.83306927225817,10000,5
90,80,28,0,0,1.96,58.86812847041885,10000,6
90,80,28,0,0,1.96,58.86812847041885,10000,6
90,80,28,0,0,1.96,58.86812847041885,10000,6
90,80,28,0,0,1.96,58.86812847041885,10000,6
90,80,28,0,0,1.96,58.86812847041885,10000,6
90,80,28,0,0,1.96,58.86812847041885,10000,6
90,80,28,0,0,1.96,58.86812847041885,10000,6
90,80,28,0,0,1.96,58.86812847041885,10000,6
90,80,28,0,0,1.96,58.86812847041885,10000,6
90,80,28,0,0,1.96,58.86812847041885,10000,6
90,80,28,0,0,1.96,58.86812847041885,10000,6
90,80,28,0,0,1.96,58.86812847041885,10000,6
90,80,28,0,0,1.96,58.86812847041885,10000,6
90,80,28,0,0,1.96,58.86812847041885,10000,6
90,80,28,0,0,1.96,58.86812847041885,10000,6
90,80,28,0,0,1.96,58.86812847041885,10000,6
90,80,28,0,0,1.96,58.86812847041885,10000,6
90,80,28,0,0,1.96,58.86812847041885,10000,6
90,80,28,0,0,1.96,58.86812847041885,10000,6
90,79,28,1,0,1.96,58.46790829222047,10000,6
90,80,28,0,0,1.79,53.83244861065486,10000,7
90,80,28,0,0,1.79,53.83244861065486,10000,7
90,80,28,0,0,1.79,53.83244861065486,10000,7
90,80,28,0,0,1.79,53.83244861065486,10000,7
90,80,28,0,0,1.79,53.83244861065486,10000,7
90,80,28,0,0,1.79,53.83244861065486,10000,7
90,80,28,0,0,1.79,53.83244861065486,10000,7
90,80,28,0,0,1.79,53.83244861065486,10000,7
90,80,28,0,0,1.79,53.83244861065486,10000,7
90,80,28,0,0,1.79,53.83244861065486,10000,7
90,80,28,0,0,1.79,53.83244861065486,10000,7
90,80,28,0,0,1.79,53.83244861065486,10000,7
90,80,28,0,0,1.79,53.83244861065486,10000,7
90,80,28,0,0,1.79,53.83244861065486,10000,7
90,80,28,0,0,1.79,53.83244861065486,10000,7
90,80,28,0,0,1.79,53.83244861065486,10000,7
90,80,28,0,0,1.79,53.83244861065486,10000,7
90,80,28,0,0,1.79,53.83244861065486,10000,7
90,80,28,0,0,1.79,53.83244861065486,10000,7
89,79,27,3,0,1.79,52.74077504837714,10000,7
90,80,28,0,0,1.49,51.478612364922185,10000,8
90,80,28,0,0,1.49,51.478612364922185,10000,8
90,80,28,0,0,1.49,51.478612364922185,10000,8
90,80,28,0,0,1.49,51.478612364922185,10000,8
90,80,28,0,0,1.49,51.478612364922185,10000,8
90,80,28,0,0,1.49,51.478612364922185,10000,8
90,80,28,0,0,1.49,51.478612364922185,10000,8
90,80,28,0,0,1.49,51.478612364922185,10000,8
90,80,28,0,0,1.49,51.478612364922185,10000,8
90,80,28,0,0,1.49,51.478612364922185,10000,8
90,80,28,0,0,1.49,51.478612364922185,10000,8
90,80,28,0,0,1.49,51.478612364922185,10000,8
90,80,28,0,0,1.49,51.478612364922185,10000,8
90,80,28,0,0,1.49,51.478612364922185,10000,8
90,80,28,0,0,1.49,51.478612364922185,10000,8
90,80,28,0,0,1.49,51.478612364922185,10000,8
90,80,28,0,0,1.49,51.478612364922185,10000,8
90,80,28,0,0,1.49,51.478612364922185,10000,8
90,80,28,0,0,1.3,31.872731254714015,10000,8
90,80,28,0,0,1.49,51.478612364922185,10000,8
90,80,28,0,0,1.88,59.83306927225817,10000,9
90,80,28,0,0,1.88,59.83306927225817,10000,9
90,80,28,0,0,1.88,59.83306927225817,10000,9
90,80,28,0,0,1.88,59.83306927225817,10000,9
90,80,28,0,0,1.88,59.83306927225817,10000,9
90,80,28,0,0,1.88,59.83306927225817,10000,9
90,80,28,0,0,1.88,59.83306927225817,10000,9
90,80,28,0,0,1.88,59.83306927225817,10000,9
90,80,28,0,0,1.88,59.83306927225817,10000,9
90,80,28,0,0,1.88,59.83306927225817,10000,9
90,80,28,0,0,1.88,59.83306927225817,10000,9
90,80,28,0,0,1.88,59.83306927225817,10000,9
90,80,28,0,0,1.88,59.83306927225817,10000,9
90,80,28,0,0,1.88,59.83306927225817,10000,9
90,80,28,0,0,1.88,59.83306927225817,10000,9
90,80,28,0,0,1.88,59.83306927225817,10000,9
90,80,28,0,0,1.88,59.83306927225817,10000,9
90,80,28,0,0,1.88,59.83306927225817,10000,9
90,80,28,0,0,1.88,59.83306927225817,10000,9
90,80,28,0,0,1.3,31.872731254714015,10000,9
90,80,28,0,0,1.95,59.60772632291878,10000,10
90,80,28,0,0,1.95,59.60772632291878,10000,10
90,80,28,0,0,1.95,59.60772632291878,10000,10
90,80,28,0,0,1.95,59.60772632291878,10000,10
90,80,28,0,0,1.95,59.60772632291878,10000,10
90,80,28,0,0,1.95,59.60772632291878,10000,10
90,80,28,0,0,1.95,59.60772632291878,10000,10
90,80,28,0,0,1.95,59.60772632291878,10000,10
90,80,28,0,0,1.95,59.60772632291878,10000,10
90,80,28,0,0,1.95,59.60772632291878,10000,10
90,80,28,0,0,1.95,59.60772632291878,10000,10
90,80,28,0,0,1.95,59.60772632291878,10000,10
90,80,28,0,0,1.95,59.60772632291878,10000,10
90,80,28,0,0,1.95,59.60772632291878,10000,10
90,80,28,0,0,1.95,59.60772632291878,10000,10
90,80,28,0,0,1.95,59.60772632291878,10000,10
90,80,28,0,0,1.95,59.60772632291878,10000,10
90,80,28,0,0,1.95,59.60772632291878,10000,10
104,93,1,0,0,1.95,57.6022130876727,10000,10
90,80,28,0,0,1.95,59.60772632291878,10000,10
90,80,28,0,0,1.87,59.36395240373773,10000,11
90,80,28,0,0,1.87,59.36395240373773,10000,11
90,80,28,0,0,1.87,59.36395240373773,10000,11
90,80,28,0,0,1.87,59.36395240373773,10000,11
90,80,28,0,0,1.87,59.36395240373773,10000,11
90,80,28,0,0,1.87,59.36395240373773,10000,11
90,80,28,0,0,1.87,59.36395240373773,10000,11
90,80,28,0,0,1.87,59.36395240373773,10000,11
90,80,28,0,0,1.87,59.36395240373773,10000,11
90,80,28,0,0,1.87,59.36395240373773,10000,11
90,80,28,0,0,1.87,59.36395240373773,10000,11
90,80,28,0,0,1.87,59.36395240373773,10000,11
90,80,28,0,0,1.87,59.36395240373773,10000,11
90,80,28,0,0,1.87,59.36395240373773,10000,11
90,80,28,0,0,1.87,59.36395240373773,10000,11
90,80,28,0,0,1.87,59.36395240373773,10000,11
90,80,28,0,0,1.87,59.36395240373773,10000,11
90,80,28,0,0,1.87,59.36395240373773,10000,11
150,1,46,0,1,1.87,24.377076551370248,10000,11
90,80,28,0,0,1.87,59.36395240373773,10000,11
90,80,28,0,0,1.94,60.133702521722206,10000,12
90,80,28,0,0,1.94,60.133702521722206,10000,12
90,80,28,0,0,1.94,60.133702521722206,10000,12
90,80,28,0,0,1.94,60.133702521722206,10000,12
90,80,28,0,0,1.94,60.133702521722206,10000,12
90,80,28,0,0,1.94,60.133702521722206,10000,12
90,80,28,0,0,1.94,60.133702521722206,10000,12
90,80,28,0,0,1.94,60.133702521722206,10000,12
90,80,28,0,0,1.94,60.133702521722206,10000,12
90,80,28,0,0,1.94,60.133702521722206,10000,12
90,80,28,0,0,1.94,60.133702521722206,10000,12
90,80,28,0,0,1.94,60.133702521722206,10000,12
90,80,28,0,0,1.94,60.133702521722206,10000,12
90,80,28,0,0,1.94,60.133702521722206,10000,12
90,80,28,0,0,1.94,60.133702521722206,10000,12
90,80,28,0,0,1.94,60.133702521722206,10000,12
90,80,28,0,0,1.94,60.133702521722206,10000,12
90,80,28,0,0,1.94,60.133702521722206,10000,12
104,93,0,1,0,1.94,57.637163477289036,10000,12
90,80,28,0,0,1.94,60.133702521722206,10000,12
90,80,28,0,0,1.92,60.62109667083437,10000,13
90,80,28,0,0,1.92,60.62109667083437,10000,13
90,80,28,0,0,1.92,60.62109667083437,10000,13
90,80,28,0,0,1.92,60.62109667083437,10000,13
90,80,28,0,0,1.92,60.62109667083437,10000,13
90,80,28,0,0,1.92,60.62109667083437,10000,13
90,80,28,0,0,1.92,60.62109667083437,10000,13
90,80,28,0,0,1.92,60.62109667083437,10000,13
90,80,28,0,0,1.92,60.62109667083437,10000,13
90,80,28,0,0,1.92,60.62109667083437,10000,13
90,80,28,0,0,1.92,60.62109667083437,10000,13
90,80,28,0,0,1.92,60.62109667083437,10000,13
90,80,28,0,0,1.92,60.62109667083437,10000,13
90,80,28,0,0,1.92,60.62109667083437,10000,13
90,80,28,0,0,1.92,60.62109667083437,10000,13
90,80,28,0,0,1.92,60.62109667083437,10000,13
90,80,28,0,0,1.92,60.62109667083437,10000,13
90,80,28,0,0,1.92,60.62109667083437,10000,13
90,80,28,0,0,1.92,60.62109667083437,10000,13
89,80,27,1,1,1.92,59.85461808550979,10000,13
90,80,28,0,0,1.76,51.665680998832336,10000,14
90,80,28,0,0,1.76,51.665680998832336,10000,14
90,80,28,0,0,1.76,51.665680998832336,10000,14
90,80,28,0,0,1.76,51.665680998832336,10000,14
90,80,28,0,0,1.76,51.665680998832336,10000,14
90,80,28,0,0,1.76,51.665680998832336,10000,14
90,80,28,0,0,1.76,51.665680998832336,10000,14
90,80,28,0,0,1.76,51.665680998832336,10000,14
90,80,28,0,0,1.76,51.665680998832336,10000,14
90,80,28,0,0,1.76,51.665680998832336,10000,14
90,80,28,0,0,1.76,51.665680998832336,10000,14
90,80,28,0,0,1.76,51.665680998832336,10000,14
90,80,28,0,0,1.76,51.665680998832336,10000,14
90,80,28,0,0,1.76,51.665680998832336,10000,14
90,80,28,0,0,1.76,51.665680998832336,10000,14
90,80,28,0,0,1.76,51.665680998832336,10000,14
90,80,28,0,0,1.76,51.665680998832336,10000,14
90,80,28,0,0,1.76,51.665680998832336,10000,14
104,93,0,0,1,1.76,49.520704314181664,10000,14
90,80,28,0,0,1.76,51.665680998832336,10000,14
90,80,28,0,0,1.87,59.36395240373773,10000,15
90,80,28,0,0,1.87,59.36395240373773,10000,15
90,80,28,0,0,1.87,59.36395240373773,10000,15
90,80,28,0,0,1.87,59.36395240373773,10000,15
90,80,28,0,0,1.87,59.36395240373773,10000,15
90,80,28,0,0,1.87,59.36395240373773,10000,15
90,80,28,0,0,1.87,59.36395240373773,10000,15
90,80,28,0,0,1.87,59.36395240373773,10000,15
90,80,28,0,0,1.87,59.36395240373773,10000,15
90,80,28,0,0,1.87,59.36395240373773,10000,15
90,80,28,0,0,1.87,59.36395240373773,10000,15
90,80,28,0,0,1.87,59.36395240373773,10000,15
90,80,28,0,0,1.87,59.36395240373773,10000,15
90,80,28,0,0,1.87,59.36395240373773,10000,15
90,80,28,0,0,1.87,59.36395240373773,10000,15
90,80,28,0,0,1.87,59.36395240373773,10000,15
90,80,28,0,0,1.3,31.872731254714015,10000,15
90,80,28,0,0,1.87,59.36395240373773,10000,15
89,81,27,1,0,1.87,58.95647271280417,10000,15
90,80,28,0,0,1.87,59.36395240373773,10000,15
90,80,28,0,0,1.77,52.36337860804334,10000,16
90,80,28,0,0,1.77,52.36337860804334,10000,16
90,80,28,0,0,1.77,52.36337860804334,10000,16
90,80,28,0,0,1.77,52.36337860804334,10000,16
90,80,28,0,0,1.77,52.36337860804334,10000,16
90,80,28,0,0,1.77,52.36337860804334,10000,16
90,80,28,0,0,1.77,52.36337860804334,10000,16
90,80,28,0,0,1.77,52.36337860804334,10000,16
90,80,28,0,0,1.77,52.36337860804334,10000,16
90,80,28,0,0,1.77,52.36337860804334,10000,16
90,80,28,0,0,1.77,52.36337860804334,10000,16
90,80,28,0,0,1.77,52.36337860804334,10000,16
90,80,28,0,0,1.77,52.36337860804334,10000,16
90,80,28,0,0,1.77,52.36337860804334,10000,16
90,80,28,0,0,1.77,52.36337860804334,10000,16
90,80,28,0,0,1.77,52.36337860804334,10000,16
90,80,28,0,0,1.77,52.36337860804334,10000,16
151,0,47,0,0,1.77,21.058149922104285,10000,16
89,79,28,2,0,1.77,51.65131264547503,10000,16
90,80,28,0,0,1.77,52.36337860804334,10000,16
90,80,28,0,0,1.78,53.08813192896234,10000,17
90,80,28,0,0,1.78,53.08813192896234,10000,17
90,80,28,0,0,1.78,53.08813192896234,10000,17
90,80,28,0,0,1.78,53.08813192896234,10000,17
90,80,28,0,0,1.78,53.08813192896234,10000,17
90,80,28,0,0,1.78,53.08813192896234,10000,17
90,80,28,0,0,1.78,53.08813192896234,10000,17
90,80,28,0,0,1.78,53.08813192896234,10000,17
90,80,28,0,0,1.78,53.08813192896234,10000,17
90,80,28,0,0,1.78,53.08813192896234,10000,17
90,80,28,0,0,1.78,53.08813192896234,10000,17
90,80,28,0,0,1.78,53.08813192896234,10000,17
90,80,28,0,0,1.78,53.08813192896234,10000,17
90,80,28,0,0,1.78,53.08813192896234,10000,17
90,80,28,0,0,1.78,53.08813192896234,10000,17
90,80,28,0,0,1.78,53.08813192896234,10000,17
90,80,28,0,0,1.78,53.08813192896234,10000,17
90,80,28,0,0,1.78,53.08813192896234,10000,17
104,93,0,1,0,1.78,50.884100103235376,10000,17
90,80,28,0,0,1.78,53.08813192896234,10000,17
90,80,28,0,0,1.74,50.37796431114886,10000,18
90,80,28,0,0,1.74,50.37796431114886,10000,18
90,80,28,0,0,1.74,50.37796431114886,10000,18
90,80,28,0,0,1.74,50.37796431114886,10000,18
90,80,28,0,0,1.74,50.37796431114886,10000,18
90,80,28,0,0,1.74,50.37796431114886,10000,18
90,80,28,0,0,1.74,50.37796431114886,10000,18
90,80,28,0,0,1.74,50.37796431114886,10000,18
90,80,28,0,0,1.74,50.37796431114886,10000,18
90,80,28,0,0,1.74,50.37796431114886,10000,18
90,80,28,0,0,1.74,50.37796431114886,10000,18
90,80,28,0,0,1.74,50.37796431114886,10000,18
90,80,28,0,0,1.74,50.37796431114886,10000,18
90,80,28,0,0,1.74,50.37796431114886,10000,18
90,80,28,0,0,1.74,50.37796431114886,10000,18
90,80,28,0,0,1.74,50.37796431114886,10000,18
90,80,28,0,0,1.74,50.37796431114886,10000,18
2,145,50,1,0,1.74,1.9929141506081869,10000,18
90,80,28,0,0,1.74,50.37796431114886,10000,18
105,92,0,0,1,1.74,48.217708603658274,10000,18
90,80,28,0,0,1.92,60.62109667083437,10000,19
90,80,28,0,0,1.92,60.62109667083437,10000,19
90,80,28,0,0,1.92,60.62109667083437,10000,19
90,80,28,0,0,1.92,60.62109667083437,10000,19
90,80,28,0,0,1.92,60.62109667083437,10000,19
90,80,28,0,0,1.92,60.62109667083437,10000,19
90,80,28,0,0,1.92,60.62109667083437,10000,19
90,80,28,0,0,1.92,60.62109667083437,10000,19
90,80,28,0,0,1.92,60.62109667083437,10000,19
90,80,28,0,0,1.92,60.62109667083437,10000,19
90,80,28,0,0,1.92,60.62109667083437,10000,19
90,80,28,0,0,1.92,60.62109667083437,10000,19
90,80,28,0,0,1.92,60.62109667083437,10000,19
90,80,28,0,0,1.92,60.62109667083437,10000,19
90,80,28,0,0,1.92,60.62109667083437,10000,19
90,80,28,0,0,1.92,60.62109667083437,10000,19
90,80,28,0,0,1.92,60.62109667083437,10000,19
104,92,1,0,1,1.92,58.209886347147005,10000,19
104,93,0,0,1,1.92,58.1043227419311,10000,19
89,79,27,3,0,1.92,59.3917554415236,10000,19
94,96,8,0,0,1.96,57.824430247228044,178,20
94,96,8,0,0,1.96,57.824430247228044,178,20
94,96,8,0,0,1.96,57.824430247228044,178,20
94,96,8,0,0,1.96,57.824430247228044,178,20
94,96,8,0,0,1.96,57.824430247228044,178,20
94,96,8,0,0,1.96,57.824430247228044,178,20
94,96,8,0,0,1.96,57.824430247228044,178,20
94,96,8,0,0,1.96,57.824430247228044,178,20
94,96,8,0,0,1.96,57.824430247228044,178,20
94,96,8,0,0,1.96,57.824430247228044,178,20
94,96,8,0,0,1.96,57.824430247228044,178,20
94,96,8,0,0,1.96,57.824430247228044,178,20
94,96,8,0,0,1.96,57.824430247228044,178,20
94,96,8,0,0,1.96,57.824430247228044,178,20
94,96,8,0,0,1.96,57.824430247228044,178,20
94,96,8,0,0,1.96,57.824430247228044,178,20
94,96,8,0,0,1.96,57.824430247228044,178,20
98,100,0,0,0,1.96,56.941423925537656,178,20
94,96,8,0,0,1.96,57.824430247228044,178,20
94,95,7,1,1,1.96,57.078455185789544,178,20
44,39,34,41,40,1.68,29.205809379716268,0,21
43,47,40,40,28,1.71,29.709318416500853,0,21
42,36,36,39,45,1.51,29.247027402746603,0,21
45,44,41,33,35,1.74,31.22746751691869,0,21
43,40,40,33,42,1.54,30.202805811860827,0,21
41,35,50,29,43,1.6,29.67843249545478,0,21
34,44,37,26,57,1.97,28.41310861148277,0,21
35,38,33,39,53,1.34,27.6117581196427,0,21
40,40,45,32,41,1.56,29.662870580171642,0,21
34,44,38,39,43,1.7,27.75458002565223,0,21
39,39,33,39,48,1.93,29.33675467743081,0,21
37,41,37,33,50,1.38,28.61085234780697,0,21
30,36,40,50,42,1.98,25.89734852582327,0,21
38,38,42,49,31,1.94,28.83997309934798,0,21
33,38,44,45,38,1.95,27.576990512576995,0,21
49,43,28,31,47,1.32,28.241826741541853,0,21
38,35,41,36,48,1.81,29.02704682667941,0,21
55,37,40,37,29,1.55,31.501239814715,0,21
47,36,37,35,43,1.42,30.64448940621279,0,21
36,45,40,40,37,1.78,28.761180655477013,0,21
40,37,46,35,40,1.55,29.385126682781255,0,22
43,43,37,42,33,1.63,29.040774497066778,0,22
45,39,36,29,49,1.77,30.693090625935344,0,22
43,31,47,34,43,1.56,29.59387094721289,0,22
38,31,45,43,41,1.84,28.51544907046938,0,22
36,56,35,29,42,1.37,28.68201242384376,0,22
36,35,47,42,38,1.95,28.691327248950486,0,22
38,50,41,29,40,1.64,29.256768210391467,0,22
54,31,41,34,38,1.97,32.77854536537384,0,22
41,50,34,41,32,1.75,29.729921885494363,0,22
42,37,39,41,39,1.42,29.489243078277926,0,22
49,30,46,33,40,1.68,30.236851587231833,0,22
41,37,42,38,40,1.38,29.28669081340267,0,22
28,40,37,51,42,1.98,25.27716140515739,0,22
41,42,42,36,37,1.39,29.871376288823143,0,22
34,37,48,39,40,1.85,28.37799019871769,0,22
37,51,40,31,39,1.97,30.972369942107797,0,22
46,48,33,28,43,1.73,31.29934931252896,0,22
39,32,43,40,44,1.85,29.055550301423622,0,22
35,42,38,46,37,1.89,28.39804016931863,0,22
44,46,37,41,30,1.55,29.86887068521137,0,23
35,46,41,37,39,1.39,28.374342512392385,0,23
35,41,31,45,46,1.88,27.780490901382024,0,23
41,46,38,34,39,1.98,31.392652538360842,0,23
39,39,40,39,41,1.78,29.312600670396222,0,23
46,37,40,43,32,1.47,30.093356120750162,0,23
48,39,38,34,39,1.58,30.62427492405496,0,23
35,47,44,33,39,1.42,28.967905070774936,0,23
45,30,44,41,38,1.36,28.882352223424597,0,23
38,37,38,43,42,1.89,29.040719719717906,0,23
35,26,53,45,39,1.38,27.05922394155601,0,23
33,34,40,41,50,1.54,27.40063275968649,0,23
42,40,31,44,41,1.81,29.470656798678895,0,23
44,44,38,35,37,1.47,31.04749393710116,0,23
42,35,45,39,37,1.6,29.062538060901915,0,23
37,35,49,45,32,1.58,27.35928762790439,0,23
37,43,49,26,43,1.37,29.256905013293085,0,23
37,44,33,44,40,1.73,28.092065390378245,0,23
39,49,38,33,39,1.65,29.21016440932011,0,23
44,34,48,42,30,1.39,29.266852670507532,0,23
35,38,43,42,40,1.95,28.510209160088777,0,24
42,37,37,41,41,1.5,29.31077078046441,0,24
37,34,40,39,48,1.79,28.408468220415216,0,24
40,41,37,36,44,1.79,29.831833734735312,0,24
33,41,38,42,44,1.91,27.83173742202282,0,24
42,40,42,35,39,1.77,30.441406221194168,0,24
40,37,42,39,40,1.65,28.781549027527326,0,24
32,39,44,40,43,1.46,27.39764937532781,0,24
36,35,50,42,35,1.93,28.863243690738017,0,24
41,34,30,43,50,1.32,27.862251118351004,0,24
41,36,33,43,45,1.57,28.48069739383937,0,24
40,42,49,30,37,1.47,30.59919640632372,0,24
49,30,37,45,37,1.66,28.767752311296306,0,24
45,42,31,42,38,1.42,30.02700703129421,0,24
34,39,55,33,37,1.72,28.048376477197067,0,24
38,41,32,44,43,1.45,28.374244521104764,0,24
39,35,50,42,32,1.72,28.243509843584256,0,24
35,38,38,44,43,1.86,28.029988441480363,0,24
44,41,39,37,37,1.94,32.25717008885217,0,24
43,38,36,49,32,1.59,28.096298315393337,0,24
50,36,34,39,39,1.83,31.606337926224295,0,25
47,43,35,30,43,1.77,31.715605565843298,0,25
44,45,50,29,30,1.78,32.46303698901826,0,25
27,46,37,44,44,1.68,25.63295461628525,0,25
40,32,42,34,50,1.64,28.830828310900518,0,25
26,45,41,34,52,1.48,25.733634899510925,0,25
31,42,42,41,42,1.64,26.861229262344253,0,25
45,38,41,38,36,1.96,31.91021691716588,0,25
42,33,41,48,34,1.55,28.105911684372337,0,25
46,42,37,36,37,1.3,26.752107892900977,0,25
43,32,37,45,41,1.47,28.786676009581242,0,25
47,36,38,37,40,1.88,31.99569026624449,0,25
43,40,40,39,36,1.76,30.141335935260113,0,25
34,45,30,42,47,1.69,27.35151536025753,0,25
37,39,43,30,49,1.65,28.714006890907978,0,25
44,38,36,37,43,1.61,29.468985162840358,0,25
44,40,42,34,38,1.34,29.13435138545672,0,25
42,40,38,36,42,1.43,30.098439158834907,0,25
37,42,42,45,32,1.63,27.485008093239024,0,25
32,44,37,39,46,1.57,27.262829835145354,0,25
51,39,43,37,28,1.83,33.56494502549005,0,26
31,39,46,38,44,1.88,27.485235057602264,0,26
41,39,34,44,40,1.98,29.494059192733292,0,26
47,34,40,40,37,1.97,31.277173017211716,0,26
51,42,38,32,35,1.37,31.5465265980567,0,26
34,36,41,47,40,1.54,27.122725374669205,0,26
40,35,44,32,47,1.84,30.18105413315015,0,26
41,47,31,42,37,1.46,29.587575679013725,0,26
36,47,32,38,45,1.32,27.068409217442806,0,26
39,36,35,52,36,1.43,27.56840189363073,0,26
42,29,47,39,41,1.32,27.989128793088604,0,26
44,43,34,38,39,1.79,30.797828138627686,0,26
36,44,37,44,37,1.93,29.133961052261995,0,26
52,36,29,40,41,1.86,31.606011869386286,0,26
43,42,45,36,32,1.93,32.798547526147026,0,26
29,40,53,37,39,1.76,26.5421345867727,0,26
34,37,45,35,47,1.85,28.444043263120513,0,26
39,43,29,43,44,1.55,28.324556514784852,0,26
41,36,45,38,38,1.96,30.630187656443162,0,26
36,37,46,39,40,1.94,29.173486961537414,0,26
45,39,37,41,36,1.86,31.455804362114087,0,27
38,54,37,37,32,1.84,31.01632651958843,0,27
40,44,35,37,42,1.89,30.87264256818338,0,27
37,37,51,40,33,1.76,28.452264752620458,0,27
43,33,42,31,49,1.48,29.92469876482112,0,27
37,48,33,40,40,1.76,28.752696744175992,0,27
49,33,38,39,39,1.39,30.134724695610217,0,27
43,39,45,33,38,1.78,31.02137012644871,0,27
39,41,44,41,33,1.5,29.010626266332654,0,27
43,32,45,36,42,1.65,29.3033289112621,0,27
38,36,48,34,42,1.55,29.002781345172743,0,27
35,44,35,40,44,1.92,28.82880473044355,0,27
38,41,38,40,41,1.52,28.743360383137084,0,27
49,44,26,44,35,1.33,27.98792784172713,0,27
36,43,46,40,33,1.5,28.38838826930388,0,27
40,41,41,38,38,1.4,29.513698605743883,0,27
48,36,43,38,33,1.57,30.242653931652388,0,27
32,53,35,28,50,1.9,28.714700000167248,0,27
41,45,37,37,38,1.81,30.759702480308192,0,27
38,41,31,36,52,1.43,28.52458959729661,0,27
38,45,36,46,33,1.54,28.059390024868087,0,28
56,36,45,30,31,1.9,36.23608964325646,0,28
40,35,29,53,41,1.31,26.771755115698337,0,28
37,49,43,35,34,1.75,29.331252056405965,0,28
38,43,44,40,33,1.38,28.605712878502942,0,28
43,44,48,34,29,1.49,31.051435484886156,0,28
39,46,43,45,25,1.41,28.56317693215287,0,28
40,37,44,39,38,1.79,29.64266678381925,0,28
41,37,37,37,46,1.69,29.02698271043058,0,28
48,34,31,43,42,1.73,29.25865644103005,0,28
37,52,41,32,36,1.68,28.932890647071886,0,28
42,39,37,37,43,1.5,29.74167308962805,0,28
36,29,49,38,46,1.37,28.076994726167214,0,28
33,44,42,32,47,1.3,26.558507451482104,0,28
41,44,40,40,33,1.97,31.09597750593351,0,28
44,48,34,36,36,1.68,30.06573536804165,0,28
37,38,33,47,43,1.72,27.66775171784594,0,28
38,40,46,29,45,1.91,30.915129478583605,0,28
34,41,45,41,37,1.71,27.543077706134245,0,28
35,32,40,42,49,1.42,27.64642459229544,0,28
43,34,38,43,40,1.82,29.6433208024149,0,29
45,36,40,41,36,1.79,30.355389487762455,0,29
34,47,39,44,34,1.61,27.04272821871473,0,29
39,42,44,35,38,1.54,29.415033916767314,0,29
43,35,53,30,37,1.9,32.54506977700029,0,29
45,46,38,32,37,1.47,31.71801914610348,0,29
46,41,34,43,34,1.95,31.79110798560676,0,29
37,37,38,42,44,1.74,28.213973219295838,0,29
31,39,50,41,37,1.32,25.994951754624456,0,29
48,37,32,43,38,1.74,29.75680465694939,0,29
40,41,42,35,40,1.74,29.693463503992305,0,29
32,33,40,46,47,1.91,26.47458071562877,0,29
34,46,46,37,35,1.64,27.598569081385698,0,29
37,44,40,38,39,1.54,28.698841887680697,0,29
37,30,36,44,51,1.81,27.488818725709795,0,29
33,36,39,41,49,1.9,27.33986263322662,0,29
35,40,43,39,41,1.94,28.990340830580816,0,29
38,43,41,40,36,1.71,28.608081511591156,0,29
43,39,37,38,41,1.78,30.190388669201315,0,29
34,36,38,48,42,1.57,27.057340468553225,0,29
32,41,43,43,39,1.36,26.83031413594333,0,30
37,50,32,46,33,1.44,28.29898623919994,0,30
43,40,39,38,38,1.5,30.09792852558632,0,30
45,41,47,31,34,1.33,28.87483542916658,0,30
35,38,38,43,44,1.94,28.14340106828257,0,30
38,40,38,46,36,1.46,28.315436941483583,0,30
40,39,46,39,34,1.36,28.607965475148006,0,30
42,39,46,29,42,1.46,30.847576321825503,0,30
43,39,45,33,38,1.84,31.88339097947813,0,30
36,34,43,48,37,1.99,27.59664288938434,0,30
40,41,37,34,46,1.62,29.081327064997858,0,30
46,28,36,48,40,1.56,28.196101730433032,0,30
44,45,34,38,37,1.49,30.54545409878697,0,30
30,49,35,46,38,1.32,25.383616492465137,0,30
44,43,34,41,36,1.35,28.856006240769375,0,30
34,32,50,46,36,1.74,26.91372036915847,0,30
36,30,43,39,50,1.67,28.014114076585663,0,30
34,38,34,44,48,1.79,27.373055620108747,0,30
38,43,31,42,44,1.6,28.14960926200481,0,30
39,43,35,36,45,1.73,29.0936123419838,0,30
41,47,26,35,49,1.93,30.51399451682866,0,31
36,36,35,51,40,1.4,27.127614899570272,0,31
33,42,34,42,47,1.4,27.347406714632015,0,31
42,40,35,38,43,1.36,29.042350540568556,0,31
29,47,35,54,33,1.4,24.966149805706465,0,31
35,51,27,31,54,1.5,27.832099108851743,0,31
35,44,46,30,43,1.51,28.902549106964997,0,31
48,29,44,40,37,1.7,29.44969846650642,0,31
31,44,45,39,39,1.67,26.8536427269861,0,31
34,38,43,49,34,1.94,27.52011878149626,0,31
43,33,45,48,29,1.88,29.83906026199461,0,31
40,43,37,36,42,1.64,29.0684144950501,0,31
31,42,40,42,43,1.34,26.697434438473216,0,31
49,36,29,36,48,1.71,29.594767858197578,0,31
34,36,40,44,44,1.69,27.41239285511209,0,31
49,22,48,42,37,1.33,27.862115082476578,0,31
45,41,37,43,32,1.69,29.327630818984247,0,31
35,42,34,40,47,1.9,28.443121884928722,0,31
32,36,40,49,41,1.48,26.564841709308737,0,31
41,38,48,27,44,1.59,29.919858675783637,0,31
43,38,36,43,38,1.65,28.81483106812429,0,32
37,40,36,41,44,1.9,29.081179130507913,0,32
29,43,33,43,50,1.76,26.213945297420686,0,32
41,35,38,46,38,1.36,28.098445185306026,0,32
46,39,39,33,41,1.6,30.29248417687009,0,32
33,42,47,36,40,1.77,28.0634601926323,0,32
40,37,41,40,40,1.76,29.197953064274394,0,32
34,48,43,36,37,1.44,28.487562749155142,0,32
48,36,38,34,42,1.45,31.06047137020198,0,32
35,34,49,36,44,1.92,28.77078807693063,0,32
45,40,31,37,45,1.81,30.575537112131556,0,32
41,59,35,33,30,1.87,33.499846792260286,0,32
38,39,40,43,38,1.52,28.428936076695344,0,32
37,38,37,42,44,1.59,28.073682081418863,0,32
50,32,42,35,39,2.0,31.312053035564418,0,32
39,51,36,36,36,1.47,29.972493779141338,0,32
40,48,28,39,43,1.86,30.335753997625282,0,32
40,37,39,42,40,1.67,28.527890531409632,0,32
41,36,40,35,46,1.68,29.17020191577912,0,32
39,45,26,41,47,1.79,28.727541958274852,0,32
44,41,40,32,41,1.4,30.81715482715579,0,33
50,39,28,37,44,1.6,29.808247883546812,0,33
37,41,37,44,39,1.95,29.050322961141795,0,33
42,37,45,40,34,1.89,31.168233248902304,0,33
37,47,39,50,25,1.77,27.56335946745836,0,33
44,45,38,36,35,1.46,31.10429828576697,0,33
39,35,49,41,34,1.37,28.271716475752946,0,33
36,31,44,44,43,1.38,27.701141189724694,0,33
38,36,44,46,34,1.4,27.97508651023486,0,33
42,38,28,51,39,1.7,27.782062250205946,0,33
40,38,46,39,35,1.78,29.65169100421089,0,33
31,41,38,45,43,1.74,26.7101981581501,0,33
46,39,34,36,43,1.59,29.853101300353813,0,33
31,51,34,43,39,1.8,27.065106166977586,0,33
45,42,37,37,37,1.32,27.985416254079595,0,33
41,37,37,33,50,1.96,30.14023006424534,0,33
52,41,31,39,35,1.34,29.281332414176084,0,33
37,51,34,36,40,1.71,28.70446483946219,0,33
45,27,37,42,47,1.31,28.05537408328237,0,33
42,36,43,41,36,1.57,29.012468354824353,0,33
50,39,41,35,33,1.79,32.519588901494565,0,34
45,31,42,44,36,1.75,29.143719427607735,0,34
30,34,48,41,45,1.56,26.765863474771585,0,34
47,42,41,37,31,1.43,31.568643495294843,0,34
44,32,38,50,34,1.82,28.84907883093422,0,34
39,42,36,55,26,1.48,27.107021422659248,0,34
35,47,34,41,41,1.63,27.660251966976052,0,34
46,42,31,38,41,1.61,29.700931854438792,0,34
43,36,41,41,37,1.31,27.207984943882487,0,34
38,47,36,38,39,1.58,28.710448727297578,0,34
37,45,38,36,42,1.99,29.546214736747984,0,34
39,41,41,43,34,1.55,28.4917153894407,0,34
41,46,39,42,30,1.61,28.71376808862626,0,34
41,30,48,39,40,1.88,29.862465767724686,0,34
36,43,38,45,36,1.51,27.88852437549881,0,34
39,49,41,30,39,1.91,32.29521670934543,0,34
43,35,35,45,40,1.52,28.809568567913885,0,34
36,48,42,33,39,1.92,30.737852358834193,0,34
44,53,41,25,35,1.48,32.66845080589537,0,34
40,39,44,37,38,1.77,29.770672029237208,0,34
45,40,41,36,36,1.98,31.96229270171595,0,35
41,36,45,33,43,1.61,29.40720983547348,0,35
37,37,41,38,45,1.42,28.656271661790043,0,35
35,46,53,30,34,1.79,29.55879479259922,0,35
44,37,42,29,46,1.56,30.259425559431712,0,35
43,43,40,39,33,1.57,29.666327549513973,0,35
38,36,43,46,35,1.33,26.93492103208012,0,35
38,32,43,46,39,1.31,27.00771073479003,0,35
37,40,31,44,46,1.51,27.942537866336714,0,35
37,37,33,38,53,1.38,28.022277123259023,0,35
32,49,40,37,40,1.76,27.664755323476037,0,35
39,38,41,43,37,1.63,28.219429150854783,0,35
42,45,31,38,42,1.55,29.460150263067142,0,35
43,40,43,34,38,1.76,30.68273697540414,0,35
45,39,35,41,38,1.74,29.8295280126375,0,35
37,46,40,33,42,1.51,29.255487206727395,0,35
33,44,47,38,36,1.8,28.181592125982796,0,35
44,41,31,42,40,1.69,29.142888290854877,0,35
42,34,45,45,32,1.88,30.093691952184592,0,35
38,48,43,30,39,1.44,30.22358872111282,0,35
40,41,39,39,39,1.41,29.45539061536908,0,36
41,48,34,46,29,1.83,30.31340580543703,0,36
39,52,40,29,38,1.74,30.2872935560126,0,36
43,40,41,39,35,1.61,29.36446599545482,0,36
42,35,47,34,40,1.43,30.19630682212644,0,36
38,36,46,36,42,1.48,29.112072698689843,0,36
49,37,35,31,46,1.43,31.134259702990708,0,36
44,38,38,28,50,1.44,30.504265786444343,0,36
39,47,45,32,35,1.64,29.31637659034505,0,36
23,53,25,41,56,1.98,23.528669280057393,0,36
36,39,44,35,44,1.37,28.445801699307452,0,36
36,42,35,46,39,1.43,27.88395712150331,0,36
40,39,39,42,38,1.34,27.979967209583254,0,36
26,45,43,40,44,1.86,25.507141408519416,0,36
36,41,47,34,40,1.52,28.832018675917972,0,36
40,32,45,39,42,1.63,28.651446693154135,0,36
39,37,47,34,41,1.51,29.459533786593603,0,36
47,32,46,37,36,1.76,30.525761245715447,0,36
31,38,46,43,40,1.37,26.700222144081366,0,36
48,38,39,48,25,1.41,29.58111706587256,0,36
41,39,38,43,37,1.32,27.31140248115777,0,37
47,39,30,47,35,1.54,29.13611280193192,0,37
28,40,37,54,39,1.68,25.150247274948015,0,37
37,34,48,33,46,1.93,29.559417503031483,0,37
39,36,44,42,37,1.79,29.021313984397814,0,37
53,33,39,38,35,1.45,31.281608161062906,0,37
38,44,41,35,40,1.86,30.59669348739034,0,37
48,38,30,41,41,1.95,31.328853697194365,0,37
37,35,42,41,43,1.32,27.588616612932412,0,37
35,55,30,49,29,1.46,27.324797402122673,0,37
30,40,43,37,48,1.31,26.878599462431367,0,37
44,39,48,41,26,1.77,30.209120224612484,0,37
46,35,43,38,36,1.79,30.887000745347226,0,37
36,42,37,41,42,1.78,28.447483140424268,0,37
51,38,38,39,32,1.76,31.40383239096802,0,37
38,47,32,37,44,1.79,29.357347930794802,0,37
43,37,38,37,43,1.45,29.975793385637292,0,37
39,35,35,36,53,1.64,28.370802392835273,0,37
26,43,43,36,50,1.4,25.787120413127475,0,37
38,39,40,42,39,1.46,28.72137821591636,0,37
41,34,35,51,37,1.46,27.923560305947667,0,38
46,37,45,32,38,1.83,32.394897232925786,0,38
42,46,35,36,39,1.68,29.603417501641317,0,38
34,46,47,36,35,1.49,28.319293040088944,0,38
39,38,48,37,36,1.8,29.844492429738615,0,38
33,39,41,37,48,1.34,27.493512401793843,0,38
39,37,33,47,42,1.37,27.88661433989943,0,38
36,39,46,36,41,1.85,29.427520098928433,0,38
40,39,38,38,43,1.87,30.22704535763069,0,38
33,42,40,40,43,1.66,27.4161370092546,0,38
48,41,31,36,42,1.51,30.682728806545676,0,38
42,38,34,41,43,1.63,28.79692595657513,0,38
37,36,38,40,47,1.62,28.15307844289647,0,38
45,44,36,34,39,1.97,32.50245297278894,0,38
38,36,39,44,41,1.9,28.92661036729963,0,38
36,33,43,52,34,1.32,25.956481445756417,0,38
39,50,41,31,37,1.79,30.894189922754006,0,38
36,50,43,29,40,1.8,30.125269460945077,0,38
37,42,35,45,39,1.72,27.943772065833517,0,38
34,35,50,41,38,1.38,27.463155883070606,0,38
46,31,31,48,42,1.35,27.971482065862816,0,39
47,36,47,36,32,1.91,33.23757470370019,0,39
45,43,36,39,35,1.83,31.791174567106673,0,39
41,42,37,46,32,1.87,30.311361736548374,0,39
47,42,39,38,32,1.82,32.38538865510172,0,39
43,41,33,35,46,1.8,30.3899154589231,0,39
38,40,38,37,45,1.37,28.64876762733786,0,39
35,50,46,35,32,1.6,28.00178624086513,0,39
33,31,37,40,57,1.86,26.54280375461531,0,39
33,49,39,38,39,1.56,27.562757886062943,0,39
41,41,41,42,33,1.89,31.001028320397197,0,39
46,32,37,47,36,1.96,29.879018432173414,0,39
40,48,38,37,35,1.91,31.910116683093605,0,39
49,43,39,29,38,1.57,31.652792373097995,0,39
27,45,48,41,37,1.33,25.079811974604404,0,39
36,40,45,30,47,1.83,29.56062472119656,0,39
43,43,37,38,37,1.91,32.07966482041363,0,39
42,43,30,43,40,1.85,30.22000237725327,0,39
35,43,29,50,41,1.6,26.918059199585073,0,39
37,35,40,43,43,1.81,28.342823181405983,0,39
32,38,41,50,37,1.33,26.00613114852557,0,40
30,42,43,43,40,1.77,26.601438023167404,0,40
46,38,47,29,38,1.74,31.432925627870517,0,40
41,43,34,43,37,1.99,29.840757021880904,0,40
24,48,51,37,38,1.74,24.571618481986192,0,40
44,27,37,39,51,1.31,28.26499500889548,0,40
36,44,33,37,48,1.7,28.1275651506881,0,40
37,40,49,39,33,1.98,29.51622179119589,0,40
46,32,43,31,46,1.96,31.505560343800653,0,40
37,48,36,35,42,1.81,29.737650763105528,0,40
37,34,43,53,31,1.77,26.84207257011453,0,40
43,38,34,38,45,1.43,29.689973540971963,0,40
41,45,37,36,39,1.78,30.40901167553603,0,40
45,29,47,44,33,1.52,28.881907374049078,0,40
43,48,30,31,46,1.45,30.6152124592235,0,40
39,47,43,38,31,1.6,28.778348991818817,0,40
36,36,39,43,44,1.58,27.83958583301189,0,40
50,36,33,45,34,1.41,29.969129671333953,0,40
42,36,49,32,39,1.81,31.05189791163651,0,40
33,41,44,32,48,1.86,28.54477655072246,0,40
39,45,41,32,41,1.85,31.160471271141517,0,41
38,43,42,42,33,1.71,28.33806094521758,0,41
40,35,43,43,37,1.83,29.394015564079048,0,41
40,37,41,37,43,1.52,29.26921517701087,0,41
37,36,38,52,35,1.64,26.835962638773104,0,41
44,36,40,41,37,1.92,31.18836217953868,0,41
53,39,32,37,37,1.85,33.14389731920128,0,41
37,32,36,45,48,1.95,27.642861880856742,0,41
29,44,42,42,41,1.37,26.24409108680461,0,41
44,34,38,41,41,1.78,29.67922786820215,0,41
41,42,35,34,46,1.48,29.82278948505522,0,41
35,39,51,33,40,1.69,28.295445913747667,0,41
39,40,50,37,32,1.66,28.62290694167865,0,41
35,46,39,35,43,1.82,29.147702390957285,0,41
34,49,36,36,43,1.7,27.880909196477575,0,41
50,31,32,41,44,1.88,30.442583509119828,0,41
37,41,34,44,42,1.98,28.57768058939432,0,41
36,41,45,34,42,1.37,28.541026522943778,0,41
49,45,38,39,27,1.68,30.57725340859365,0,41
39,40,43,29,47,1.43,29.871070985857894,0,41
43,49,32,39,35,1.48,30.477962012992126,0,42
46,36,37,38,41,1.51,30.122679101257386,0,42
36,34,43,47,38,1.78,27.601124929792526,0,42
44,41,36,35,42,1.58,29.898108154724444,0,42
31,43,37,42,45,1.78,26.978977985589665,0,42
52,32,39,44,31,1.55,29.640740287011244,0,42
45,43,37,32,41,1.36,30.134951424176116,0,42
53,41,29,46,29,1.82,31.857395843045722,0,42
39,30,49,38,42,1.4,28.75834594321833,0,42
47,33,39,37,42,1.65,29.631897155354984,0,42
31,39,49,33,46,1.89,27.85524195410213,0,42
38,51,24,42,43,1.41,28.434004908450763,0,42
43,44,39,40,32,1.31,26.5845193599342,0,42
31,46,32,51,38,1.93,26.479827025855,0,42
35,48,38,36,41,1.89,29.738821133864832,0,42
35,43,36,38,46,1.87,28.775609629166787,0,42
40,35,39,35,49,1.75,29.109683181008123,0,42
37,40,44,50,27,1.98,28.045366081677198,0,42
46,45,43,33,31,1.84,33.71567652661379,0,42
28,44,39,49,38,1.66,25.35339806363917,0,42
43,39,34,38,44,1.61,29.20595212362582,0,43
39,42,38,41,38,1.69,28.597768262258562,0,43
42,42,34,33,47,1.45,30.067793593535562,0,43
34,42,37,48,37,1.4,27.100549577377137,0,43
47,39,39,37,36,1.51,30.839793853040376,0,43
51,43,44,30,30,1.34,30.382113010517582,0,43
25,27,45,56,45,1.89,23.225276889109207,0,43
41,41,45,43,28,1.32,26.29398063297002,0,43
28,43,45,43,39,1.81,26.009555517507405,0,43
41,39,48,31,39,1.62,29.682143080983487,0,43
40,41,47,36,34,1.5,29.810389807028507,0,43
38,41,42,43,34,1.95,29.79851084878953,0,43
41,42,33,43,39,1.42,29.21429824316302,0,43
46,36,48,34,34,1.56,30.495773773549274,0,43
31,37,44,45,41,1.76,26.67377136150208,0,43
32,42,47,38,39,1.57,27.26540322723504,0,43
41,29,36,41,51,1.93,28.34338349845519,0,43
39,42,41,33,43,1.36,29.031727180682008,0,43
37,44,34,38,45,1.97,29.323769544423886,0,43
35,48,33,41,41,1.42,28.138276143143504,0,43
43,37,38,43,37,1.87,30.52944433706383,0,44
34,40,37,45,42,1.76,27.4540948198582,0,44
44,47,35,35,37,1.46,31.171874597328173,0,44
42,44,48,32,32,1.39,30.66484931044614,0,44
50,33,43,34,38,1.58,30.569253075543266,0,44
38,38,44,47,31,1.82,28.57811518323159,0,44
44,37,40,37,40,1.42,30.27322699744409,0,44
40,37,43,36,42,1.7,29.16476237934172,0,44
44,28,40,51,35,1.84,28.393620973846424,0,44
38,45,40,31,44,1.43,29.76790158252664,0,44
37,34,47,41,39,1.88,29.00635356406398,0,44
40,30,43,42,43,1.66,28.349408344792863,0,44
34,49,33,41,41,1.35,27.1551821250559,0,44
36,46,38,38,40,1.47,28.768705263991876,0,44
33,47,42,35,41,1.42,28.14768626412075,0,44
44,29,50,35,40,1.8,30.30847604874982,0,44
39,44,39,40,36,1.68,28.667441866540575,0,44
38,43,31,48,38,1.33,26.906050289178253,0,44
49,38,34,41,36,1.73,30.21931788731426,0,44
40,32,42,36,48,1.96,29.46123447631446,0,44
47,43,34,44,30,1.55,29.819759791081328,0,45
39,35,44,48,32,1.94,28.977227574457192,0,45
41,50,29,45,33,1.44,29.38170392659794,0,45
38,34,40,44,42,1.53,28.1379849681462,0,45
47,45,30,46,30,1.83,31.422323890442115,0,45
36,37,42,44,39,1.32,26.97363043268149,0,45
38,40,37,37,46,1.69,28.607588136133067,0,45
42,30,59,37,30,1.42,29.312002707897825,0,45
38,46,33,40,41,1.98,29.583112612768957,0,45
39,29,40,52,38,1.69,27.11765683153868,0,45
53,34,31,37,43,1.75,30.435289344086335,0,45
35,39,43,36,45,1.84,28.8248633049497,0,45
45,42,44,32,35,1.85,33.199835712735336,0,45
41,37,32,45,43,1.36,28.201733750495976,0,45
43,40,47,41,27,1.4,29.710020231042847,0,45
37,40,35,47,39,1.83,28.319763330478104,0,45
31,42,47,36,42,1.67,27.128144383949838,0,45
42,30,48,36,42,1.5,29.479875592956574,0,45
43,38,35,46,36,1.79,29.385141976897216,0,45
41,41,51,33,32,1.42,30.5282171032586,0,45
38,34,41,50,35,1.54,27.3498315134775,0,46
54,37,38,34,35,1.83,33.62931897237545,0,46
42,42,34,40,40,1.67,29.073855882781658,0,46
46,42,36,34,40,1.45,31.275177656424106,0,46
49,47,26,39,37,1.51,30.936558720876018,0,46
43,33,37,46,39,1.39,28.605476910972236,0,46
35,43,38,41,41,1.46,28.171777218941727,0,46
34,36,42,42,44,1.5,27.642095413851642,0,46
43,36,30,49,40,1.74,28.269584727752793,0,46
44,42,37,39,36,1.76,30.40761049131737,0,46
33,41,36,44,44,1.58,27.18183073920794,0,46
45,32,37,40,44,1.8,29.735208874942273,0,46
38,41,34,42,43,1.92,29.350395134680014,0,46
41,32,41,42,42,1.51,28.780472489296127,0,46
30,44,46,37,41,1.78,27.1037453086661,0,46
47,34,34,35,48,1.35,29.164770072557936,0,46
37,45,40,37,39,1.64,28.453336449355753,0,46
37,44,44,44,29,1.86,29.563972481235666,0,46
39,33,38,44,44,1.83,28.510416683891997,0,46
41,34,46,40,37,1.53,29.06636387191656,0,46
39,35,36,41,47,1.69,28.354120834908834,0,47
43,43,36,42,34,1.71,29.357776892803784,0,47
44,47,30,38,39,1.31,27.1110027168961,0,47
47,38,42,44,27,1.39,29.760841883973217,0,47
41,33,48,38,38,1.6,28.91406493098651,0,47
39,30,41,48,40,1.56,27.676780316590655,0,47
42,40,39,35,42,1.47,30.202903913972932,0,47
45,33,41,40,39,1.39,29.610704991613193,0,47
46,35,35,35,47,2.0,30.26602285929517,0,47
39,36,31,44,48,1.43,28.124995611965048,0,47
33,40,40,37,48,1.49,27.749765065164244,0,47
39,42,46,39,32,1.68,28.605913292592057,0,47
30,44,40,44,40,1.42,26.511286650512574,0,47
43,48,31,38,38,1.99,31.104221295710012,0,47
33,39,46,41,39,1.35,27.07219166304002,0,47
37,36,33,52,40,1.36,27.018477644618613,0,47
38,39,44,45,32,1.42,28.300898773834337,0,47
37,45,53,35,28,1.5,29.052306436640716,0,47
44,33,47,36,38,1.7,29.683222674432223,0,47
40,44,32,49,33,1.65,27.69754633259766,0,47
37,39,30,48,44,1.51,27.57875601844931,0,48
45,34,33,41,45,1.95,30.05967434415615,0,48
32,44,38,48,36,1.61,26.324788847378528,0,48
39,44,38,48,29,1.86,29.597865221732413,0,48
41,32,45,40,40,1.85,29.76818312238274,0,48
38,37,46,42,35,1.43,28.63427706135652,0,48
43,37,37,37,44,1.95,30.80514965508122,0,48
35,27,41,42,53,1.79,27.240086538955914,0,48
39,43,32,41,43,1.4,28.793892724406433,0,48
43,33,39,34,49,1.95,30.301237981257533,0,48
47,35,42,37,37,1.34,29.08076623369994,0,48
38,35,38,48,39,1.37,27.61600138397319,0,48
34,44,31,44,45,1.43,27.469274841840374,0,48
44,41,41,39,33,1.79,30.94206382019657,0,48
46,55,38,32,27,1.93,35.94567268457592,0,48
40,39,40,42,37,1.9,30.30511334466192,0,48
31,43,43,47,34,1.64,25.98095771750176,0,48
41,48,35,39,35,1.86,31.50325840715574,0,48
35,40,45,40,38,1.39,28.025264503578494,0,48
46,28,34,41,49,1.33,28.269096023391512,0,48
33,43,42,47,33,1.53,26.713690393390216,0,49
40,32,39,39,48,1.65,28.545061803592557,0,49
44,36,46,33,39,1.41,30.679316985967304,0,49
44,42,24,42,46,1.88,30.04174975763667,0,49
49,40,37,29,43,1.68,30.945368273591555,0,49
34,44,34,39,47,1.56,27.674907057158876,0,49
40,47,35,39,37,1.67,28.93437773745579,0,49
42,39,39,41,37,1.47,29.672627958125297,0,49
43,38,39,41,37,1.32,27.623576609345253,0,49
32,35,46,43,42,1.6,27.00879883674635,0,49
43,26,43,38,48,1.48,28.905574756592593,0,49
39,41,34,41,43,1.89,29.717581218042973,0,49
38,35,40,51,34,1.67,27.046640640421572,0,49
36,37,45,39,41,1.89,29.11957739244127,0,49
37,34,41,44,42,1.78,28.114582426461148,0,49
39,46,27,38,48,1.77,28.851472604718186,0,49
38,35,41,38,46,1.91,29.275889825981757,0,49
45,39,36,33,45,1.99,31.12873052764381,0,49
39,30,38,38,53,1.72,28.2688365120038,0,49
34,37,48,34,45,1.44,28.301218341265034,0,49
44,42,40,33,39,1.48,31.05083078054674,0,50
45,38,40,41,34,1.59,29.43805349783642,0,50
36,44,30,47,41,1.95,28.274626798317996,0,50
42,40,35,47,34,1.63,28.220040368499234,0,50
37,44,29,49,39,1.76,27.68431179104854,0,50
42,44,40,36,36,1.4,30.323028421807308,0,50
32,36,50,44,36,1.77,26.823415125406328,0,50
32,36,48,37,45,1.89,27.73813445510011,0,50
38,38,37,37,48,1.41,28.75429286006669,0,50
32,32,41,47,46,1.99,26.58802093827681,0,50
32,47,25,42,52,1.56,26.631510116262042,0,50
50,36,39,42,31,1.34,28.648560139766268,0,50
37,52,35,37,37,1.55,28.748209508606905,0,50
38,49,38,32,41,1.54,29.437933375303956,0,50
37,39,44,39,39,1.56,28.43461496339664,0,50
35,49,31,38,45,1.49,28.178158998863488,0,50
40,36,46,38,38,1.45,29.48784998277946,0,50
42,35,37,48,36,1.31,26.66839549871256,0,50
40,37,51,28,42,1.62,29.585262087892037,0,50
43,35,37,36,47,1.98,30.123972010079086,0,50
42,40,39,33,44,1.85,31.224026636515145,0,51
38,39,47,41,33,1.49,28.712751993880055,0,51
41,42,38,37,40,1.42,29.93555410582943,0,51
39,40,42,41,36,1.6,28.484191242526165,0,51
38,42,39,41,38,1.83,29.54964085380027,0,51
37,45,42,34,40,1.58,28.82845450787071,0,51
41,30,41,43,43,1.79,28.70922758099863,0,51
46,43,30,40,39,1.67,29.585206046311697,0,51
41,39,43,37,38,1.64,29.16764226537768,0,51
47,29,39,40,43,1.81,29.88195893129707,0,51
31,51,33,50,33,1.58,25.669087182336675,0,51
43,35,32,39,49,1.88,29.63430990943391,0,51
43,44,33,33,45,1.98,31.228441440616052,0,51
39,31,43,41,44,1.75,28.510485279477994,0,51
37,49,35,37,40,1.89,30.403868153450965,0,51
36,54,31,36,41,1.43,28.8803326083854,0,51
47,39,38,33,41,1.41,31.175757912109525,0,51
40,40,44,38,36,1.46,29.718612309071155,0,51
35,51,30,39,43,1.68,27.7145292093196,0,51
32,46,34,39,47,1.6,27.13482830211088,0,51
42,40,38,45,33,1.73,28.88601763826083,0,52
36,39,40,41,42,1.97,28.742591176882136,0,52
38,38,40,44,38,1.62,27.985011299677886,0,52
46,29,45,36,42,1.86,30.880196721478093,0,52
34,45,37,44,38,1.91,28.466586186736233,0,52
48,42,36,32,40,1.62,30.69076417054829,0,52
36,42,39,44,37,1.86,28.853209158598702,0,52
40,41,45,38,34,1.62,28.88692122333508,0,52
41,39,34,42,42,1.61,28.638519096029334,0,52
37,30,44,48,39,1.98,27.609556774761412,0,52
33,39,43,49,34,1.58,26.36923207351436,0,52
38,44,41,36,39,1.88,30.699013105319565,0,52
41,43,40,33,41,1.83,31.24424856340301,0,52
42,29,50,39,38,1.96,29.999798076887682,0,52
47,36,36,35,44,1.72,30.13974835404996,0,52
40,37,31,41,49,1.39,28.434762222808352,0,52
36,38,42,36,46,1.72,28.42717858267654,0,52
36,30,36,45,51,1.6,27.55296567527119,0,52
42,36,44,33,43,1.79,30.45149585215416,0,52
33,43,41,39,42,1.94,28.393408575048458,0,52
49,34,30,38,47,1.84,30.453980884850132,0,53
39,38,40,38,43,1.82,29.593800739965573,0,53
46,34,54,31,33,1.56,30.634672733296924,0,53
37,35,47,38,41,1.79,28.85422623593239,0,53
48,42,37,34,37,1.81,32.599123128608966,0,53
46,27,42,39,44,1.31,28.044773653498467,0,53
41,48,48,29,32,1.73,30.785152063264377,0,53
50,38,40,40,30,1.48,31.23448547490515,0,53
45,41,43,35,34,1.98,32.35650815593921,0,53
37,33,46,50,32,1.5,27.076868712232198,0,53
37,31,52,40,38,1.87,28.845845609896667,0,53
45,48,30,37,38,1.44,30.99995580174476,0,53
32,42,45,35,44,1.67,27.47983145987271,0,53
31,32,53,36,46,1.92,27.167980968732145,0,53
39,33,50,37,39,1.9,30.069046485320296,0,53
44,35,40,41,38,1.96,30.736191048652074,0,53
43,35,48,36,36,1.34,28.683513002905926,0,53
49,41,37,33,38,1.62,30.784674851555323,0,53
38,31,37,45,47,1.53,27.854558983463704,0,53
42,41,37,34,44,1.57,29.655894258636224,0,53
42,41,43,36,36,1.51,30.18616118252295,0,54
34,40,44,41,39,1.98,28.23807613624242,0,54
44,39,43,31,41,1.95,32.520223799216055,0,54
49,41,46,33,29,1.61,31.081238613549115,0,54
48,38,29,44,39,1.63,29.058262807832957,0,54
25,43,41,40,49,1.88,24.890745500268583,0,54
35,43,36,36,48,1.5,28.24400069548484,0,54
45,37,35,42,39,1.59,29.19732559836782,0,54
44,43,31,41,39,1.67,29.244879824031095,0,54
37,38,44,40,39,1.52,28.48751051742163,0,54
42,35,41,40,40,1.34,28.42056221996442,0,54
47,42,34,41,34,1.38,30.1333929413711,0,54
40,27,43,36,52,1.31,28.415421996795438,0,54
39,35,34,42,48,1.89,28.648266156178174,0,54
31,44,46,38,39,1.93,27.959450216747918,0,54
41,39,40,38,40,1.93,30.927628932929938,0,54
39,37,40,45,37,1.86,29.229416112059354,0,54
33,51,29,46,39,1.86,27.73552272352324,0,54
36,36,39,49,38,1.34,26.90359631299487,0,54
32,45,38,38,45,1.49,27.497598344270674,0,54
46,37,41,38,36,1.8,31.189415719590247,0,55
43,37,34,39,45,1.71,29.175390869876466,0,55
38,32,40,35,53,1.38,28.415223196344535,0,55
42,40,32,47,37,1.42,28.845514409094143,0,55
47,27,36,43,45,1.34,28.305206522023916,0,55
50,44,37,25,42,1.63,31.550881551776015,0,55
40,30,44,43,41,1.71,28.32792128021059,0,55
33,50,41,38,36,1.63,27.280782279588323,0,55
38,38,42,41,39,1.47,28.779231801032353,0,55
31,44,40,44,39,1.42,26.7935933146717,0,55
41,35,43,34,45,1.39,29.542103006691978,0,55
41,44,35,44,34,1.72,28.85753495713908,0,55
34,47,41,43,33,1.77,27.776256320796254,0,55
32,41,38,47,40,1.67,26.637957221943218,0,55
29,36,45,52,36,1.95,25.291828753441074,0,55
36,36,37,38,51,1.53,28.064847205632848,0,55
36,43,36,40,43,1.39,28.25933289215876,0,55
41,35,44,41,37,1.51,29.116589348414706,0,55
44,30,33,45,46,1.63,28.258596402797885,0,55
48,30,46,35,39,1.89,32.024409718241785,0,55
48,49,26,25,50,1.37,30.379862264399648,0,56
40,43,32,40,43,1.84,29.885845947789917,0,56
43,32,36,41,46,1.66,28.699535002990693,0,56
40,33,41,47,37,1.96,28.842384017974574,0,56
46,34,43,40,35,1.78,30.424413285775515,0,56
45,33,37,41,42,1.8,29.833605184583647,0,56
54,45,30,40,29,1.71,31.27255499778768,0,56
40,29,46,41,42,1.64,28.380955354592864,0,56
37,30,38,43,50,1.54,27.804403042386046,0,56
32,38,45,37,46,1.39,27.509555988066033,0,56
30,43,42,44,39,1.41,26.46904242671331,0,56
41,43,41,40,33,1.94,31.475998962916307,0,56
45,46,33,43,31,1.48,30.372140555904068,0,56
32,45,33,44,44,1.51,26.981559502712116,0,56
43,32,42,36,45,1.87,30.40903703618011,0,56
40,33,43,45,37,1.46,28.512472204755905,0,56
38,47,32,46,35,1.86,29.462899743071876,0,56
44,30,46,42,36,1.86,30.199402178884004,0,56
42,36,33,38,49,1.97,29.566985842044474,0,56
43,39,47,37,32,1.59,29.56907244341496,0,56
55,46,29,37,31,1.47,32.84202196173039,0,57
37,32,36,48,45,1.83,27.480712330387124,0,57
35,43,43,37,40,1.4,28.429688579578084,0,57
35,41,42,42,38,1.77,28.087968964822842,0,57
43,34,34,47,40,1.45,28.663550558853466,0,57
40,39,45,38,36,1.94,30.949789965128186,0,57
43,45,33,40,37,1.48,30.14278742618177,0,57
44,40,37,34,43,1.64,29.771782483748254,0,57
37,41,49,34,37,1.46,29.370003212075787,0,57
36,43,48,39,32,1.59,27.890168942187742,0,57
42,53,24,33,46,1.96,31.382890046367528,0,57
51,34,42,34,37,1.54,31.087603677742784,0,57
41,34,40,43,40,1.46,28.933728874891244,0,57
54,33,28,36,47,1.82,30.72906688067428,0,57
41,44,46,37,30,1.62,29.160175348754287,0,57
42,48,44,33,31,1.64,29.92885840034118,0,57
38,45,46,39,30,1.45,29.29885676730626,0,57
29,47,45,39,38,1.31,25.264889991441734,0,57
28,29,49,38,54,1.37,26.667706339269017,0,57
46,33,41,41,37,1.65,29.215049123680593,0,57
40,35,38,42,43,1.44,28.824200861089594,0,58
42,49,41,34,32,1.37,30.07548002644277,0,58
32,48,37,36,45,1.85,28.14061686810252,0,58
38,43,38,37,42,1.59,28.716789419697804,0,58
36,33,41,39,49,1.79,28.12570859286025,0,58
43,38,32,36,49,1.54,29.258631216206457,0,58
39,38,31,48,42,1.95,28.472031971810168,0,58
37,43,43,29,46,1.39,29.269039238236346,0,58
38,45,38,28,49,1.54,29.255833933522567,0,58
44,40,37,35,42,1.47,30.536737684139034,0,58
37,40,39,41,41,1.73,28.371368252835556,0,58
45,48,38,28,39,1.95,34.16465575658315,0,58
37,43,39,43,36,1.46,28.52993638659293,0,58
40,39,41,31,47,1.79,30.079003499653716,0,58
38,31,51,34,44,1.68,28.68515507729758,0,58
31,52,31,43,41,1.47,26.78506275089255,0,58
33,41,43,40,41,1.74,27.59027703912073,0,58
40,41,46,30,41,1.79,30.72623836656842,0,58
35,41,39,41,42,1.48,28.093840747127054,0,58
49,32,36,39,42,1.36,29.374545504033527,0,58
50,40,41,29,38,1.9,34.87487454498055,0,59
37,38,40,52,31,1.64,26.5929895541379,0,59
46,38,40,41,33,1.64,29.434714973201995,0,59
37,41,34,45,41,1.8,28.34223828069375,0,59
47,43,36,43,29,1.53,30.190918765661124,0,59
37,36,41,33,51,1.99,28.889936935950946,0,59
44,28,46,44,36,1.67,28.3980392720011,0,59
49,46,32,29,42,1.83,33.512663126491816,0,59
39,46,38,34,41,1.65,29.089847945228126,0,59
36,29,44,52,37,1.49,26.71758287148268,0,59
45,36,44,43,30,1.55,29.276682279569812,0,59
50,45,35,34,34,1.82,33.670381822814214,0,59
41,42,44,40,31,1.3,25.580034665343458,0,59
43,38,33,41,43,1.79,29.653058203701733,0,59
43,40,37,37,41,1.44,30.233045070571258,0,59
42,41,29,42,44,1.57,28.75329205658099,0,59
47,38,37,44,32,1.61,29.201081316208857,0,59
28,42,40,48,40,1.45,25.595556234335078,0,59
44,32,40,50,32,1.78,28.515396941693886,0,59
37,36,42,48,35,1.8,27.903905397835114,0,59
41,42,40,48,27,1.85,29.971601605768686,0,60
34,47,37,41,39,1.76,27.91628453248572,0,60
40,40,45,39,34,1.35,28.347308836902688,0,60
36,39,34,42,47,1.95,28.282700326855423,0,60
36,42,44,36,40,1.67,28.34551099542311,0,60
43,33,39,42,41,1.6,28.806355406704363,0,60
41,46,34,36,41,1.69,29.395133025410544,0,60
39,44,35,43,37,1.98,29.64257213190021,0,60
47,45,45,25,36,1.63,31.618467287877728,0,60
38,38,39,43,40,1.33,27.523849358940318,0,60
46,40,45,29,38,1.52,31.55229575820435,0,60
37,41,35,45,40,1.66,27.76710260511974,0,60
44,32,36,43,43,1.49,29.009533419947548,0,60
47,39,39,37,36,1.84,32.29604017576876,0,60
35,48,36,36,43,1.65,28.0051131322548,0,60
42,39,33,40,44,1.95,30.234973824419807,0,60
42,42,39,38,37,1.35,28.89730166407538,0,60
37,41,39,42,39,1.34,27.578264699699716,0,60
42,38,43,48,27,1.48,28.594754664191473,0,60
39,45,31,38,45,1.3,26.71898760529524,0,60
43,34,41,41,39,1.69,29.02102637572662,0,61
40,41,38,41,38,1.92,30.543907187631156,0,61
42,37,44,42,33,1.34,27.943948157331725,0,61
45,37,44,37,35,1.47,30.6956937890659,0,61
44,38,38,40,38,1.35,28.91554583007914,0,61
42,33,48,35,40,1.37,29.406370202919554,0,61
44,35,37,43,39,1.4,29.2961435025205,0,61
33,51,39,36,39,1.58,27.59133516243081,0,61
43,39,37,47,32,1.85,30.184567377346504,0,61
40,37,39,44,38,1.6,28.325395549918994,0,61
47,41,33,37,40,1.37,30.09677819147616,0,61
43,41,31,39,44,1.88,30.7292126737144,0,61
45,35,40,38,40,1.74,29.960145834337556,0,61
38,40,43,41,36,1.62,28.2376531363363,0,61
48,36,38,43,33,1.41,30.15898283069989,0,61
44,39,42,38,35,1.82,31.31687981036848,0,61
37,48,43,33,37,1.63,28.760994440242982,0,61
32,42,34,49,41,2.0,26.64120803833576,0,61
40,39,44,38,37,1.67,28.933100914744312,0,61
34,33,46,46,39,1.78,27.206506979797915,0,61
45,43,33,42,35,1.88,31.865870864773203,0,62
49,38,30,41,40,1.65,29.48271534063328,0,62
34,41,45,37,41,1.9,28.97857825097985,0,62
39,43,43,29,44,1.3,26.888464541605675,0,62
36,33,49,37,43,1.92,28.94642998798445,0,62
44,33,43,40,38,1.75,29.626791425914526,0,62
45,49,40,27,37,1.41,32.31120515315799,0,62
48,38,39,40,33,1.68,29.928668099211457,0,62
42,38,45,45,28,1.85,30.36169781336613,0,62
43,46,44,35,30,1.89,33.417187509961096,0,62
44,37,48,39,30,1.68,29.328638544701835,0,62
35,43,41,36,43,1.52,28.408477098653645,0,62
46,33,46,38,35,1.3,26.727550135660145,0,62
37,36,46,43,36,1.66,27.760249335183232,0,62
50,50,30,30,38,1.74,32.336799589125974,0,62
48,33,31,43,43,1.7,28.98517639746047,0,62
47,30,38,36,47,1.9,30.63960320972156,0,62
34,43,34,52,35,1.35,26.155652595950052,0,62
41,35,43,35,44,1.99,30.0509391048313,0,62
43,40,36,40,39,1.77,29.980298791322923,0,62
44,43,35,36,40,1.94,32.20200652893999,0,63
47,35,42,27,47,1.35,29.95806982820181,0,63
41,46,27,47,37,1.61,28.132264545789887,0,63
43,33,44,35,43,1.37,29.50323287155325,0,63
43,41,30,45,39,2.0,29.410550729933057,0,63
45,44,37,36,36,1.56,30.427457256192106,0,63
52,29,46,37,34,1.65,29.953527418812868,0,63
36,42,38,41,41,1.36,27.882771755300936,0,63
43,38,44,34,39,1.39,30.264116468192075,0,63
25,36,47,40,50,1.63,25.798021348881562,0,63
37,39,43,32,47,1.48,29.116334876795854,0,63
48,42,33,36,39,1.95,32.948705006428995,0,63
43,37,33,37,48,1.35,28.778961630111695,0,63
27,41,37,44,49,1.62,25.950004761420956,0,63
31,42,42,38,45,1.55,27.158858411403735,0,63
38,39,42,35,44,1.49,29.203811320266787,0,63
29,47,35,45,42,1.36,25.977640637247237,0,63
34,40,39,39,46,1.73,27.82461219987951,0,63
51,34,38,35,40,1.89,32.81197141015042,0,63
52,44,34,30,38,1.32,28.850132942892152,0,63
31,44,47,40,36,1.75,26.950544384141168,0,64
38,37,41,47,35,1.87,28.827826486178598,0,64
42,33,41,43,39,1.51,28.922149473649476,0,64
42,42,39,37,38,1.91,31.81145872721836,0,64
37,43,39,39,40,1.82,29.37345724824865,0,64
39,43,29,40,47,1.34,27.90413902295832,0,64
47,32,39,32,48,1.56,29.919938922032994,0,64
38,32,41,36,51,1.66,28.423897202218363,0,64
38,41,45,31,43,1.87,30.76081202004152,0,64
30,48,40,42,38,1.35,26.09861661833628,0,64
44,42,31,39,42,1.78,30.202741400418994,0,64
35,38,45,35,45,1.5,28.43761024611532,0,64
37,41,33,46,41,1.63,27.65801744454832,0,64
51,43,38,31,35,1.76,32.812213660637326,0,64
42,40,32,43,41,1.38,28.887734011241974,0,64
33,43,33,47,42,1.49,27.01503828314319,0,64
44,46,32,41,35,1.81,31.07117337208461,0,64
39,42,44,41,32,1.64,28.31607663990167,0,64
40,38,44,37,39,1.33,28.06382992596807,0,64
31,41,40,40,46,1.84,27.20311841983107,0,64
42,40,39,40,37,1.38,29.384615156347238,0,65
42,45,37,44,30,1.99,30.349590510141628,0,65
46,35,40,39,38,1.43,30.33421054005119,0,65
36,34,48,38,42,1.44,28.430160662191692,0,65
40,31,45,40,42,1.57,28.627117765709063,0,65
36,42,37,45,38,1.55,27.732144597543986,0,65
41,40,34,44,39,1.88,30.011846067212055,0,65
36,46,42,33,41,1.45,29.25103103588185,0,65
38,42,36,40,42,1.99,29.233408762202995,0,65
45,41,34,42,36,1.73,29.742980915748987,0,65
41,42,34,43,38,1.34,27.98942322553751,0,65
37,36,40,42,43,1.77,28.335131885866076,0,65
41,39,40,26,52,1.35,29.04241185295845,0,65
35,42,47,36,38,1.59,28.102966390012725,0,65
37,40,42,42,37,1.95,29.41086017471495,0,65
38,51,36,34,39,2.0,30.04342270315986,0,65
32,37,41,44,44,1.5,27.04136642267968,0,65
41,30,47,38,42,1.52,29.060195932080944,0,65
45,41,33,36,43,1.48,30.43535316809666,0,65
41,46,38,35,38,1.92,32.12310980022056,0,65
33,36,44,37,48,1.31,27.45727299191023,0,66
35,35,31,42,55,1.74,27.291208055655016,0,66
28,48,34,46,42,1.38,25.666950827239887,0,66
39,45,32,40,42,1.75,28.985927050304824,0,66
35,30,50,40,43,1.9,28.032490256836063,0,66
41,37,43,44,33,1.6,28.350740257961046,0,66
34,43,40,44,37,1.48,27.59972816040152,0,66
45,46,35,34,38,1.92,33.3699165284107,0,66
43,47,26,41,41,1.42,29.706316801107494,0,66
39,39,40,41,39,1.98,29.577638184364186,0,66
40,43,39,42,34,1.62,28.538418663010663,0,66
43,35,32,45,43,1.96,29.336113446326245,0,66
52,36,47,31,32,1.41,32.5592516344774,0,66
42,43,43,41,29,1.53,29.504581052844173,0,66
42,39,42,36,39,1.54,29.81713252917634,0,66
35,32,42,47,42,1.56,27.278286707102318,0,66
32,28,39,49,50,1.3,28.322316266083234,0,66
45,42,37,39,35,1.88,32.36751682595972,0,66
50,34,32,44,38,1.51,29.635655838216955,0,66
43,42,41,42,30,1.49,29.900480412816236,0,66
39,37,46,37,39,1.36,28.683795959635216,0,67
39,45,39,54,21,1.41,27.02123116415606,0,67
42,45,37,41,33,1.53,29.605919241002432,0,67
45,34,35,48,36,1.66,28.292312725684543,0,67
33,42,43,37,43,1.33,27.12532866439235,0,67
33,42,43,40,40,1.39,27.57024733284515,0,67
38,40,35,48,37,1.79,28.21353940291281,0,67
45,43,40,32,38,1.82,32.47701106567539,0,67
42,40,40,35,41,1.51,30.070267984598757,0,67
49,29,46,45,29,1.89,31.111980716898433,0,67
45,41,36,34,42,1.83,31.74567583218103,0,67
23,45,46,47,37,1.58,23.7842531966689,0,67
33,45,52,28,40,1.64,27.94002453037502,0,67
43,36,37,38,44,1.67,29.189450829645224,0,67
41,37,37,46,37,1.34,27.70130145301624,0,67
45,33,41,34,45,1.32,28.4763597061918,0,67
37,39,35,44,43,1.45,28.171705676749397,0,67
40,41,33,39,45,1.42,29.154166797213556,0,67
47,39,43,32,37,1.39,31.307197902006564,0,67
40,34,38,43,43,1.58,28.397720700146362,0,67
37,37,38,42,44,1.74,28.213973219295838,0,68
41,41,42,34,40,2.0,30.505117239073222,0,68
37,37,40,49,35,1.8,27.829123007964387,0,68
46,46,33,30,43,1.55,30.901952896803678,0,68
45,36,37,36,44,1.75,30.074325429596257,0,68
47,37,33,48,33,1.61,28.581327962489162,0,68
39,35,48,38,38,1.34,28.078469737761274,0,68
39,36,52,35,36,1.88,30.71571361638408,0,68
38,41,36,47,36,1.53,27.968200641211624,0,68
44,33,40,30,51,1.89,30.837520977022336,0,68
38,47,36,35,42,1.41,29.404811332097303,0,68
35,38,39,48,38,1.47,27.3525908482058,0,68
41,35,42,39,41,1.47,29.409157216487827,0,68
32,37,45,51,33,1.82,26.28312656262443,0,68
40,45,33,39,41,1.33,27.841475701620407,0,68
50,31,33,40,44,1.79,29.94747861264662,0,68
44,34,35,44,41,1.82,29.54309578206975,0,68
41,33,42,41,41,1.36,28.584854560198917,0,68
36,41,38,52,31,1.67,26.49480203559045,0,68
30,41,40,47,40,2.0,26.28636529071464,0,68
28,36,56,38,40,1.42,26.0884238206404,0,69
31,47,45,36,39,2.0,27.581528534729017,0,69
38,36,40,45,39,1.34,27.540736646653993,0,69
36,49,41,42,30,1.88,29.94879484943601,0,69
44,50,39,28,37,1.68,30.937105631927878,0,69
39,31,39,46,43,1.78,28.065432206036753,0,69
36,39,44,38,41,1.59,28.22413975813604,0,69
43,32,35,45,43,1.67,28.382154449244112,0,69
41,36,33,43,45,1.43,28.731446621683062,0,69
44,45,32,41,36,1.65,29.31475471592627,0,69
32,40,54,36,36,1.47,27.533814849785834,0,69
43,36,36,44,39,1.49,29.146846938546226,0,69
39,40,51,30,38,1.61,29.366550005532392,0,69
37,46,40,38,37,1.81,29.641593032138783,0,69
33,40,42,45,38,1.43,27.217192467725816,0,69
39,41,42,34,42,1.64,29.05922821621017,0,69
50,45,31,42,30,1.49,31.241475739990978,0,69
39,47,38,39,35,1.74,29.282612033223693,0,69
39,30,39,45,45,1.95,28.164598892351396,0,69
42,39,30,39,48,1.95,29.83086200066324,0,69
44,48,39,39,28,1.82,32.17130429607663,0,70
41,41,38,42,36,1.86,30.541216901558805,0,70
33,38,37,45,45,1.71,27.153913349158515,0,70
39,44,34,42,39,1.89,30.126496076936057,0,70
41,36,46,37,38,1.37,29.192470701971224,0,70
25,34,47,41,51,1.68,25.823984191510995,0,70
37,42,35,35,49,1.32,27.595695374176977,0,70
51,36,27,47,37,1.54,29.123293464948105,0,70
38,39,36,39,46,1.48,28.71793783108398,0,70
42,41,37,34,44,1.54,29.825402484058625,0,70
40,40,38,35,45,1.47,29.620839287828012,0,70
36,42,41,38,41,1.84,29.276688725394912,0,70
36,42,43,43,34,1.36,27.478012068763526,0,70
50,32,40,39,37,1.89,32.07466687977738,0,70
49,29,36,38,46,1.99,29.982606001033513,0,70
37,39,39,36,47,1.44,28.802759581268646,0,70
34,39,39,41,45,1.78,27.817677391052335,0,70
35,37,43,43,40,1.37,27.604934712717906,0,70
46,39,41,31,41,1.9,33.147630804564656,0,70
34,34,44,38,48,1.41,27.84901890454707,0,70
38,36,49,34,41,1.85,30.049202477282293,0,71
43,38,42,43,32,1.44,29.67660558585205,0,71
43,49,31,45,30,1.71,29.08162627424713,0,71
48,43,34,34,39,1.78,31.888261835446176,0,71
37,43,28,46,44,1.33,27.15139496079909,0,71
48,45,38,28,39,1.48,32.53088857817182,0,71
39,45,37,35,42,1.33,27.985708216731027,0,71
38,38,48,41,33,1.85,29.669945630185413,0,71
25,43,38,51,41,1.3,25.339639244325724,0,71
44,33,49,35,37,1.51,30.184710783906645,0,71
37,40,34,40,47,1.73,28.254165248837044,0,71
39,47,38,39,35,1.87,30.971897447689305,0,71
35,34,39,54,36,1.48,26.489018176331808,0,71
33,46,38,39,42,1.88,28.469626855537733,0,71
44,32,32,47,43,1.56,28.272357376930145,0,71
29,41,41,36,51,1.95,26.59212634585584,0,71
41,36,44,42,35,1.42,29.209144453032973,0,71
32,46,42,41,37,1.76,27.318333593215876,0,71
41,32,36,49,40,1.76,28.01892070809364,0,71
39,36,50,35,38,1.85,30.383370824038565,0,71
40,47,36,36,39,1.88,31.45507801159593,0,72
44,43,37,34,40,1.57,30.21811673690551,0,72
38,52,36,33,39,1.39,29.520095266346623,0,72
43,40,38,37,40,1.44,30.302613340574823,0,72
36,42,41,43,36,1.68,27.71886041463597,0,72
32,35,48,44,39,1.59,26.77989677274205,0,72
45,44,47,30,32,1.64,30.768883979733545,0,72
41,35,46,40,36,1.41,29.321922701477703,0,72
36,34,40,45,43,1.69,27.648122726922857,0,72
39,42,39,44,34,1.7,28.283875956808533,0,72
37,44,43,40,34,1.68,28.172055628949412,0,72
39,45,44,40,30,1.88,31.099173033641815,0,72
44,40,34,32,48,1.89,31.506144832309158,0,72
38,41,40,46,33,1.46,28.339226308451323,0,72
27,40,49,43,39,1.47,25.540369093363687,0,72
41,38,26,48,45,1.6,27.81353368144272,0,72
20,42,42,52,42,1.51,22.927685086713865,0,72
36,45,43,35,39,1.73,28.755327325090335,0,72
51,34,23,45,45,1.61,28.38606061125082,0,72
46,34,39,40,39,1.69,29.466603976044667,0,72
51,34,43,42,28,1.56,29.958245075389584,0,73
39,40,44,39,36,1.73,29.003676335253438,0,73
38,40,45,37,38,1.88,30.378291676340417,0,73
39,31,37,40,51,1.9,28.33322203117119,0,73
47,40,41,42,28,1.6,29.560842722980198,0,73
49,45,33,36,35,1.7,30.946310103800656,0,73
45,36,42,39,36,1.82,31.05565955010765,0,73
42,37,43,30,46,1.4,30.179066804350057,0,73
40,34,41,43,40,1.57,28.446572546383415,0,73
41,35,40,34,48,1.35,28.877764059414595,0,73
40,40,47,42,29,1.5,28.979269989827394,0,73
30,53,49,32,34,1.49,27.197111365109762,0,73
33,33,38,50,44,1.45,26.647480574519136,0,73
49,40,35,37,37,1.36,30.13573973682523,0,73
45,30,41,41,41,1.84,29.994232673177926,0,73
41,38,41,45,33,1.97,29.881154797402797,0,73
37,38,44,40,39,1.31,26.93125244981131,0,73
43,38,43,37,37,1.36,29.365530958921045,0,73
44,38,27,42,47,1.42,28.98612510109086,0,73
37,37,40,50,34,1.76,27.421786942364207,0,73
53,40,31,39,35,1.63,30.35564845866468,0,74
29,37,41,45,46,1.95,25.941622607506787,0,74
43,35,39,43,38,1.68,28.801329842056486,0,74
47,39,32,39,41,1.73,30.025410946090595,0,74
42,42,41,38,35,1.3,26.301434786672736,0,74
38,45,39,35,41,1.91,30.824292981281655,0,74
43,35,45,44,31,1.58,28.588566070127023,0,74
33,48,39,43,35,1.55,27.12206651607174,0,74
51,35,45,42,25,1.98,32.25422138725622,0,74
41,37,37,33,50,1.75,29.391165095094166,0,74
47,35,41,40,35,1.79,30.79513629959946,0,74
42,39,41,35,41,1.8,30.632568229585026,0,74
38,30,48,46,36,1.82,28.080168279144313,0,74
29,45,38,43,43,1.62,26.21457317689696,0,74
34,43,44,36,41,1.53,28.13716993346501,0,74
28,42,47,44,37,1.65,25.575538459282175,0,74
50,37,40,24,47,1.92,33.96204753148255,0,74
51,34,34,34,45,1.71,30.241938256881355,0,74
42,30,45,38,43,1.7,29.01672622228076,0,74
37,40,39,44,38,1.99,28.618196935531195,0,74
36,35,32,45,50,1.37,27.514759774614372,0,75
48,41,33,38,38,1.46,31.062575963087248,0,75
40,44,32,35,47,1.98,30.06494056738505,0,75
34,36,46,46,36,1.36,26.835438792740824,0,75
41,36,32,42,47,1.51,28.617017803699312,0,75
38,41,29,47,43,1.3,26.673268369587156,0,75
32,42,42,47,35,1.64,26.323502896358058,0,75
38,47,46,24,43,1.83,31.426756178534763,0,75
38,36,34,42,48,1.75,28.195984278970933,0,75
34,31,45,40,48,1.93,27.531488722113025,0,75
42,37,40,42,37,1.59,28.8619252479873,0,75
47,34,37,44,36,1.71,29.223671067832367,0,75
46,48,34,30,40,1.88,33.959822931374035,0,75
38,31,32,53,44,1.37,27.051832268179396,0,75
36,43,38,45,36,1.46,28.04950768485307,0,75
33,46,36,37,46,1.34,27.182895177914514,0,75
39,35,38,49,37,1.68,27.580633527424066,0,75
38,38,51,35,36,1.7,28.813640861514845,0,75
47,28,46,46,31,1.43,29.010189458470954,0,75
41,42,43,35,37,1.31,27.15681319828432,0,75
46,37,37,35,43,1.84,31.491283789221246,0,76
30,37,51,36,44,1.4,26.99945006258193,0,76
45,48,33,34,38,1.84,32.73467706130866,0,76
35,41,40,47,35,1.98,27.94829754443834,0,76
40,36,38,41,43,1.49,28.913806353476755,0,76
38,40,45,36,39,2.0,29.554515752075062,0,76
33,39,39,41,46,1.57,27.43361317240958,0,76
39,28,39,50,42,1.74,27.428714262244952,0,76
43,35,40,38,42,1.73,29.52949775354515,0,76
32,34,47,41,44,1.94,27.259083047875908,0,76
45,33,48,35,37,1.62,29.74160733699526,0,76
35,35,39,55,34,1.9,26.765898026704356,0,76
42,33,39,36,48,1.56,29.125127183544862,0,76
35,34,47,35,47,1.4,28.279763349522845,0,76
39,39,36,37,47,1.51,28.94713591140438,0,76
43,40,52,24,39,1.34,29.60291632632426,0,76
28,42,31,43,54,1.7,26.01781088087442,0,76
48,35,41,45,29,1.94,31.757007043077394,0,76
37,42,46,34,39,1.51,29.184806825636144,0,76
33,46,40,41,38,1.34,26.747229716197445,0,76
30,52,40,32,44,1.88,28.02001567237867,0,77
36,43,40,34,45,1.73,28.674456591860263,0,77
37,46,35,47,33,1.48,28.050940756568103,0,77
40,34,38,42,44,1.32,27.841105276645425,0,77
38,42,34,35,49,1.82,29.301054997592523,0,77
37,41,35,40,45,1.46,28.53371774953007,0,77
35,46,35,46,36,1.41,27.640052835367854,0,77
45,34,46,31,42,1.34,29.361648710935974,0,77
40,30,43,38,47,1.59,28.655434503443082,0,77
41,37,37,42,41,1.52,28.957419171948725,0,77
31,37,57,27,46,1.45,27.72234713117395,0,77
37,35,37,45,44,1.32,27.481218305538167,0,77
47,30,35,46,40,1.91,29.737614319431664,0,77
31,40,46,40,41,1.31,26.354154193960163,0,77
45,36,43,38,36,1.7,29.79434085273503,0,77
34,40,33,50,41,1.39,26.884307469296708,0,77
40,42,32,41,43,1.89,29.996877602075973,0,77
37,51,37,35,38,1.5,29.292400563586384,0,77
46,42,39,35,36,1.94,33.28430568095348,0,77
42,39,42,39,36,1.86,31.125527111367283,0,77
36,33,39,41,49,1.98,27.935108765166174,0,78
42,46,34,38,38,1.47,30.237142071658774,0,78
38,31,49,43,37,1.31,26.835102768861937,0,78
36,50,29,48,35,1.87,28.70779825515068,0,78
35,43,54,29,37,1.71,28.642573843546405,0,78
42,40,33,40,43,1.85,30.249436869712927,0,78
37,39,41,40,41,1.81,28.96751694219389,0,78
35,45,34,52,32,1.98,27.451334827509108,0,78
41,41,39,38,39,1.51,29.66520146437096,0,78
44,36,41,39,38,1.99,30.580862479092737,0,78
48,39,34,46,31,1.88,31.73097809998205,0,78
40,36,35,40,47,1.74,28.712713878358667,0,78
38,47,38,39,36,1.38,28.82072451743751,0,78
37,40,40,47,34,1.62,27.3791852664178,0,78
37,37,43,37,44,1.7,28.51403152741389,0,78
39,44,44,42,29,1.69,28.279531535538453,0,78
37,37,44,39,41,1.34,27.888573169669854,0,78
41,39,33,41,44,1.91,29.973080018418294,0,78
38,46,40,33,41,1.73,29.3890611261043,0,78
41,42,31,49,35,1.68,27.938263085808416,0,78
42,44,41,36,35,1.49,30.480582874995697,0,79
42,39,33,33,51,1.63,29.013311229679875,0,79
37,47,48,28,38,1.5,29.887951181926418,0,79
42,40,36,33,47,1.88,31.053149541426677,0,79
42,41,38,36,41,1.67,29.459867496353425,0,79
38,34,52,37,37,1.62,28.383996838374497,0,79
47,36,40,46,29,1.33,27.314191378013028,0,79
33,36,40,48,41,1.37,26.83609585896587,0,79
36,43,42,35,42,1.97,29.650107015324686,0,79
44,38,40,40,36,1.79,30.46663686826524,0,79
42,43,36,35,42,1.76,30.22391445323808,0,79
34,35,51,52,26,1.46,25.804044325870205,0,79
35,48,41,39,35,1.58,27.878861699676744,0,79
41,47,34,39,37,1.33,27.830041515541676,0,79
33,45,49,30,41,1.31,26.36450509803387,0,79
36,36,33,45,48,1.85,27.628043900476104,0,79
37,49,37,40,35,1.51,28.756623670612363,0,79
35,39,40,35,49,1.36,28.047292483998334,0,79
44,24,39,40,51,1.35,28.3822626378564,0,79
40,41,42,33,42,1.56,29.568762341865856,0,79
37,41,42,36,42,1.36,28.45742131603977,0,80
40,29,42,42,45,1.64,28.310830972157582,0,80
33,40,35,45,45,1.72,27.135426304862065,0,80
50,37,36,42,33,1.47,30.734169403715143,0,80
51,32,29,48,38,1.77,29.051997443540415,0,80
44,28,49,39,38,1.67,28.955410044410936,0,80
39,49,39,37,34,1.43,29.92006183794902,0,80
39,40,35,36,48,1.53,28.904469669833556,0,80
44,42,41,32,39,1.48,31.17502540887221,0,80
35,33,44,43,43,1.47,27.719543675519894,0,80
35,37,38,41,47,1.93,28.11088381957355,0,80
38,39,40,37,44,1.41,29.01023010172578,0,80
33,43,41,44,37,1.77,27.372902777934776,0,80
41,37,40,40,40,1.75,29.298719941125015,0,80
37,43,36,40,42,1.76,28.65730646956994,0,80
33,45,31,50,39,1.91,27.20512394620244,0,80
36,43,30,41,48,1.68,27.766876032497535,0,80
44,39,39,29,47,1.89,32.10506879026712,0,80
46,46,38,28,40,1.61,30.9806119802345,0,80
44,33,44,30,47,1.51,30.217761262643624,0,80
40,36,38,41,43,1.53,28.78716118291313,0,81
40,40,44,35,39,1.33,28.158972564825504,0,81
35,44,41,38,40,1.46,28.5003429280903,0,81
39,40,44,38,37,1.31,26.912714926843996,0,81
29,39,45,42,43,1.78,26.396614834494272,0,81
36,42,38,41,41,1.73,28.180073814733273,0,81
39,42,40,37,40,1.72,29.14590060863726,0,81
45,40,47,33,33,1.67,30.356416206906744,0,81
38,37,40,53,30,1.48,27.114910568823234,0,81
34,46,42,38,38,1.56,27.847445929679566,0,81
40,41,46,33,38,1.5,30.07483760461021,0,81
45,44,25,48,36,1.74,28.973862087736038,0,81
40,39,47,36,36,1.41,29.761789110444038,0,81
44,38,39,44,33,1.68,28.889508969998605,0,81
54,33,39,38,34,1.99,32.110554133566524,0,81
37,45,36,35,45,1.79,29.267604260551472,0,81
44,39,40,37,38,1.83,31.381850368286017,0,81
49,34,42,41,32,1.93,32.40916536281464,0,81
34,38,37,45,44,1.85,27.55435208713132,0,81
42,31,40,43,42,1.31,27.639215424099536,0,81
39,31,33,57,38,1.67,26.562585196237336,0,82
39,38,34,44,43,1.98,28.819996783840153,0,82
47,38,39,32,42,1.5,31.109730549391937,0,82
41,32,38,40,47,1.34,28.37496514401132,0,82
54,36,35,38,35,1.59,30.537506818475478,0,82
42,40,31,35,50,1.91,30.33598362950149,0,82
49,39,34,49,27,1.74,29.351863816155603,0,82
44,42,40,31,41,1.8,31.725691387349144,0,82
36,44,35,37,46,1.37,28.205159794954056,0,82
39,37,39,48,35,1.56,27.787398263414225,0,82
47,40,36,30,45,1.49,31.19250047402184,0,82
34,44,45,39,36,1.95,29.06139218568093,0,82
34,44,45,35,40,1.51,28.309584265049665,0,82
33,42,44,40,39,1.38,27.472033897076283,0,82
34,48,43,41,32,1.38,27.46761449399962,0,82
35,39,37,42,45,1.81,28.038937435657065,0,82
37,42,29,40,50,1.56,27.951416813987276,0,82
38,37,34,50,39,1.65,27.373870804511014,0,82
35,33,42,48,40,1.75,27.198938773311966,0,82
43,29,36,41,49,1.99,28.723582473054723,0,82
44,36,46,38,34,1.56,29.71348546201047,0,83
43,39,46,32,38,1.97,32.09520465369623,0,83
46,42,41,33,36,1.4,31.401789744462455,0,83
44,37,37,44,36,1.91,30.83380472547726,0,83
42,55,37,31,33,1.6,30.314032448358056,0,83
50,35,34,39,40,1.65,29.732153103698145,0,83
33,33,47,30,55,1.34,27.759617520392915,0,83
38,37,44,39,40,1.7,28.556328683969255,0,83
37,38,51,39,33,1.67,27.977497011841663,0,83
45,36,43,39,35,1.6,29.540393768072875,0,83
30,41,44,43,40,1.74,26.52361025993315,0,83
42,43,37,43,33,1.94,31.239089080127833,0,83
39,42,33,41,43,1.32,27.463497876744434,0,83
42,50,34,36,36,1.64,29.583148294826575,0,83
35,44,40,47,32,1.61,26.88650476613727,0,83
31,37,52,35,43,1.73,27.27723042106863,0,83
32,51,38,39,38,1.97,28.235685220976883,0,83
51,46,23,38,40,1.38,30.516311294670036,0,83
48,36,40,35,39,1.77,31.207232757506596,0,83
39,48,43,40,28,1.74,29.126475996844658,0,83
37,41,39,32,49,1.34,28.179838842998794,0,84
42,36,35,51,34,1.59,27.686873132052824,0,84
40,43,41,38,36,1.84,30.799548259404474,0,84
33,30,56,38,41,1.34,27.162592749150335,0,84
46,40,34,45,33,1.66,29.004606349489897,0,84
42,39,49,45,23,1.91,31.127334852521948,0,84
35,40,38,43,42,1.98,28.182941399054215,0,84
45,32,42,40,39,1.4,29.65109962728306,0,84
36,53,40,25,44,1.62,28.800416281208406,0,84
32,41,39,43,43,1.85,27.370569433385967,0,84
41,42,39,35,41,1.68,29.44536970280754,0,84
38,42,34,32,52,1.86,29.53717928905124,0,84
35,43,39,44,37,1.99,28.213669809728103,0,84
46,51,35,36,30,1.98,33.394701263856035,0,84
53,38,37,30,40,1.39,31.953666600438847,0,84
44,37,42,29,46,1.91,32.166977122449325,0,84
44,38,42,30,44,1.85,31.96619435034889,0,84
35,38,51,31,43,1.85,29.444507721219985,0,84
33,39,37,49,40,1.33,26.501121724393975,0,84
49,35,48,33,33,1.52,31.411233782814122,0,84
34,38,44,40,42,1.6,27.649828001370054,0,85
47,42,32,35,42,1.81,31.658703244380668,0,85
36,47,29,50,36,1.57,27.05954181887279,0,85
44,48,33,42,31,1.75,30.213131521911276,0,85
35,40,47,34,42,1.49,28.645071886721432,0,85
44,37,45,42,30,1.56,29.217441000175114,0,85
43,39,42,31,43,1.43,30.753458476453808,0,85
47,42,36,40,33,1.33,28.315731778647688,0,85
36,36,44,36,46,1.33,27.90466765020421,0,85
43,31,35,40,49,1.48,28.818459690693558,0,85
31,41,41,46,39,1.81,26.73283483741744,0,85
38,38,34,49,39,1.62,27.49237016205185,0,85
30,49,33,51,35,1.34,25.11752102450044,0,85
32,42,38,46,40,1.93,27.27576899230588,0,85
34,52,35,39,38,1.35,27.150057097894994,0,85
26,54,39,45,34,1.52,24.619786519186476,0,85
36,43,48,28,43,1.64,28.77850592392772,0,85
48,31,32,49,38,1.31,26.901819232445224,0,85
28,47,35,45,43,1.78,25.82943449400348,0,85
45,33,35,49,36,1.96,29.453311065410066,0,85
35,43,44,41,35,1.99,28.584400582527394,0,86
39,40,37,44,38,1.77,28.764543920261506,0,86
33,33,44,46,42,1.55,27.00756401664658,0,86
38,47,41,37,35,1.88,31.032251730335787,0,86
41,41,48,30,38,1.84,31.89668352115488,0,86
37,37,48,26,50,1.79,29.50466842358818,0,86
38,43,45,29,43,1.73,29.60660944162231,0,86
39,37,46,41,35,1.37,28.412579025839758,0,86
39,36,40,43,40,1.4,28.562890451941605,0,86
38,32,49,32,47,1.49,29.07110581585428,0,86
41,48,27,43,39,1.73,28.929488336045296,0,86
46,36,38,34,44,1.36,29.759350302807825,0,86
46,36,43,41,32,1.91,32.09757978626188,0,86
38,36,39,47,38,1.92,28.698129504196523,0,86
41,42,43,36,36,1.37,29.483919523360015,0,86
35,43,44,38,38,1.63,27.898533625835984,0,86
32,39,41,47,39,1.82,26.90495313008632,0,86
49,30,42,43,34,1.57,29.245565687154937,0,86
30,34,49,38,47,1.56,26.948370547861067,0,86
36,41,47,39,35,1.79,28.83776497876206,0,86
40,39,35,39,45,1.97,29.705573850631254,0,87
40,44,40,40,34,1.97,30.752044397622853,0,87
31,31,43,46,47,1.84,26.265819625476,0,87
47,36,33,34,48,1.98,30.858113436121727,0,87
34,47,36,34,47,1.88,28.99199353210711,0,87
46,49,41,27,35,1.39,32.284659152025064,0,87
39,46,37,37,39,1.62,28.878560672900377,0,87
51,39,36,33,39,1.79,32.387314229893065,0,87
31,49,41,34,43,1.4,27.44267253915048,0,87
37,42,42,41,36,1.78,28.848779428274568,0,87
47,35,30,47,39,1.35,28.237610710668864,0,87
53,34,33,32,46,1.39,30.677996053280673,0,87
33,35,41,43,46,1.31,27.358232497947398,0,87
46,43,40,39,30,1.35,29.278838869771455,0,87
45,31,34,41,47,1.51,28.952232401948585,0,87
46,37,42,38,35,1.88,32.31374999186821,0,87
32,36,42,43,45,1.33,27.11873103365017,0,87
37,36,45,39,41,1.34,27.889862905421893,0,87
34,34,51,44,35,1.4,27.139581724449364,0,87
32,42,34,46,44,1.97,26.98024212628747,0,87
40,41,46,36,35,1.9,31.54876186404902,0,88
39,52,38,32,37,1.59,29.459762548628156,0,88
34,37,43,46,38,1.34,26.794962086541354,0,88
30,50,37,41,40,1.47,26.715226915759573,0,88
34,41,43,42,38,1.89,28.505228015450168,0,88
41,40,38,36,43,1.97,30.629598306581695,0,88
32,51,37,32,46,1.73,27.61544615215243,0,88
24,51,41,39,43,1.87,24.722759502714172,0,88
33,38,39,45,43,1.79,27.247503592367373,0,88
36,43,43,35,41,1.39,28.753285074971156,0,88
36,34,53,41,34,1.43,27.989239070190802,0,88
41,29,40,48,40,1.7,27.851011053888175,0,88
35,49,32,43,39,1.7,27.572723809417198,0,88
42,48,30,39,39,1.61,29.18352057069164,0,88
34,40,46,32,46,1.76,28.435286980218155,0,88
38,41,34,37,48,1.66,28.428546921786364,0,88
48,42,37,32,39,1.58,30.96588648885659,0,88
36,48,41,37,36,1.51,28.778095469256947,0,88
38,43,47,38,32,1.78,29.506504393406622,0,88
48,45,27,32,46,1.94,32.76692538790868,0,88
38,42,44,37,37,1.96,30.43847453312919,0,89
39,36,40,48,35,1.76,28.0520698948174,0,89
30,39,50,45,34,1.76,26.060339557872865,0,89
40,36,32,46,44,1.41,28.240979249834012,0,89
40,43,37,42,36,1.32,27.109542865359476,0,89
37,41,50,35,35,1.63,28.448586008354194,0,89
37,42,36,33,50,1.92,29.596400875998917,0,89
43,44,27,44,40,1.81,29.84041712022877,0,89
48,31,39,31,49,1.89,31.38801098347117,0,89
38,49,41,40,30,1.93,31.139023352577116,0,89
38,35,41,41,43,1.94,29.107051195603464,0,89
48,24,47,37,42,1.64,29.195720985269453,0,89
36,30,37,43,52,1.75,27.544132914771016,0,89
35,49,39,37,38,1.99,29.13285057048039,0,89
44,36,39,48,31,1.92,30.422606684871464,0,89
39,32,39,46,42,1.31,27.394090665677652,0,89
39,37,37,51,34,1.88,28.537540532834527,0,89
48,44,44,42,20,1.36,29.274565271968264,0,89
44,31,39,50,34,1.43,28.31110520660772,0,89
43,41,34,43,37,1.87,30.822070359319323,0,89
37,36,46,41,38,1.61,28.026407576157418,0,90
34,41,47,35,41,1.94,29.174274263764737,0,90
34,48,38,44,34,1.8,27.99947535655985,0,90
43,44,48,28,35,1.34,29.416597797043096,0,90
32,41,40,46,39,1.76,26.866514415492535,0,90
32,45,35,41,45,1.9,27.660108201622272,0,90
49,45,37,39,28,1.82,33.14047458658479,0,90
41,44,29,39,45,1.53,29.07968176269194,0,90
50,32,42,41,33,1.58,29.703114125861113,0,90
36,43,41,42,36,1.84,29.06490216051114,0,90
47,30,39,39,43,1.96,30.5103688808396,0,90
41,43,33,40,41,1.63,28.85639503108183,0,90
53,34,35,34,42,1.68,30.415518576506493,0,90
40,39,54,26,39,1.55,30.157818703442377,0,90
36,51,33,33,45,1.35,27.932328666644437,0,90
38,44,40,41,35,1.38,28.5733036436718,0,90
53,39,29,41,36,1.79,31.42513819368863,0,90
43,38,38,36,43,1.65,29.43463167639666,0,90
34,49,36,40,39,1.56,27.665063419313345,0,90
47,41,41,36,33,1.65,30.332830439085125,0,90
38,38,46,37,39,1.5,29.079240743800874,0,91
44,36,50,35,33,1.9,32.517615938339425,0,91
39,50,38,34,37,1.72,29.58252448277608,0,91
39,39,38,38,44,1.9,29.99128311492101,0,91
43,38,47,33,37,1.86,32.12505654671219,0,91
36,43,31,45,43,1.51,27.78390230788372,0,91
33,42,43,41,39,1.63,27.240071327856686,0,91
34,34,40,30,60,1.42,27.536074546770685,0,91
47,35,41,39,36,1.57,29.8906287315533,0,91
43,42,28,47,38,1.81,29.45902240521248,0,91
52,41,30,42,33,1.56,30.36557065977272,0,91
45,36,43,27,47,1.82,31.68765722246024,0,91
32,40,46,39,41,1.32,26.666778168768012,0,91
37,43,43,39,36,1.7,28.40641616703772,0,91
44,36,35,43,40,1.85,30.184061530645888,0,91
44,38,40,36,40,1.78,30.65475408187428,0,91
34,58,38,38,30,1.38,27.667028255051626,0,91
27,35,40,59,37,1.9,23.760158409305866,0,91
36,46,43,36,37,1.68,28.36061986385421,0,91
36,44,33,44,41,1.77,28.09857865403732,0,91
38,40,39,34,47,1.68,28.77200439210022,0,92
34,42,38,38,46,1.56,27.828527928315182,0,92
45,38,39,34,42,1.34,29.19343242155112,0,92
44,33,49,31,41,1.67,29.95613150829194,0,92
42,46,35,36,39,1.47,30.436515117889616,0,92
44,36,43,32,43,1.4,30.473320364502687,0,92
31,45,38,37,47,1.89,27.601864773698903,0,92
44,46,29,36,43,1.97,31.486703001241395,0,92
34,33,39,51,41,1.89,26.69489060728052,0,92
42,37,39,40,40,1.77,29.63777519521323,0,92
33,45,38,39,43,1.87,28.333032423627504,0,92
43,30,42,38,45,1.49,29.309680665344516,0,92
42,32,33,39,52,1.77,28.598667721590985,0,92
36,33,45,39,45,1.48,28.24184800173006,0,92
33,37,45,47,36,1.87,27.297776761173964,0,92
40,38,43,43,34,1.64,28.290579373674547,0,92
41,47,34,43,33,1.57,28.874569729720214,0,92
39,43,38,32,46,1.51,29.538026858107717,0,92
38,46,33,42,39,1.64,28.182518845656052,0,92
42,30,30,46,50,1.3,27.88021804498531,0,92
45,39,44,33,37,1.62,30.24115021580417,0,93
30,46,44,28,50,1.85,27.71754458344354,0,93
46,40,42,35,35,1.72,30.71005257596495,0,93
29,39,44,43,43,1.47,26.33093777347941,0,93
44,39,37,39,39,1.64,29.393364689750925,0,93
35,46,47,29,41,1.62,28.50718754064426,0,93
51,34,40,38,35,1.67,30.168156632960585,0,93
32,40,44,40,42,1.3,26.448202907104566,0,93
44,38,37,51,28,1.4,28.383480160155464,0,93
37,34,39,50,38,1.33,26.846761716742755,0,93
42,35,38,39,44,1.45,29.429229219583203,0,93
44,39,31,34,50,1.92,30.799362099473143,0,93
52,35,43,35,33,1.56,31.119664738905065,0,93
32,49,51,38,28,1.59,26.516679653728318,0,93
36,39,35,41,47,1.31,27.37577010650651,0,93
40,37,42,40,39,1.6,28.73270429609357,0,93
42,42,42,34,38,1.97,31.77525919464715,0,93
40,33,40,45,40,1.92,29.090721936541435,0,93
48,40,26,41,43,1.62,29.222284275939696,0,93
35,41,31,40,51,1.9,27.937969075906807,0,93
36,37,44,40,41,1.79,28.50546896296976,0,94
43,34,46,36,39,1.52,29.87779970306706,0,94
29,33,52,45,39,1.88,25.839397678525152,0,94
48,45,44,24,37,1.75,33.024101433780295,0,94
44,35,37,34,48,1.3,27.65998305171089,0,94
35,37,43,47,36,1.54,27.20666782613506,0,94
41,35,43,40,39,1.53,29.114937244211482,0,94
37,38,39,42,42,1.64,28.04335844548065,0,94
43,38,40,35,42,1.84,31.1413521570647,0,94
41,40,35,35,47,1.72,29.299086203665794,0,94
31,40,41,46,40,1.9,26.8490684501171,0,94
31,44,40,39,44,1.51,27.144944443281982,0,94
46,38,37,41,36,1.62,29.440429426028828,0,94
37,47,32,36,46,1.48,28.826428698037944,0,94
34,41,37,41,45,1.8,27.906883714757864,0,94
44,33,39,42,40,1.84,30.042829337846314,0,94
39,38,30,55,36,1.38,26.97813820498242,0,94
38,36,45,39,40,1.36,28.352799655948928,0,94
45,42,31,35,45,1.67,29.663656854387334,0,94
41,38,39,43,37,1.58,28.66700840861246,0,94
48,31,43,35,41,1.69,30.00594932813321,0,95
39,33,43,36,47,1.5,28.949761357965944,0,95
43,40,40,36,39,1.39,30.12193529991918,0,95
41,50,33,33,41,1.38,29.899860593645393,0,95
39,38,39,54,28,1.97,28.049846169808436,0,95
44,40,42,43,29,1.6,28.967300722028455,0,95
35,32,50,35,46,1.76,28.25935483994297,0,95
47,40,36,40,35,1.54,30.25001381520435,0,95
50,36,34,36,42,1.32,28.381300830261672,0,95
30,49,38,45,36,1.43,26.34334462851155,0,95
52,39,31,37,39,1.56,30.64331201902612,0,95
46,34,41,39,38,1.78,30.423192073342882,0,95
39,47,41,31,40,1.72,29.756329771776443,0,95
42,42,34,33,47,1.96,31.015974066780355,0,95
40,39,44,36,39,1.86,30.813823288767693,0,95
51,35,42,32,38,1.3,27.259229259198293,0,95
33,41,37,59,28,1.5,25.11672086841835,0,95
40,54,32,42,30,1.85,31.178132014170714,0,95
32,44,44,34,44,1.9,28.51338454363443,0,95
42,36,45,33,42,1.61,29.58808735366027,0,95
49,31,45,32,41,1.68,30.36796902729442,0,96
43,41,46,35,33,1.44,30.90194276989548,0,96
44,35,47,34,38,1.88,32.02319404708298,0,96
42,48,33,45,30,1.59,28.66709077844685,0,96
50,33,31,43,41,1.39,29.4150147852111,0,96
37,39,34,35,53,1.85,28.67006410284194,0,96
34,45,33,39,47,1.7,27.620036027126226,0,96
42,37,35,43,41,1.96,29.87857601426824,0,96
42,40,34,40,42,1.44,29.600865409172695,0,96
29,37,36,51,45,1.97,25.428827023201478,0,96
45,39,46,39,29,1.49,30.534429262079392,0,96
42,32,48,46,30,1.36,27.68605510163824,0,96
39,45,31,46,37,1.41,28.51191503866434,0,96
43,35,34,37,49,1.74,29.191428037370088,0,96
49,39,34,36,40,1.42,31.139895618426706,0,96
39,29,49,35,46,1.56,28.77219760917523,0,96
42,41,41,37,37,1.48,30.226707899525092,0,96
35,52,40,43,28,1.49,27.887947346234554,0,96
48,38,38,40,34,1.91,32.70722518374446,0,96
42,39,38,46,33,1.66,28.31367421574811,0,96
34,41,46,36,41,1.6,27.89102432622008,0,97
38,31,39,46,44,1.73,27.82507948189739,0,97
40,38,46,35,39,1.81,30.353393280996507,0,97
31,41,31,47,48,1.31,26.81979368716814,0,97
38,39,24,51,46,1.9,27.378648208976266,0,97
42,39,40,44,33,1.56,28.80381353442445,0,97
44,31,50,36,37,1.42,30.087596672288498,0,97
43,39,40,40,36,1.75,29.846930277627052,0,97
31,41,51,34,41,1.77,27.524765844937818,0,97
36,42,42,44,34,1.72,27.738614518703642,0,97
41,33,51,41,32,1.65,28.3121902597709,0,97
50,36,39,34,39,1.31,27.928674376439385,0,97
43,49,28,37,41,1.89,31.9310334383002,0,97
39,28,54,43,34,1.99,28.367714521117723,0,97
41,37,41,31,48,1.5,29.788818624092453,0,97
36,45,36,36,45,1.68,28.277428754540985,0,97
40,35,47,44,32,1.5,28.538813027602572,0,97
39,35,42,41,41,1.73,28.63240966439289,0,97
35,44,41,36,42,1.91,29.550007265058444,0,97
34,43,37,41,43,1.61,27.547816951858152,0,97
48,32,39,40,39,1.36,29.326060354977926,0,98
43,41,32,42,40,1.83,30.29805967936261,0,98
44,47,35,34,38,1.43,31.218796611574074,0,98
45,39,40,41,33,1.62,29.361377232921317,0,98
38,33,33,47,47,1.38,27.659779545061305,0,98
35,44,34,41,44,1.5,27.984871668241553,0,98
36,42,44,44,32,1.59,27.43636400911479,0,98
49,44,29,35,41,1.98,32.43254309620127,0,98
43,48,43,30,34,1.41,31.627726910279854,0,98
38,49,41,37,33,1.63,28.62186942917976,0,98
39,35,43,35,46,1.86,29.79210379484482,0,98
38,48,38,37,37,1.95,30.87998743558327,0,98
31,35,40,51,41,1.79,26.095503265506416,0,98
39,34,45,41,39,1.48,28.78397191469191,0,98
34,42,42,41,39,1.38,27.653948723733805,0,98
27,45,39,49,38,1.68,25.059823631148795,0,98
41,40,35,36,46,1.55,29.263660275232954,0,98
46,47,32,31,42,1.34,29.421292742420277,0,98
37,40,44,32,45,1.89,30.17957250934358,0,98
46,52,41,30,29,1.55,31.97085717095956,0,98
45,36,43,37,37,1.62,29.698604704080566,0,99
38,39,45,32,44,1.58,29.066172326468774,0,99
41,35,39,42,41,1.79,29.225733269872016,0,99
37,51,37,37,36,1.42,29.277857283267274,0,99
40,42,45,30,41,1.69,29.73489122189114,0,99
35,38,38,39,48,1.95,28.29255627525697,0,99
31,39,32,47,49,1.92,26.13425006158905,0,99
35,34,47,40,42,1.65,27.78575447679197,0,99
35,36,60,36,31,1.54,27.646924319790493,0,99
38,43,40,40,37,1.35,28.0545773750817,0,99
36,36,36,51,39,1.97,27.394533971681255,0,99
41,34,40,37,46,1.5,29.2480928022104,0,99
50,34,46,22,46,1.82,33.13664374331115,0,99
41,39,36,36,46,1.47,29.575994985297864,0,99
44,31,36,41,46,1.81,29.272959366271454,0,99
40,32,30,50,46,1.95,27.53221166166938,0,99
41,38,39,37,43,1.92,30.699362731893846,0,99
39,31,42,41,45,1.38,28.40876168165331,0,99
37,29,40,50,42,1.99,27.202003889996874,0,99
35,45,30,43,45,1.67,27.482384858467924,0,99
40,42,42,35,39,1.45,30.06718381215154,0,100
44,33,44,35,42,1.3,27.488771494977097,0,100
38,38,51,35,36,1.44,29.410466849933755,0,100
43,45,37,36,37,1.49,30.63479238467186,0,100
32,35,45,40,46,1.99,27.31540691592259,0,100
32,36,31,50,49,1.56,26.553650846057415,0,100
41,46,34,40,37,1.9,31.35643217696767,0,100
38,39,30,42,49,1.71,28.02327517022969,0,100
35,48,31,40,44,1.78,28.20963902635758,0,100
32,43,51,31,41,1.93,28.935945317992136,0,100
40,39,48,27,44,1.44,30.464949489872176,0,100
39,32,38,42,47,1.44,28.359329734100054,0,100
50,38,36,38,36,1.73,30.773662521881064,0,100
30,47,31,40,50,1.95,26.65001910021446,0,100
44,48,28,35,43,1.34,28.764189640896348,0,100
44,33,46,37,38,1.38,29.70675708358388,0,100
41,37,43,43,34,1.78,29.331923947119165,0,100
38,47,37,39,37,1.73,28.913097337083286,0,100
45,40,41,38,34,1.58,29.94801249727641,0,100
36,37,33,46,46,1.7,27.538042657227315,0,100
