strength,dexterity,intelligence,vigor,constitution,height,fitness,generation,parent_selection_method,replacement_selection_method
68,69,36,18,7,1.95,48.763921946943256,100,elite,elite
68,69,36,18,7,1.95,48.763921946943256,100,elite,elite
68,69,36,18,7,1.95,48.763921946943256,100,elite,elite
68,69,36,18,7,1.95,48.763921946943256,100,elite,elite
68,69,36,18,7,1.95,48.763921946943256,100,elite,elite
68,69,36,18,7,1.95,48.763921946943256,100,elite,elite
68,69,36,18,7,1.95,48.763921946943256,100,elite,elite
68,69,36,18,7,1.95,48.763921946943256,100,elite,elite
68,69,36,18,7,1.95,48.763921946943256,100,elite,elite
68,69,36,18,7,1.95,48.763921946943256,100,elite,elite
68,69,36,18,7,1.95,48.763921946943256,100,elite,elite
68,69,36,18,7,1.95,48.763921946943256,100,elite,elite
68,69,36,18,7,1.95,48.763921946943256,100,elite,elite
68,69,36,18,7,1.95,48.763921946943256,100,elite,elite
68,69,36,18,7,1.95,48.763921946943256,100,elite,elite
68,69,36,18,7,1.95,48.763921946943256,100,elite,elite
68,69,36,18,7,1.95,48.763921946943256,100,elite,elite
68,69,36,18,7,1.95,48.763921946943256,100,elite,elite
68,69,36,18,7,1.95,48.763921946943256,100,elite,elite
68,69,36,18,7,1.95,48.763921946943256,100,elite,elite
86,72,34,3,3,1.92,58.117421331828005,100,elite,roulette
86,72,34,3,3,1.92,58.117421331828005,100,elite,roulette
86,72,36,2,2,1.92,58.80331141694075,100,elite,roulette
86,65,32,3,12,1.92,54.73349665761058,100,elite,roulette
86,65,32,3,12,1.92,54.73349665761058,100,elite,roulette
87,73,35,0,3,1.92,59.343641391992804,100,elite,roulette
86,72,34,3,3,1.92,58.117421331828005,100,elite,roulette
87,73,35,0,3,1.92,59.343641391992804,100,elite,roulette
86,72,34,3,3,1.92,58.117421331828005,100,elite,roulette
86,72,34,3,3,1.92,58.117421331828005,100,elite,roulette
89,70,33,3,3,1.92,58.06798275028812,100,elite,roulette
86,72,36,2,2,1.92,58.80331141694075,100,elite,roulette
86,65,32,3,12,1.92,54.73349665761058,100,elite,roulette
86,72,34,3,3,1.92,58.117421331828005,100,elite,roulette
87,74,35,0,2,1.92,59.71538769936113,100,elite,roulette
86,72,36,2,2,1.92,58.80331141694075,100,elite,roulette
86,74,34,1,3,1.92,58.969333983231145,100,elite,roulette
87,74,35,0,2,1.92,59.71538769936113,100,elite,roulette
87,73,36,1,1,1.92,59.60031555859811,100,elite,roulette
86,72,35,1,4,1.92,58.55083900044818,100,elite,roulette
26,41,41,52,38,1.61,24.675912795895897,100,elite,ranking
26,41,41,52,38,1.61,24.675912795895897,100,elite,ranking
26,41,41,52,38,1.61,24.675912795895897,100,elite,ranking
26,41,41,52,38,1.61,24.675912795895897,100,elite,ranking
26,41,41,52,38,1.61,24.675912795895897,100,elite,ranking
26,41,41,52,38,1.61,24.675912795895897,100,elite,ranking
26,41,41,52,38,1.61,24.675912795895897,100,elite,ranking
26,41,41,52,38,1.61,24.675912795895897,100,elite,ranking
26,41,41,52,38,1.61,24.675912795895897,100,elite,ranking
26,41,41,52,38,1.61,24.675912795895897,100,elite,ranking
26,41,41,52,38,1.61,24.675912795895897,100,elite,ranking
26,41,41,52,38,1.61,24.675912795895897,100,elite,ranking
62,46,36,9,45,1.78,36.49226994241093,100,elite,ranking
26,41,41,52,38,1.61,24.675912795895897,100,elite,ranking
26,41,41,52,38,1.61,24.675912795895897,100,elite,ranking
26,41,41,52,38,1.61,24.675912795895897,100,elite,ranking
61,52,35,7,43,1.78,37.54451742801474,100,elite,ranking
61,48,36,11,42,1.78,36.898109468024074,100,elite,ranking
61,46,37,10,44,1.78,36.50370318076377,100,elite,ranking
59,49,36,10,44,1.78,36.492292229700936,100,elite,ranking
74,51,53,1,19,1.94,50.39905936820298,100,elite,universal
71,54,54,0,19,1.94,50.65010315147554,100,elite,universal
72,54,53,0,19,1.94,50.835364924826465,100,elite,universal
72,54,53,0,19,1.94,50.835364924826465,100,elite,universal
72,55,52,0,19,1.94,50.99025484920615,100,elite,universal
71,55,54,0,18,1.94,51.023998594420355,100,elite,universal
72,55,52,0,19,1.94,50.99025484920615,100,elite,universal
72,55,52,0,19,1.94,50.99025484920615,100,elite,universal
71,55,54,0,18,1.94,51.023998594420355,100,elite,universal
71,55,54,0,18,1.94,51.023998594420355,100,elite,universal
71,55,54,0,18,1.94,51.023998594420355,100,elite,universal
71,55,54,0,18,1.94,51.023998594420355,100,elite,universal
71,55,54,0,18,1.94,51.023998594420355,100,elite,universal
71,55,54,0,18,1.94,51.023998594420355,100,elite,universal
71,55,54,0,18,1.94,51.023998594420355,100,elite,universal
71,55,54,0,18,1.94,51.023998594420355,100,elite,universal
71,55,54,0,18,1.94,51.023998594420355,100,elite,universal
71,55,54,0,18,1.94,51.023998594420355,100,elite,universal
71,55,54,0,18,1.94,51.023998594420355,100,elite,universal
67,52,61,1,17,1.94,49.54417461706035,100,elite,universal
83,77,23,8,7,1.91,54.92003988157714,100,elite,deterministic_tournament
83,77,23,8,7,1.91,54.92003988157714,100,elite,deterministic_tournament
83,77,23,8,7,1.91,54.92003988157714,100,elite,deterministic_tournament
83,77,23,8,7,1.91,54.92003988157714,100,elite,deterministic_tournament
83,77,23,8,7,1.91,54.92003988157714,100,elite,deterministic_tournament
83,77,23,8,7,1.91,54.92003988157714,100,elite,deterministic_tournament
83,77,23,8,7,1.91,54.92003988157714,100,elite,deterministic_tournament
85,79,24,10,0,1.91,56.50048319230408,100,elite,deterministic_tournament
83,77,23,8,7,1.91,54.92003988157714,100,elite,deterministic_tournament
83,77,23,8,7,1.91,54.92003988157714,100,elite,deterministic_tournament
83,77,23,8,7,1.91,54.92003988157714,100,elite,deterministic_tournament
83,77,23,8,7,1.91,54.92003988157714,100,elite,deterministic_tournament
83,77,23,8,7,1.91,54.92003988157714,100,elite,deterministic_tournament
83,77,23,8,7,1.91,54.92003988157714,100,elite,deterministic_tournament
85,79,24,10,0,1.91,56.50048319230408,100,elite,deterministic_tournament
83,77,23,8,7,1.91,54.92003988157714,100,elite,deterministic_tournament
82,79,23,9,5,1.91,55.15888277526273,100,elite,deterministic_tournament
88,79,24,5,2,1.91,57.87724492093759,100,elite,deterministic_tournament
83,77,23,8,7,1.91,54.92003988157714,100,elite,deterministic_tournament
83,77,23,8,7,1.91,54.92003988157714,100,elite,deterministic_tournament
74,59,44,3,18,1.83,48.70814508069807,100,elite,probabilistic_tournament
74,59,44,3,18,1.83,48.70814508069807,100,elite,probabilistic_tournament
74,59,44,3,18,1.83,48.70814508069807,100,elite,probabilistic_tournament
74,61,43,2,18,1.83,49.16883334116676,100,elite,probabilistic_tournament
74,59,44,3,18,1.83,48.70814508069807,100,elite,probabilistic_tournament
74,59,44,3,18,1.83,48.70814508069807,100,elite,probabilistic_tournament
74,59,44,3,18,1.83,48.70814508069807,100,elite,probabilistic_tournament
71,56,39,14,18,1.83,45.101260572762015,100,elite,probabilistic_tournament
74,59,44,3,18,1.83,48.70814508069807,100,elite,probabilistic_tournament
74,59,44,3,18,1.83,48.70814508069807,100,elite,probabilistic_tournament
74,59,44,3,18,1.83,48.70814508069807,100,elite,probabilistic_tournament
74,59,44,3,18,1.83,48.70814508069807,100,elite,probabilistic_tournament
74,59,44,3,18,1.83,48.70814508069807,100,elite,probabilistic_tournament
74,59,44,3,18,1.83,48.70814508069807,100,elite,probabilistic_tournament
74,59,44,3,18,1.83,48.70814508069807,100,elite,probabilistic_tournament
74,59,44,3,18,1.83,48.70814508069807,100,elite,probabilistic_tournament
74,61,43,2,18,1.83,49.16883334116676,100,elite,probabilistic_tournament
74,59,44,3,18,1.83,48.70814508069807,100,elite,probabilistic_tournament
74,59,44,3,18,1.83,48.70814508069807,100,elite,probabilistic_tournament
74,59,44,3,18,1.83,48.70814508069807,100,elite,probabilistic_tournament
68,61,41,0,28,1.9,48.92599762172399,100,elite,boltzmann
68,61,41,0,28,1.9,48.92599762172399,100,elite,boltzmann
68,61,41,0,28,1.9,48.92599762172399,100,elite,boltzmann
68,61,41,0,28,1.9,48.92599762172399,100,elite,boltzmann
68,61,41,0,28,1.9,48.92599762172399,100,elite,boltzmann
68,61,41,0,28,1.9,48.92599762172399,100,elite,boltzmann
68,61,41,0,28,1.9,48.92599762172399,100,elite,boltzmann
68,61,41,0,28,1.9,48.92599762172399,100,elite,boltzmann
68,61,41,0,28,1.9,48.92599762172399,100,elite,boltzmann
68,61,41,0,28,1.9,48.92599762172399,100,elite,boltzmann
68,61,41,0,28,1.9,48.92599762172399,100,elite,boltzmann
68,61,41,0,28,1.9,48.92599762172399,100,elite,boltzmann
68,61,41,0,28,1.9,48.92599762172399,100,elite,boltzmann
68,61,41,0,28,1.9,48.92599762172399,100,elite,boltzmann
68,61,41,0,28,1.9,48.92599762172399,100,elite,boltzmann
68,61,41,0,28,1.9,48.92599762172399,100,elite,boltzmann
68,61,41,0,28,1.9,48.92599762172399,100,elite,boltzmann
68,61,41,0,28,1.9,48.92599762172399,100,elite,boltzmann
68,61,41,0,28,1.9,48.92599762172399,100,elite,boltzmann
68,61,41,0,28,1.9,48.92599762172399,100,elite,boltzmann
75,44,56,13,10,1.91,48.02854116214081,100,roulette,elite
78,44,50,13,13,1.91,47.777918834088425,100,roulette,elite
72,44,58,11,13,1.91,47.60899732145207,100,roulette,elite
72,44,58,13,11,1.91,47.41213151253072,100,roulette,elite
77,41,56,13,11,1.91,47.365677907258416,100,roulette,elite
74,45,52,14,13,1.91,47.324862576667606,100,roulette,elite
76,42,54,13,13,1.91,47.15121922067908,100,roulette,elite
76,42,54,13,13,1.91,47.15121922067908,100,roulette,elite
76,42,54,13,13,1.91,47.15121922067908,100,roulette,elite
75,42,55,13,13,1.91,47.04345930435247,100,roulette,elite
75,42,55,13,13,1.91,47.04345930435247,100,roulette,elite
73,42,58,12,13,1.91,47.042655100940394,100,roulette,elite
77,40,56,12,13,1.91,47.03388700276952,100,roulette,elite
71,42,60,12,13,1.91,46.7170906935168,100,roulette,elite
72,43,56,14,13,1.91,46.61353630012161,100,roulette,elite
68,46,54,11,19,1.91,46.32007381953854,100,roulette,elite
74,39,54,12,19,1.91,45.394117924727894,100,roulette,elite
70,47,55,12,14,1.91,47.48992366657409,100,roulette,elite
70,47,55,13,13,1.91,47.399200244395345,100,roulette,elite
74,41,52,11,20,1.91,45.91244151846818,100,roulette,elite
46,51,32,33,36,1.3,26.32653144292632,100,roulette,roulette
41,57,32,34,34,1.52,30.42637060960144,100,roulette,roulette
41,56,32,33,36,1.3,25.654171595604282,100,roulette,roulette
41,53,36,32,36,1.52,30.590344629614915,100,roulette,roulette
40,54,36,32,36,1.52,30.334378471598498,100,roulette,roulette
41,54,35,31,37,1.52,30.642409557363138,100,roulette,roulette
41,57,35,30,35,1.52,30.864155946390216,100,roulette,roulette
41,56,32,33,36,1.3,25.654171595604282,100,roulette,roulette
41,54,35,31,37,1.52,30.642409557363138,100,roulette,roulette
40,54,36,32,36,1.52,30.334378471598498,100,roulette,roulette
41,54,35,31,37,1.52,30.642409557363138,100,roulette,roulette
46,51,32,33,36,1.3,26.32653144292632,100,roulette,roulette
41,54,35,31,37,1.52,30.642409557363138,100,roulette,roulette
40,56,34,32,36,1.52,30.315452194090227,100,roulette,roulette
41,54,35,31,37,1.52,30.642409557363138,100,roulette,roulette
41,57,35,30,35,1.52,30.864155946390216,100,roulette,roulette
41,54,35,31,37,1.52,30.642409557363138,100,roulette,roulette
43,56,25,34,40,1.52,30.370239547423644,100,roulette,roulette
41,54,36,31,36,1.3,25.86253793742617,100,roulette,roulette
45,50,33,33,37,1.52,31.238226182969807,100,roulette,roulette
0,69,55,51,23,1.98,6.317385145044039,100,roulette,ranking
0,68,51,55,24,1.98,6.686502107065897,100,roulette,ranking
0,69,55,51,23,1.98,6.317385145044039,100,roulette,ranking
0,69,55,51,23,1.98,6.317385145044039,100,roulette,ranking
0,66,51,57,24,1.98,6.81330473717389,100,roulette,ranking
0,69,55,51,23,1.98,6.317385145044039,100,roulette,ranking
1,69,54,51,23,1.98,7.13448060208652,100,roulette,ranking
1,69,54,51,23,1.98,7.13448060208652,100,roulette,ranking
0,69,55,51,23,1.98,6.317385145044039,100,roulette,ranking
1,69,54,51,23,1.98,7.13448060208652,100,roulette,ranking
0,69,55,51,23,1.98,6.317385145044039,100,roulette,ranking
1,69,54,51,23,1.98,7.13448060208652,100,roulette,ranking
0,68,51,55,24,1.98,6.686502107065897,100,roulette,ranking
0,69,55,51,23,1.98,6.317385145044039,100,roulette,ranking
0,69,55,51,23,1.98,6.317385145044039,100,roulette,ranking
0,68,51,55,24,1.98,6.686502107065897,100,roulette,ranking
1,68,55,51,23,1.98,7.169689595618069,100,roulette,ranking
1,69,54,51,23,1.98,7.13448060208652,100,roulette,ranking
0,68,51,55,24,1.98,6.686502107065897,100,roulette,ranking
0,69,52,59,18,1.98,5.276189155362409,100,roulette,ranking
56,39,47,31,25,1.85,36.395519403915316,100,roulette,universal
54,39,42,27,36,1.85,35.48213756272159,100,roulette,universal
52,42,41,29,34,1.89,36.01073137005964,100,roulette,universal
47,44,43,26,38,1.85,34.489001006804024,100,roulette,universal
54,37,44,27,36,1.85,35.2465842992205,100,roulette,universal
56,39,41,26,36,1.85,35.95407321602195,100,roulette,universal
54,42,38,24,40,1.85,35.689223772279924,100,roulette,universal
54,42,38,24,40,1.85,35.689223772279924,100,roulette,universal
46,44,43,26,39,1.85,34.11455023986469,100,roulette,universal
48,44,43,23,40,1.85,34.93291461118532,100,roulette,universal
46,46,43,24,39,1.85,34.56730431392892,100,roulette,universal
54,36,43,26,39,1.85,34.858812269537815,100,roulette,universal
50,46,35,31,36,1.85,34.65653847120331,100,roulette,universal
54,42,38,24,40,1.85,35.689223772279924,100,roulette,universal
48,44,43,23,40,1.85,34.93291461118532,100,roulette,universal
53,39,41,27,38,1.85,35.024991154541645,100,roulette,universal
46,47,43,24,38,1.85,34.766751098040544,100,roulette,universal
47,44,43,26,38,1.85,34.489001006804024,100,roulette,universal
49,45,35,34,35,1.85,33.96245723320059,100,roulette,universal
49,45,43,22,39,1.85,35.553660803877605,100,roulette,universal
69,62,43,19,5,1.93,49.12678472548421,100,roulette,deterministic_tournament
67,67,42,18,4,1.93,49.636152941400745,100,roulette,deterministic_tournament
69,62,43,19,5,1.93,49.12678472548421,100,roulette,deterministic_tournament
69,62,43,19,5,1.93,49.12678472548421,100,roulette,deterministic_tournament
69,62,43,19,5,1.93,49.12678472548421,100,roulette,deterministic_tournament
69,62,43,19,5,1.93,49.12678472548421,100,roulette,deterministic_tournament
73,63,45,11,6,1.93,52.23712889361407,100,roulette,deterministic_tournament
69,62,43,19,5,1.93,49.12678472548421,100,roulette,deterministic_tournament
69,62,43,19,5,1.93,49.12678472548421,100,roulette,deterministic_tournament
67,67,42,18,4,1.93,49.636152941400745,100,roulette,deterministic_tournament
69,62,43,19,5,1.93,49.12678472548421,100,roulette,deterministic_tournament
69,62,43,19,5,1.93,49.12678472548421,100,roulette,deterministic_tournament
69,62,43,19,5,1.93,49.12678472548421,100,roulette,deterministic_tournament
69,62,43,19,5,1.93,49.12678472548421,100,roulette,deterministic_tournament
69,62,43,19,5,1.93,49.12678472548421,100,roulette,deterministic_tournament
69,62,43,19,5,1.93,49.12678472548421,100,roulette,deterministic_tournament
69,62,43,19,5,1.93,49.12678472548421,100,roulette,deterministic_tournament
70,65,43,15,5,1.93,50.847905465519474,100,roulette,deterministic_tournament
69,63,42,19,5,1.93,49.2339632766261,100,roulette,deterministic_tournament
69,62,43,19,5,1.93,49.12678472548421,100,roulette,deterministic_tournament
36,40,46,33,43,1.86,29.762586598376384,100,roulette,probabilistic_tournament
37,43,44,34,40,1.86,30.355484843616225,100,roulette,probabilistic_tournament
37,43,44,34,40,1.86,30.355484843616225,100,roulette,probabilistic_tournament
37,43,44,34,40,1.86,30.355484843616225,100,roulette,probabilistic_tournament
37,43,44,34,40,1.86,30.355484843616225,100,roulette,probabilistic_tournament
38,42,47,34,37,1.3,26.275077021358303,100,roulette,probabilistic_tournament
37,41,43,36,41,1.86,29.9223722885919,100,roulette,probabilistic_tournament
37,41,43,36,41,1.3,26.686233145332075,100,roulette,probabilistic_tournament
37,41,43,36,41,1.3,26.686233145332075,100,roulette,probabilistic_tournament
37,43,44,34,40,1.86,30.355484843616225,100,roulette,probabilistic_tournament
35,47,47,33,36,1.3,25.556389459522244,100,roulette,probabilistic_tournament
37,46,46,34,35,1.86,30.834148333342277,100,roulette,probabilistic_tournament
38,42,47,34,37,1.3,26.275077021358303,100,roulette,probabilistic_tournament
36,40,46,33,43,1.86,29.762586598376384,100,roulette,probabilistic_tournament
36,40,46,33,43,1.86,29.762586598376384,100,roulette,probabilistic_tournament
37,41,43,36,41,1.86,29.9223722885919,100,roulette,probabilistic_tournament
37,46,46,34,35,1.86,30.834148333342277,100,roulette,probabilistic_tournament
37,43,44,35,39,1.86,30.299943603753764,100,roulette,probabilistic_tournament
36,41,46,35,40,1.86,29.788748848295437,100,roulette,probabilistic_tournament
36,44,43,32,43,1.86,30.079930334656254,100,roulette,probabilistic_tournament
52,56,27,33,30,1.83,35.513946196051215,100,roulette,boltzmann
51,56,29,32,30,1.83,35.54105939611769,100,roulette,boltzmann
52,50,37,28,31,1.83,36.14706744731764,100,roulette,boltzmann
53,51,31,32,31,1.83,35.56140893851497,100,roulette,boltzmann
52,56,27,33,30,1.83,35.513946196051215,100,roulette,boltzmann
52,52,31,34,29,1.83,35.29720978825072,100,roulette,boltzmann
51,57,28,33,29,1.83,35.50088436600882,100,roulette,boltzmann
53,51,31,32,31,1.83,35.56140893851497,100,roulette,boltzmann
52,52,31,33,30,1.83,35.37124605843318,100,roulette,boltzmann
52,57,27,33,29,1.83,35.69398607869443,100,roulette,boltzmann
53,51,31,32,31,1.83,35.56140893851497,100,roulette,boltzmann
50,48,29,41,30,1.83,33.12904281183353,100,roulette,boltzmann
50,48,29,41,30,1.83,33.12904281183353,100,roulette,boltzmann
51,57,28,33,29,1.83,35.50088436600882,100,roulette,boltzmann
53,51,31,32,31,1.83,35.56140893851497,100,roulette,boltzmann
51,57,28,33,29,1.83,35.50088436600882,100,roulette,boltzmann
51,57,28,33,29,1.83,35.50088436600882,100,roulette,boltzmann
53,52,31,33,29,1.83,35.69037908877444,100,roulette,boltzmann
52,52,31,32,31,1.83,35.4377833971734,100,roulette,boltzmann
53,51,31,34,29,1.83,35.42083532959229,100,roulette,boltzmann
59,46,43,28,22,1.93,39.95922146121059,100,ranking,elite
61,40,45,26,26,1.93,39.26002914352272,100,ranking,elite
63,42,40,31,22,1.93,39.22467908512525,100,ranking,elite
59,42,45,27,25,1.93,39.17968506240143,100,ranking,elite
57,46,42,28,25,1.93,39.12639680197641,100,ranking,elite
57,46,42,28,25,1.93,39.12639680197641,100,ranking,elite
64,44,33,30,27,1.93,38.90950328633017,100,ranking,elite
58,41,48,24,27,1.87,38.75068770963552,100,ranking,elite
61,47,32,31,27,1.93,38.72221957802066,100,ranking,elite
58,40,46,26,28,1.93,38.48146965622318,100,ranking,elite
56,41,48,25,28,1.93,38.472434601531596,100,ranking,elite
58,40,46,27,27,1.93,38.407984503265645,100,ranking,elite
58,40,46,27,27,1.93,38.407984503265645,100,ranking,elite
58,40,46,27,27,1.93,38.407984503265645,100,ranking,elite
58,40,46,27,27,1.93,38.407984503265645,100,ranking,elite
58,40,46,27,27,1.93,38.407984503265645,100,ranking,elite
59,46,35,31,27,1.93,38.38545444575838,100,ranking,elite
58,39,46,28,27,1.93,38.02853825676549,100,ranking,elite
60,39,45,27,27,1.93,38.56303908263514,100,ranking,elite
58,40,46,27,27,1.93,38.407984503265645,100,ranking,elite
37,40,58,48,15,1.3,20.45598582982151,100,ranking,roulette
35,37,56,44,26,1.3,23.63408093496397,100,ranking,roulette
36,37,56,47,22,1.3,22.546758603384355,100,ranking,roulette
35,37,56,44,26,1.3,23.63408093496397,100,ranking,roulette
35,37,56,44,26,1.3,23.63408093496397,100,ranking,roulette
35,37,56,44,26,1.3,23.63408093496397,100,ranking,roulette
35,37,57,43,26,1.3,23.650628627785153,100,ranking,roulette
35,37,56,47,23,1.3,22.687153854408304,100,ranking,roulette
35,37,56,44,26,1.3,23.63408093496397,100,ranking,roulette
37,40,58,48,15,1.3,20.45598582982151,100,ranking,roulette
35,37,57,43,26,1.3,23.650628627785153,100,ranking,roulette
34,40,55,46,23,1.3,22.567638303506584,100,ranking,roulette
35,37,57,43,26,1.3,23.650628627785153,100,ranking,roulette
35,37,57,43,26,1.3,23.650628627785153,100,ranking,roulette
35,37,56,44,26,1.3,23.63408093496397,100,ranking,roulette
37,40,58,48,15,1.3,20.45598582982151,100,ranking,roulette
37,40,58,48,15,1.3,20.45598582982151,100,ranking,roulette
37,40,58,48,15,1.3,20.45598582982151,100,ranking,roulette
35,37,56,47,23,1.3,22.687153854408304,100,ranking,roulette
35,39,56,46,22,1.3,22.435079276857245,100,ranking,roulette
17,46,54,68,13,1.3,13.929965406340738,100,ranking,ranking
17,46,54,68,13,1.3,13.929965406340738,100,ranking,ranking
17,46,54,68,13,1.3,13.929965406340738,100,ranking,ranking
17,46,54,68,13,1.3,13.929965406340738,100,ranking,ranking
18,45,54,68,13,1.3,14.230087382344392,100,ranking,ranking
17,46,54,68,13,1.3,13.929965406340738,100,ranking,ranking
17,46,54,68,13,1.3,13.929965406340738,100,ranking,ranking
17,46,54,68,13,1.3,13.929965406340738,100,ranking,ranking
17,46,54,68,13,1.3,13.929965406340738,100,ranking,ranking
17,46,54,68,13,1.3,13.929965406340738,100,ranking,ranking
17,46,54,68,13,1.3,13.929965406340738,100,ranking,ranking
17,46,54,68,13,1.3,13.929965406340738,100,ranking,ranking
18,45,54,68,13,1.3,14.230087382344392,100,ranking,ranking
17,46,54,68,13,1.3,13.929965406340738,100,ranking,ranking
17,46,54,68,13,1.3,13.929965406340738,100,ranking,ranking
17,46,54,68,13,1.3,13.929965406340738,100,ranking,ranking
17,46,54,68,13,1.3,13.929965406340738,100,ranking,ranking
17,46,54,68,13,1.3,13.929965406340738,100,ranking,ranking
17,45,54,70,12,1.3,13.393809607129946,100,ranking,ranking
17,46,54,68,13,1.3,13.929965406340738,100,ranking,ranking
21,55,41,40,41,1.3,23.441971838189783,100,ranking,universal
15,62,42,39,40,1.3,21.176268014552672,100,ranking,universal
6,64,40,45,43,1.3,19.455279084279706,100,ranking,universal
15,62,42,39,40,1.3,21.176268014552672,100,ranking,universal
13,59,39,44,43,1.3,21.78298600932657,100,ranking,universal
15,64,39,41,39,1.3,20.869983550186316,100,ranking,universal
8,65,40,42,43,1.3,19.683180008681145,100,ranking,universal
8,64,42,43,41,1.3,19.485403764500127,100,ranking,universal
14,61,40,46,37,1.3,20.719508112127233,100,ranking,universal
8,63,42,46,39,1.3,19.339527329438997,100,ranking,universal
8,65,42,45,38,1.3,18.836465695510807,100,ranking,universal
8,64,41,46,39,1.3,19.226215655364506,100,ranking,universal
8,65,42,45,38,1.3,18.836465695510807,100,ranking,universal
8,64,41,46,39,1.3,19.226215655364506,100,ranking,universal
16,65,38,40,39,1.3,20.97005118444466,100,ranking,universal
7,65,43,45,38,1.3,18.539673930018317,100,ranking,universal
14,62,38,43,41,1.3,21.275312362743026,100,ranking,universal
6,64,45,42,41,1.3,18.83882586161042,100,ranking,universal
7,65,43,45,38,1.3,18.539673930018317,100,ranking,universal
7,65,40,43,43,1.3,19.47397601520276,100,ranking,universal
61,58,30,29,20,1.94,41.40894426578315,100,ranking,deterministic_tournament
61,58,30,29,20,1.94,41.40894426578315,100,ranking,deterministic_tournament
61,58,30,29,20,1.94,41.40894426578315,100,ranking,deterministic_tournament
61,58,30,29,20,1.94,41.40894426578315,100,ranking,deterministic_tournament
61,58,30,29,20,1.94,41.40894426578315,100,ranking,deterministic_tournament
61,58,30,29,20,1.94,41.40894426578315,100,ranking,deterministic_tournament
61,58,30,29,20,1.94,41.40894426578315,100,ranking,deterministic_tournament
61,58,30,29,20,1.94,41.40894426578315,100,ranking,deterministic_tournament
61,58,30,29,20,1.94,41.40894426578315,100,ranking,deterministic_tournament
61,58,30,29,20,1.94,41.40894426578315,100,ranking,deterministic_tournament
61,58,30,29,20,1.94,41.40894426578315,100,ranking,deterministic_tournament
61,58,30,29,20,1.94,41.40894426578315,100,ranking,deterministic_tournament
61,58,30,29,20,1.94,41.40894426578315,100,ranking,deterministic_tournament
61,58,30,29,20,1.94,41.40894426578315,100,ranking,deterministic_tournament
61,58,30,29,20,1.94,41.40894426578315,100,ranking,deterministic_tournament
61,58,30,29,20,1.94,41.40894426578315,100,ranking,deterministic_tournament
61,58,30,29,20,1.94,41.40894426578315,100,ranking,deterministic_tournament
61,58,30,29,20,1.94,41.40894426578315,100,ranking,deterministic_tournament
61,58,30,29,20,1.94,41.40894426578315,100,ranking,deterministic_tournament
57,60,31,29,21,1.94,40.59068221386391,100,ranking,deterministic_tournament
18,39,60,40,41,1.3,24.141909870536846,100,ranking,probabilistic_tournament
17,45,58,41,37,1.3,22.603636571954826,100,ranking,probabilistic_tournament
18,39,60,40,41,1.3,24.141909870536846,100,ranking,probabilistic_tournament
17,45,59,41,36,1.3,22.343577264239883,100,ranking,probabilistic_tournament
16,45,57,42,38,1.3,22.6689067342468,100,ranking,probabilistic_tournament
17,45,59,41,36,1.3,22.343577264239883,100,ranking,probabilistic_tournament
17,45,59,41,36,1.3,22.343577264239883,100,ranking,probabilistic_tournament
17,45,59,41,36,1.3,22.343577264239883,100,ranking,probabilistic_tournament
18,39,60,40,41,1.3,24.141909870536846,100,ranking,probabilistic_tournament
17,45,58,41,37,1.3,22.603636571954826,100,ranking,probabilistic_tournament
17,44,57,41,39,1.3,23.167203807461114,100,ranking,probabilistic_tournament
17,45,59,41,36,1.3,22.343577264239883,100,ranking,probabilistic_tournament
17,44,57,41,39,1.3,23.167203807461114,100,ranking,probabilistic_tournament
16,45,57,42,38,1.3,22.6689067342468,100,ranking,probabilistic_tournament
16,43,59,41,39,1.3,23.000252599582996,100,ranking,probabilistic_tournament
17,45,59,41,36,1.3,22.343577264239883,100,ranking,probabilistic_tournament
17,45,59,41,36,1.3,22.343577264239883,100,ranking,probabilistic_tournament
17,45,58,41,37,1.3,22.603636571954826,100,ranking,probabilistic_tournament
17,45,59,41,36,1.3,22.343577264239883,100,ranking,probabilistic_tournament
17,45,58,41,37,1.3,22.603636571954826,100,ranking,probabilistic_tournament
36,44,42,38,38,1.62,28.151683310260598,100,ranking,boltzmann
36,43,43,37,39,1.3,26.26392638379088,100,ranking,boltzmann
36,43,43,37,39,1.3,26.26392638379088,100,ranking,boltzmann
36,43,43,38,38,1.3,26.135211805202815,100,ranking,boltzmann
38,41,44,37,38,1.3,26.427286789228567,100,ranking,boltzmann
38,41,44,37,38,1.3,26.427286789228567,100,ranking,boltzmann
39,40,43,38,38,1.3,26.5401887857107,100,ranking,boltzmann
36,43,43,37,39,1.3,26.26392638379088,100,ranking,boltzmann
40,43,40,38,37,1.62,28.982197378424296,100,ranking,boltzmann
39,40,43,38,38,1.3,26.5401887857107,100,ranking,boltzmann
38,41,44,37,38,1.3,26.427286789228567,100,ranking,boltzmann
40,41,43,36,38,1.3,26.59484613576746,100,ranking,boltzmann
40,43,40,38,37,1.62,28.982197378424296,100,ranking,boltzmann
40,41,42,37,38,1.3,26.57913559479524,100,ranking,boltzmann
40,43,40,38,37,1.62,28.982197378424296,100,ranking,boltzmann
36,43,43,38,38,1.3,26.135211805202815,100,ranking,boltzmann
36,43,43,37,39,1.3,26.26392638379088,100,ranking,boltzmann
36,43,43,37,39,1.3,26.26392638379088,100,ranking,boltzmann
39,42,42,37,38,1.3,26.45866782466902,100,ranking,boltzmann
37,41,43,38,39,1.3,26.456993253283,100,ranking,boltzmann
61,56,37,14,30,1.89,43.11010299808992,100,universal,elite
63,55,33,15,32,1.89,42.591836594644846,100,universal,elite
60,57,35,17,29,1.89,42.48494023534573,100,universal,elite
60,56,36,16,30,1.89,42.43965403504434,100,universal,elite
60,56,36,17,29,1.89,42.419911540098816,100,universal,elite
60,56,36,17,29,1.89,42.419911540098816,100,universal,elite
60,55,37,15,31,1.89,42.38436431920812,100,universal,elite
61,56,34,17,30,1.89,42.357029120729095,100,universal,elite
61,56,34,17,30,1.89,42.357029120729095,100,universal,elite
61,55,35,16,31,1.89,42.3048925103146,100,universal,elite
61,54,36,17,30,1.89,42.21696838388487,100,universal,elite
61,53,37,17,30,1.89,42.137225146222946,100,universal,elite
61,53,37,18,29,1.89,42.112737436518834,100,universal,elite
60,55,36,18,29,1.89,42.10164711489573,100,universal,elite
61,55,34,16,32,1.89,42.06214227902368,100,universal,elite
60,54,37,17,30,1.89,42.05058196131571,100,universal,elite
60,55,36,15,32,1.89,42.15035180854291,100,universal,elite
61,55,36,17,29,1.89,42.521811085966505,100,universal,elite
60,54,37,17,30,1.89,42.05058196131571,100,universal,elite
61,53,37,17,30,1.89,42.137225146222946,100,universal,elite
46,42,41,34,35,1.79,32.043356549120034,100,universal,roulette
46,42,41,34,35,1.79,32.043356549120034,100,universal,roulette
44,41,42,26,45,1.79,31.734133743382607,100,universal,roulette
44,41,42,26,45,1.79,31.734133743382607,100,universal,roulette
43,41,42,35,37,1.79,31.087503975511027,100,universal,roulette
46,42,41,34,35,1.79,32.043356549120034,100,universal,roulette
43,41,40,36,38,1.79,30.890894244319405,100,universal,roulette
46,42,41,34,35,1.79,32.043356549120034,100,universal,roulette
46,42,41,34,35,1.79,32.043356549120034,100,universal,roulette
43,40,42,36,37,1.79,30.89734366928056,100,universal,roulette
46,42,41,34,35,1.79,32.043356549120034,100,universal,roulette
46,42,41,34,35,1.79,32.043356549120034,100,universal,roulette
44,41,42,26,45,1.79,31.734133743382607,100,universal,roulette
46,42,41,34,35,1.79,32.043356549120034,100,universal,roulette
43,40,42,36,37,1.79,30.89734366928056,100,universal,roulette
44,41,42,26,45,1.79,31.734133743382607,100,universal,roulette
46,43,46,27,36,1.79,33.011566265392204,100,universal,roulette
44,40,39,33,42,1.79,31.118414647202115,100,universal,roulette
46,40,41,26,45,1.79,32.0539270272246,100,universal,roulette
46,40,41,26,45,1.79,32.0539270272246,100,universal,roulette
9,39,50,70,30,1.43,15.750477023061032,100,universal,ranking
9,39,50,70,30,1.43,15.750477023061032,100,universal,ranking
9,39,50,70,30,1.43,15.750477023061032,100,universal,ranking
10,40,52,67,29,1.43,16.02040593060419,100,universal,ranking
10,40,51,68,29,1.43,16.001680152443765,100,universal,ranking
10,40,52,67,29,1.43,16.02040593060419,100,universal,ranking
9,39,50,70,30,1.43,15.750477023061032,100,universal,ranking
9,39,50,70,30,1.43,15.750477023061032,100,universal,ranking
10,40,52,67,29,1.43,16.02040593060419,100,universal,ranking
9,39,50,70,30,1.43,15.750477023061032,100,universal,ranking
9,39,50,70,30,1.43,15.750477023061032,100,universal,ranking
9,39,50,70,30,1.43,15.750477023061032,100,universal,ranking
9,39,50,71,29,1.43,15.4891769502926,100,universal,ranking
9,39,50,70,30,1.43,15.750477023061032,100,universal,ranking
10,40,51,68,29,1.43,16.001680152443765,100,universal,ranking
9,39,50,70,30,1.43,15.750477023061032,100,universal,ranking
10,42,50,68,28,1.43,15.722461430957326,100,universal,ranking
9,39,52,68,30,1.43,15.782046866205231,100,universal,ranking
9,40,52,67,30,1.43,15.770938666147822,100,universal,ranking
9,39,51,70,29,1.43,15.507401333872195,100,universal,ranking
47,46,33,35,37,1.91,33.77517931099351,100,universal,universal
45,49,34,34,36,1.91,33.82648597751938,100,universal,universal
44,54,34,32,34,1.91,34.433635541896756,100,universal,universal
45,44,34,39,36,1.91,32.55889279643345,100,universal,universal
47,44,33,38,36,1.91,33.18071068160828,100,universal,universal
44,48,34,35,37,1.91,33.1869472446097,100,universal,universal
44,49,32,38,35,1.91,32.93578238243882,100,universal,universal
42,53,32,34,37,1.91,33.017493932278626,100,universal,universal
45,54,33,32,34,1.91,34.7276526071094,100,universal,universal
44,49,34,33,38,1.91,33.46578026270109,100,universal,universal
41,53,33,34,37,1.91,32.712978744484126,100,universal,universal
47,46,33,35,37,1.91,33.77517931099351,100,universal,universal
44,48,31,37,38,1.91,32.66481041504397,100,universal,universal
45,44,34,39,36,1.91,32.55889279643345,100,universal,universal
43,48,35,37,35,1.91,32.808237181678535,100,universal,universal
43,48,31,36,40,1.91,32.3188262571882,100,universal,universal
46,46,33,35,38,1.91,33.406202863755354,100,universal,universal
40,51,34,38,35,1.91,31.876636354544324,100,universal,universal
46,46,30,36,40,1.91,32.88743011815319,100,universal,universal
42,49,34,34,39,1.91,32.60170286262799,100,universal,universal
72,55,40,3,28,1.93,48.0831037114817,100,universal,deterministic_tournament
70,56,41,4,27,1.93,47.977023642960354,100,universal,deterministic_tournament
70,56,41,4,27,1.93,47.977023642960354,100,universal,deterministic_tournament
70,56,41,4,27,1.93,47.977023642960354,100,universal,deterministic_tournament
70,56,41,4,27,1.93,47.977023642960354,100,universal,deterministic_tournament
70,56,41,4,27,1.93,47.977023642960354,100,universal,deterministic_tournament
70,56,41,4,27,1.93,47.977023642960354,100,universal,deterministic_tournament
70,56,41,4,27,1.93,47.977023642960354,100,universal,deterministic_tournament
70,56,41,4,27,1.93,47.977023642960354,100,universal,deterministic_tournament
70,56,41,4,27,1.93,47.977023642960354,100,universal,deterministic_tournament
70,56,41,4,27,1.93,47.977023642960354,100,universal,deterministic_tournament
70,56,41,4,27,1.93,47.977023642960354,100,universal,deterministic_tournament
70,56,41,4,27,1.93,47.977023642960354,100,universal,deterministic_tournament
70,56,41,4,27,1.93,47.977023642960354,100,universal,deterministic_tournament
70,56,41,4,27,1.93,47.977023642960354,100,universal,deterministic_tournament
70,56,41,4,27,1.93,47.977023642960354,100,universal,deterministic_tournament
70,56,41,4,27,1.93,47.977023642960354,100,universal,deterministic_tournament
70,56,41,4,27,1.93,47.977023642960354,100,universal,deterministic_tournament
70,56,41,4,27,1.93,47.977023642960354,100,universal,deterministic_tournament
70,56,41,4,27,1.93,47.977023642960354,100,universal,deterministic_tournament
32,40,50,35,41,1.96,28.255613638793683,100,universal,probabilistic_tournament
32,40,52,35,39,1.96,28.305257811297384,100,universal,probabilistic_tournament
33,39,52,34,40,1.96,28.696781477922006,100,universal,probabilistic_tournament
33,39,52,34,40,1.96,28.696781477922006,100,universal,probabilistic_tournament
32,40,52,35,39,1.96,28.305257811297384,100,universal,probabilistic_tournament
32,40,52,35,39,1.96,28.305257811297384,100,universal,probabilistic_tournament
32,40,50,35,41,1.96,28.255613638793683,100,universal,probabilistic_tournament
32,40,52,35,39,1.96,28.305257811297384,100,universal,probabilistic_tournament
32,40,50,35,41,1.96,28.255613638793683,100,universal,probabilistic_tournament
32,40,50,35,41,1.96,28.255613638793683,100,universal,probabilistic_tournament
32,40,52,35,39,1.96,28.305257811297384,100,universal,probabilistic_tournament
31,40,52,35,40,1.96,27.885948926087153,100,universal,probabilistic_tournament
32,40,50,35,41,1.96,28.255613638793683,100,universal,probabilistic_tournament
32,40,50,35,41,1.96,28.255613638793683,100,universal,probabilistic_tournament
32,40,52,35,39,1.96,28.305257811297384,100,universal,probabilistic_tournament
32,40,50,35,41,1.96,28.255613638793683,100,universal,probabilistic_tournament
32,40,51,35,40,1.96,28.283425088195454,100,universal,probabilistic_tournament
33,41,50,35,39,1.96,28.75826191702014,100,universal,probabilistic_tournament
24,43,52,36,43,1.96,24.83703537296592,100,universal,probabilistic_tournament
32,41,49,36,40,1.96,28.247661015387024,100,universal,probabilistic_tournament
54,40,48,33,23,1.93,36.8040623234576,100,universal,boltzmann
54,40,48,33,23,1.93,36.8040623234576,100,universal,boltzmann
60,38,42,34,24,1.93,37.171785787058,100,universal,boltzmann
54,42,43,34,25,1.93,36.65567100668534,100,universal,boltzmann
54,40,48,33,23,1.93,36.8040623234576,100,universal,boltzmann
60,38,42,34,24,1.93,37.171785787058,100,universal,boltzmann
55,40,48,32,23,1.93,37.23633295740559,100,universal,boltzmann
55,40,48,32,23,1.93,37.23633295740559,100,universal,boltzmann
60,39,43,32,24,1.93,37.82385325072497,100,universal,boltzmann
56,39,48,32,23,1.93,37.28396826260713,100,universal,boltzmann
54,42,43,34,25,1.93,36.65567100668534,100,universal,boltzmann
54,42,43,34,25,1.93,36.65567100668534,100,universal,boltzmann
60,39,43,32,24,1.93,37.82385325072497,100,universal,boltzmann
54,42,43,34,25,1.93,36.65567100668534,100,universal,boltzmann
54,40,48,33,23,1.93,36.8040623234576,100,universal,boltzmann
54,40,48,32,24,1.93,36.913803592814915,100,universal,boltzmann
54,40,48,33,23,1.93,36.8040623234576,100,universal,boltzmann
54,40,48,32,24,1.93,36.913803592814915,100,universal,boltzmann
55,42,42,34,25,1.93,36.85090992776481,100,universal,boltzmann
60,37,42,34,25,1.93,36.86510090530921,100,universal,boltzmann
66,55,42,23,12,1.9,45.34853742588102,100,deterministic_tournament,elite
68,54,40,24,12,1.9,45.26782078999262,100,deterministic_tournament,elite
68,54,40,24,12,1.9,45.26782078999262,100,deterministic_tournament,elite
68,54,40,24,12,1.9,45.26782078999262,100,deterministic_tournament,elite
69,52,41,24,12,1.9,45.14208370968062,100,deterministic_tournament,elite
69,52,41,24,12,1.9,45.14208370968062,100,deterministic_tournament,elite
70,53,38,25,12,1.9,45.10249987670835,100,deterministic_tournament,elite
66,52,45,23,12,1.9,44.94337491695889,100,deterministic_tournament,elite
66,52,45,23,12,1.9,44.94337491695889,100,deterministic_tournament,elite
66,52,45,23,12,1.9,44.94337491695889,100,deterministic_tournament,elite
66,52,45,23,12,1.9,44.94337491695889,100,deterministic_tournament,elite
67,52,43,24,12,1.9,44.841283727226816,100,deterministic_tournament,elite
67,52,43,24,12,1.9,44.841283727226816,100,deterministic_tournament,elite
67,52,43,24,12,1.9,44.841283727226816,100,deterministic_tournament,elite
70,49,43,24,12,1.9,44.81924023099662,100,deterministic_tournament,elite
70,49,43,24,12,1.9,44.81924023099662,100,deterministic_tournament,elite
69,52,41,24,12,1.9,45.14208370968062,100,deterministic_tournament,elite
68,54,40,24,12,1.9,45.26782078999262,100,deterministic_tournament,elite
68,54,40,24,12,1.9,45.26782078999262,100,deterministic_tournament,elite
69,51,41,24,13,1.9,44.816757150992935,100,deterministic_tournament,elite
58,46,31,28,35,1.61,32.63066317779003,100,deterministic_tournament,roulette
58,46,31,28,35,1.61,32.63066317779003,100,deterministic_tournament,roulette
58,46,31,28,35,1.61,32.63066317779003,100,deterministic_tournament,roulette
57,46,31,28,36,1.61,32.46095003717254,100,deterministic_tournament,roulette
58,46,31,28,35,1.61,32.63066317779003,100,deterministic_tournament,roulette
59,45,31,27,36,1.61,32.67412932528035,100,deterministic_tournament,roulette
50,46,34,31,37,1.61,31.370132497340336,100,deterministic_tournament,roulette
58,46,31,28,35,1.61,32.63066317779003,100,deterministic_tournament,roulette
58,46,31,28,35,1.61,32.63066317779003,100,deterministic_tournament,roulette
58,46,31,28,35,1.61,32.63066317779003,100,deterministic_tournament,roulette
50,46,34,31,37,1.61,31.370132497340336,100,deterministic_tournament,roulette
58,46,31,28,35,1.61,32.63066317779003,100,deterministic_tournament,roulette
59,45,31,27,36,1.61,32.67412932528035,100,deterministic_tournament,roulette
58,47,30,28,35,1.61,32.655086253356274,100,deterministic_tournament,roulette
59,47,30,27,35,1.61,32.863864761181105,100,deterministic_tournament,roulette
57,47,30,28,36,1.61,32.481571496779,100,deterministic_tournament,roulette
58,46,31,27,36,1.61,32.668081844790855,100,deterministic_tournament,roulette
59,45,31,27,36,1.61,32.67412932528035,100,deterministic_tournament,roulette
59,46,31,27,35,1.61,32.837914740993426,100,deterministic_tournament,roulette
59,49,29,26,35,1.61,33.076387994873926,100,deterministic_tournament,roulette
21,49,39,63,26,1.34,20.41830077683428,100,deterministic_tournament,ranking
21,48,40,63,26,1.34,20.44372549125633,100,deterministic_tournament,ranking
21,49,39,63,26,1.34,20.41830077683428,100,deterministic_tournament,ranking
21,49,39,63,26,1.34,20.41830077683428,100,deterministic_tournament,ranking
21,48,40,63,26,1.34,20.44372549125633,100,deterministic_tournament,ranking
21,48,40,63,26,1.3,20.326020904645762,100,deterministic_tournament,ranking
21,49,39,63,26,1.34,20.41830077683428,100,deterministic_tournament,ranking
21,48,40,63,26,1.34,20.44372549125633,100,deterministic_tournament,ranking
21,48,40,63,26,1.34,20.44372549125633,100,deterministic_tournament,ranking
21,49,39,63,26,1.34,20.41830077683428,100,deterministic_tournament,ranking
21,49,39,63,26,1.34,20.41830077683428,100,deterministic_tournament,ranking
21,48,40,63,26,1.34,20.44372549125633,100,deterministic_tournament,ranking
21,48,40,63,26,1.34,20.44372549125633,100,deterministic_tournament,ranking
21,48,40,63,26,1.34,20.44372549125633,100,deterministic_tournament,ranking
21,48,40,63,26,1.34,20.44372549125633,100,deterministic_tournament,ranking
21,49,39,63,26,1.34,20.41830077683428,100,deterministic_tournament,ranking
22,50,40,59,27,1.3,20.851174284897716,100,deterministic_tournament,ranking
22,50,40,59,27,1.3,20.851174284897716,100,deterministic_tournament,ranking
22,50,40,59,27,1.3,20.851174284897716,100,deterministic_tournament,ranking
20,49,37,67,25,1.3,19.603271912709758,100,deterministic_tournament,ranking
61,49,42,21,25,1.93,41.90877022074787,100,deterministic_tournament,universal
68,52,34,22,22,1.93,43.53040188299258,100,deterministic_tournament,universal
68,51,40,15,24,1.93,44.94007927607228,100,deterministic_tournament,universal
67,52,36,19,24,1.93,43.82988556394379,100,deterministic_tournament,universal
67,52,36,19,24,1.93,43.82988556394379,100,deterministic_tournament,universal
62,56,41,15,24,1.93,44.52887403767112,100,deterministic_tournament,universal
67,52,34,23,22,1.93,43.146730937970496,100,deterministic_tournament,universal
63,50,42,21,22,1.93,42.93683406396632,100,deterministic_tournament,universal
68,52,34,22,22,1.93,43.53040188299258,100,deterministic_tournament,universal
67,52,40,16,23,1.93,44.893689462438005,100,deterministic_tournament,universal
62,56,36,22,22,1.93,43.12697805108471,100,deterministic_tournament,universal
68,51,40,15,24,1.93,44.94007927607228,100,deterministic_tournament,universal
68,51,40,15,24,1.93,44.94007927607228,100,deterministic_tournament,universal
62,56,41,15,24,1.93,44.52887403767112,100,deterministic_tournament,universal
62,56,41,15,24,1.93,44.52887403767112,100,deterministic_tournament,universal
68,51,40,15,24,1.93,44.94007927607228,100,deterministic_tournament,universal
69,51,39,15,24,1.93,45.04692905463146,100,deterministic_tournament,universal
67,51,40,15,25,1.93,44.58834993200244,100,deterministic_tournament,universal
68,52,34,22,22,1.93,43.53040188299258,100,deterministic_tournament,universal
62,56,41,15,24,1.93,44.52887403767112,100,deterministic_tournament,universal
69,53,41,19,16,1.86,44.877996165504264,100,deterministic_tournament,deterministic_tournament
71,58,41,20,8,1.86,46.94381645722131,100,deterministic_tournament,deterministic_tournament
69,53,41,19,16,1.86,44.877996165504264,100,deterministic_tournament,deterministic_tournament
69,53,41,19,16,1.86,44.877996165504264,100,deterministic_tournament,deterministic_tournament
69,52,42,18,17,1.86,44.83593640679528,100,deterministic_tournament,deterministic_tournament
67,53,41,19,18,1.86,44.22835246053103,100,deterministic_tournament,deterministic_tournament
67,55,41,19,16,1.86,44.829839260821274,100,deterministic_tournament,deterministic_tournament
69,53,39,21,16,1.86,44.31707604536064,100,deterministic_tournament,deterministic_tournament
69,53,41,19,16,1.86,44.877996165504264,100,deterministic_tournament,deterministic_tournament
69,53,41,19,16,1.86,44.877996165504264,100,deterministic_tournament,deterministic_tournament
69,53,41,19,16,1.86,44.877996165504264,100,deterministic_tournament,deterministic_tournament
69,52,42,18,17,1.86,44.83593640679528,100,deterministic_tournament,deterministic_tournament
69,53,41,19,16,1.86,44.877996165504264,100,deterministic_tournament,deterministic_tournament
69,53,41,19,16,1.86,44.877996165504264,100,deterministic_tournament,deterministic_tournament
69,53,41,19,16,1.86,44.877996165504264,100,deterministic_tournament,deterministic_tournament
69,53,41,19,16,1.86,44.877996165504264,100,deterministic_tournament,deterministic_tournament
69,52,40,18,19,1.86,44.43979310291611,100,deterministic_tournament,deterministic_tournament
67,54,41,19,17,1.86,44.53149435334753,100,deterministic_tournament,deterministic_tournament
68,53,40,21,16,1.86,44.19314322541317,100,deterministic_tournament,deterministic_tournament
69,52,42,18,17,1.86,44.83593640679528,100,deterministic_tournament,deterministic_tournament
53,52,29,23,41,1.44,34.00664848884719,100,deterministic_tournament,probabilistic_tournament
55,50,31,22,40,1.44,34.55081650677738,100,deterministic_tournament,probabilistic_tournament
55,50,31,22,40,1.44,34.55081650677738,100,deterministic_tournament,probabilistic_tournament
58,50,31,21,38,1.44,35.37914086383406,100,deterministic_tournament,probabilistic_tournament
55,50,31,22,40,1.44,34.55081650677738,100,deterministic_tournament,probabilistic_tournament
53,52,29,23,41,1.44,34.00664848884719,100,deterministic_tournament,probabilistic_tournament
55,50,31,22,40,1.44,34.55081650677738,100,deterministic_tournament,probabilistic_tournament
55,50,31,22,40,1.44,34.55081650677738,100,deterministic_tournament,probabilistic_tournament
54,49,31,20,44,1.44,34.00616735117808,100,deterministic_tournament,probabilistic_tournament
53,52,29,23,41,1.44,34.00664848884719,100,deterministic_tournament,probabilistic_tournament
55,50,31,22,40,1.44,34.55081650677738,100,deterministic_tournament,probabilistic_tournament
54,49,31,20,44,1.44,34.00616735117808,100,deterministic_tournament,probabilistic_tournament
53,52,29,23,41,1.44,34.00664848884719,100,deterministic_tournament,probabilistic_tournament
54,49,31,20,44,1.44,34.00616735117808,100,deterministic_tournament,probabilistic_tournament
55,50,31,22,40,1.44,34.55081650677738,100,deterministic_tournament,probabilistic_tournament
54,49,31,20,44,1.44,34.00616735117808,100,deterministic_tournament,probabilistic_tournament
55,51,32,24,36,1.44,34.91525476553478,100,deterministic_tournament,probabilistic_tournament
56,50,32,21,39,1.44,35.012942303064975,100,deterministic_tournament,probabilistic_tournament
58,50,31,21,38,1.44,35.37914086383406,100,deterministic_tournament,probabilistic_tournament
58,50,31,21,38,1.3,27.059762040612192,100,deterministic_tournament,probabilistic_tournament
51,45,42,24,36,1.94,36.754489070546114,100,deterministic_tournament,boltzmann
51,44,45,23,35,1.94,36.99955883855384,100,deterministic_tournament,boltzmann
51,44,43,24,36,1.94,36.657312676835055,100,deterministic_tournament,boltzmann
51,44,45,23,35,1.94,36.99955883855384,100,deterministic_tournament,boltzmann
51,44,45,23,35,1.94,36.99955883855384,100,deterministic_tournament,boltzmann
51,44,43,24,36,1.94,36.657312676835055,100,deterministic_tournament,boltzmann
51,45,42,24,36,1.94,36.754489070546114,100,deterministic_tournament,boltzmann
51,45,42,24,36,1.94,36.754489070546114,100,deterministic_tournament,boltzmann
51,44,45,23,35,1.94,36.99955883855384,100,deterministic_tournament,boltzmann
51,44,43,24,36,1.94,36.657312676835055,100,deterministic_tournament,boltzmann
51,44,43,24,36,1.94,36.657312676835055,100,deterministic_tournament,boltzmann
51,45,42,24,36,1.94,36.754489070546114,100,deterministic_tournament,boltzmann
51,44,45,23,35,1.94,36.99955883855384,100,deterministic_tournament,boltzmann
51,45,42,24,36,1.94,36.754489070546114,100,deterministic_tournament,boltzmann
51,45,42,24,36,1.94,36.754489070546114,100,deterministic_tournament,boltzmann
51,44,43,24,36,1.94,36.657312676835055,100,deterministic_tournament,boltzmann
53,44,44,23,34,1.94,37.60894968107717,100,deterministic_tournament,boltzmann
52,43,45,23,35,1.94,37.120733859502145,100,deterministic_tournament,boltzmann
51,44,45,23,35,1.3,27.185889953716178,100,deterministic_tournament,boltzmann
51,44,45,23,35,1.94,36.99955883855384,100,deterministic_tournament,boltzmann
65,52,48,3,30,1.91,46.32930154085386,100,probabilistic_tournament,elite
65,52,48,3,30,1.91,46.32930154085386,100,probabilistic_tournament,elite
63,53,50,3,29,1.91,46.27163449142715,100,probabilistic_tournament,elite
63,53,49,3,30,1.91,46.047004435790086,100,probabilistic_tournament,elite
64,55,44,7,28,1.91,46.00383493397841,100,probabilistic_tournament,elite
64,52,48,3,31,1.91,45.899832023918954,100,probabilistic_tournament,elite
60,60,44,6,28,1.91,45.79120296185708,100,probabilistic_tournament,elite
65,53,43,8,29,1.91,45.4833570881754,100,probabilistic_tournament,elite
58,62,44,6,28,1.91,45.38874233285263,100,probabilistic_tournament,elite
61,55,47,7,28,1.91,45.361434184647294,100,probabilistic_tournament,elite
63,51,49,7,28,1.91,45.33571811333905,100,probabilistic_tournament,elite
61,54,48,7,28,1.91,45.25286489697481,100,probabilistic_tournament,elite
63,52,47,7,29,1.91,45.24415770412099,100,probabilistic_tournament,elite
63,52,47,7,29,1.91,45.24415770412099,100,probabilistic_tournament,elite
64,50,48,7,29,1.91,45.18477963963528,100,probabilistic_tournament,elite
65,50,46,7,30,1.91,45.13204616933449,100,probabilistic_tournament,elite
63,52,47,7,29,1.91,45.24415770412099,100,probabilistic_tournament,elite
64,51,46,8,29,1.91,45.07915134694872,100,probabilistic_tournament,elite
59,53,50,7,29,1.91,44.43469177784591,100,probabilistic_tournament,elite
64,55,45,7,27,1.91,46.23745001315237,100,probabilistic_tournament,elite
42,28,47,44,37,1.48,28.579240996130206,100,probabilistic_tournament,roulette
41,33,44,39,41,1.48,29.280340236989453,100,probabilistic_tournament,roulette
41,33,46,43,35,1.48,28.88213529610867,100,probabilistic_tournament,roulette
42,27,47,43,39,1.48,28.61950632032901,100,probabilistic_tournament,roulette
42,28,47,44,37,1.48,28.579240996130206,100,probabilistic_tournament,roulette
42,32,44,39,41,1.48,29.386445552359994,100,probabilistic_tournament,roulette
42,32,45,44,35,1.48,28.873277614194862,100,probabilistic_tournament,roulette
41,33,46,43,35,1.48,28.88213529610867,100,probabilistic_tournament,roulette
41,32,45,42,38,1.48,28.93815892632428,100,probabilistic_tournament,roulette
43,33,43,43,36,1.48,29.235205596618396,100,probabilistic_tournament,roulette
43,33,43,43,36,1.48,29.235205596618396,100,probabilistic_tournament,roulette
41,32,45,42,38,1.48,28.93815892632428,100,probabilistic_tournament,roulette
40,32,45,43,38,1.48,28.646593308365258,100,probabilistic_tournament,roulette
42,27,47,43,39,1.48,28.61950632032901,100,probabilistic_tournament,roulette
41,33,44,39,41,1.48,29.280340236989453,100,probabilistic_tournament,roulette
42,32,44,39,41,1.48,29.386445552359994,100,probabilistic_tournament,roulette
41,32,45,40,40,1.48,29.13691470923202,100,probabilistic_tournament,roulette
42,33,45,43,35,1.48,29.06868189398009,100,probabilistic_tournament,roulette
41,33,44,39,41,1.48,29.280340236989453,100,probabilistic_tournament,roulette
45,31,43,39,40,1.48,29.784234581707906,100,probabilistic_tournament,roulette
1,48,52,62,35,1.46,12.292872407247433,100,probabilistic_tournament,ranking
1,48,52,62,35,1.46,12.292872407247433,100,probabilistic_tournament,ranking
1,48,52,62,35,1.46,12.292872407247433,100,probabilistic_tournament,ranking
1,49,51,63,34,1.46,12.018413927593324,100,probabilistic_tournament,ranking
1,49,51,63,34,1.46,12.018413927593324,100,probabilistic_tournament,ranking
1,48,52,62,35,1.46,12.292872407247433,100,probabilistic_tournament,ranking
1,48,52,62,35,1.46,12.292872407247433,100,probabilistic_tournament,ranking
1,48,52,62,35,1.46,12.292872407247433,100,probabilistic_tournament,ranking
1,48,52,62,35,1.46,12.292872407247433,100,probabilistic_tournament,ranking
1,48,52,62,35,1.46,12.292872407247433,100,probabilistic_tournament,ranking
1,48,52,62,35,1.46,12.292872407247433,100,probabilistic_tournament,ranking
1,48,52,62,35,1.46,12.292872407247433,100,probabilistic_tournament,ranking
1,48,52,62,35,1.46,12.292872407247433,100,probabilistic_tournament,ranking
1,48,52,62,35,1.46,12.292872407247433,100,probabilistic_tournament,ranking
1,48,52,62,35,1.46,12.292872407247433,100,probabilistic_tournament,ranking
1,49,51,63,34,1.46,12.018413927593324,100,probabilistic_tournament,ranking
1,48,52,62,35,1.46,12.292872407247433,100,probabilistic_tournament,ranking
1,48,52,62,35,1.46,12.292872407247433,100,probabilistic_tournament,ranking
1,48,52,62,35,1.46,12.292872407247433,100,probabilistic_tournament,ranking
1,48,52,62,35,1.46,12.292872407247433,100,probabilistic_tournament,ranking
46,30,41,43,38,1.96,30.220851162686014,100,probabilistic_tournament,universal
45,30,46,39,38,1.96,30.730191815667563,100,probabilistic_tournament,universal
43,38,42,39,36,1.96,31.294062180255263,100,probabilistic_tournament,universal
43,32,46,39,38,1.96,30.558171926090417,100,probabilistic_tournament,universal
43,32,46,39,38,1.3,27.0138649442101,100,probabilistic_tournament,universal
42,39,41,38,38,1.96,31.126679132998117,100,probabilistic_tournament,universal
49,37,39,36,37,1.3,26.98527873090786,100,probabilistic_tournament,universal
44,41,34,42,37,1.96,31.125512280258846,100,probabilistic_tournament,universal
44,41,34,42,37,1.96,31.125512280258846,100,probabilistic_tournament,universal
48,37,37,36,40,1.96,32.25671667117632,100,probabilistic_tournament,universal
47,32,42,43,34,1.3,26.421194389822332,100,probabilistic_tournament,universal
45,41,39,42,31,1.3,25.810278839159587,100,probabilistic_tournament,universal
48,39,43,39,29,1.3,25.86670664153563,100,probabilistic_tournament,universal
42,31,47,39,39,1.96,30.16509678694085,100,probabilistic_tournament,universal
49,37,37,36,39,1.96,32.54311568796176,100,probabilistic_tournament,universal
45,38,41,37,37,1.96,31.982721529809464,100,probabilistic_tournament,universal
45,41,40,36,36,1.96,32.511342816249474,100,probabilistic_tournament,universal
45,39,39,44,31,1.3,25.744389738735627,100,probabilistic_tournament,universal
48,37,37,36,40,1.96,32.25671667117632,100,probabilistic_tournament,universal
49,37,37,36,39,1.96,32.54311568796176,100,probabilistic_tournament,universal
67,54,34,19,24,1.88,43.66105908657239,100,probabilistic_tournament,deterministic_tournament
67,55,33,19,24,1.88,43.74704484008552,100,probabilistic_tournament,deterministic_tournament
67,55,33,19,24,1.88,43.74704484008552,100,probabilistic_tournament,deterministic_tournament
67,54,34,19,24,1.88,43.66105908657239,100,probabilistic_tournament,deterministic_tournament
67,54,34,19,24,1.88,43.66105908657239,100,probabilistic_tournament,deterministic_tournament
67,55,33,19,24,1.88,43.74704484008552,100,probabilistic_tournament,deterministic_tournament
67,55,33,19,24,1.88,43.74704484008552,100,probabilistic_tournament,deterministic_tournament
67,55,33,19,24,1.88,43.74704484008552,100,probabilistic_tournament,deterministic_tournament
67,55,33,19,24,1.88,43.74704484008552,100,probabilistic_tournament,deterministic_tournament
67,54,34,19,24,1.88,43.66105908657239,100,probabilistic_tournament,deterministic_tournament
67,55,33,19,24,1.88,43.74704484008552,100,probabilistic_tournament,deterministic_tournament
67,54,34,19,24,1.88,43.66105908657239,100,probabilistic_tournament,deterministic_tournament
67,54,34,19,24,1.88,43.66105908657239,100,probabilistic_tournament,deterministic_tournament
69,53,34,18,24,1.88,44.03217011851301,100,probabilistic_tournament,deterministic_tournament
67,55,33,19,24,1.88,43.74704484008552,100,probabilistic_tournament,deterministic_tournament
67,54,34,19,24,1.88,43.66105908657239,100,probabilistic_tournament,deterministic_tournament
66,54,35,18,25,1.88,43.59612369904566,100,probabilistic_tournament,deterministic_tournament
66,55,34,19,24,1.88,43.640320943588364,100,probabilistic_tournament,deterministic_tournament
67,54,34,19,24,1.88,43.66105908657239,100,probabilistic_tournament,deterministic_tournament
67,54,34,19,24,1.88,43.66105908657239,100,probabilistic_tournament,deterministic_tournament
50,30,43,37,38,1.33,28.705977554744948,100,probabilistic_tournament,probabilistic_tournament
52,30,43,37,36,1.33,28.71150865977085,100,probabilistic_tournament,probabilistic_tournament
51,30,47,34,36,1.3,27.078178451360685,100,probabilistic_tournament,probabilistic_tournament
53,30,43,35,37,1.3,27.109913247721813,100,probabilistic_tournament,probabilistic_tournament
53,30,43,35,37,1.3,27.109913247721813,100,probabilistic_tournament,probabilistic_tournament
52,30,43,37,36,1.33,28.71150865977085,100,probabilistic_tournament,probabilistic_tournament
51,30,45,35,37,1.3,27.14360082914867,100,probabilistic_tournament,probabilistic_tournament
54,31,42,36,35,1.33,28.873005098109555,100,probabilistic_tournament,probabilistic_tournament
51,30,47,34,36,1.3,27.078178451360685,100,probabilistic_tournament,probabilistic_tournament
53,30,43,35,37,1.3,27.109913247721813,100,probabilistic_tournament,probabilistic_tournament
51,30,47,34,36,1.3,27.078178451360685,100,probabilistic_tournament,probabilistic_tournament
51,30,47,34,36,1.3,27.078178451360685,100,probabilistic_tournament,probabilistic_tournament
53,30,43,35,37,1.3,27.109913247721813,100,probabilistic_tournament,probabilistic_tournament
54,31,42,36,35,1.33,28.873005098109555,100,probabilistic_tournament,probabilistic_tournament
51,30,47,34,36,1.3,27.078178451360685,100,probabilistic_tournament,probabilistic_tournament
51,30,47,34,36,1.3,27.078178451360685,100,probabilistic_tournament,probabilistic_tournament
53,30,43,37,35,1.33,28.707252361747784,100,probabilistic_tournament,probabilistic_tournament
52,30,43,36,37,1.3,27.089975266417184,100,probabilistic_tournament,probabilistic_tournament
51,29,46,34,38,1.3,27.272708357970473,100,probabilistic_tournament,probabilistic_tournament
51,30,45,35,37,1.3,27.14360082914867,100,probabilistic_tournament,probabilistic_tournament
64,41,36,37,20,1.89,37.742498005942366,100,probabilistic_tournament,boltzmann
61,43,35,35,24,1.89,37.64075055707707,100,probabilistic_tournament,boltzmann
63,43,34,37,21,1.89,37.78278898821366,100,probabilistic_tournament,boltzmann
63,43,34,37,21,1.89,37.78278898821366,100,probabilistic_tournament,boltzmann
63,43,34,37,21,1.89,37.78278898821366,100,probabilistic_tournament,boltzmann
64,41,36,37,20,1.89,37.742498005942366,100,probabilistic_tournament,boltzmann
61,43,35,35,24,1.89,37.64075055707707,100,probabilistic_tournament,boltzmann
66,45,30,37,20,1.89,38.414323169485606,100,probabilistic_tournament,boltzmann
66,45,30,37,20,1.89,38.414323169485606,100,probabilistic_tournament,boltzmann
64,45,29,36,24,1.89,37.82518223341254,100,probabilistic_tournament,boltzmann
64,41,36,37,20,1.89,37.742498005942366,100,probabilistic_tournament,boltzmann
64,41,36,37,20,1.89,37.742498005942366,100,probabilistic_tournament,boltzmann
61,43,35,35,24,1.89,37.64075055707707,100,probabilistic_tournament,boltzmann
66,45,30,37,20,1.89,38.414323169485606,100,probabilistic_tournament,boltzmann
62,44,34,34,24,1.89,38.1310689166345,100,probabilistic_tournament,boltzmann
66,45,30,37,20,1.89,38.414323169485606,100,probabilistic_tournament,boltzmann
61,49,34,35,19,1.89,39.18477274122884,100,probabilistic_tournament,boltzmann
64,41,36,37,20,1.89,37.742498005942366,100,probabilistic_tournament,boltzmann
63,41,36,37,21,1.89,37.502231926685866,100,probabilistic_tournament,boltzmann
65,43,33,36,21,1.89,38.20839160528106,100,probabilistic_tournament,boltzmann
68,53,42,11,24,1.93,46.266097297283515,100,boltzmann,elite
68,53,42,11,24,1.93,46.266097297283515,100,boltzmann,elite
68,53,42,11,24,1.93,46.266097297283515,100,boltzmann,elite
68,53,42,11,24,1.93,46.266097297283515,100,boltzmann,elite
68,53,42,11,24,1.93,46.266097297283515,100,boltzmann,elite
65,55,40,9,29,1.93,45.338435661948935,100,boltzmann,elite
67,52,41,10,28,1.93,45.30836405752685,100,boltzmann,elite
63,55,43,8,29,1.93,45.240959180804865,100,boltzmann,elite
63,55,43,8,29,1.93,45.240959180804865,100,boltzmann,elite
63,55,43,8,29,1.93,45.240959180804865,100,boltzmann,elite
63,55,43,8,29,1.93,45.240959180804865,100,boltzmann,elite
63,55,43,8,29,1.93,45.240959180804865,100,boltzmann,elite
63,55,43,8,29,1.93,45.240959180804865,100,boltzmann,elite
63,55,43,8,29,1.93,45.240959180804865,100,boltzmann,elite
63,55,43,8,29,1.93,45.240959180804865,100,boltzmann,elite
64,54,42,9,29,1.93,45.08054557955898,100,boltzmann,elite
68,53,42,7,28,1.93,46.33592431582575,100,boltzmann,elite
63,56,42,13,24,1.93,45.23131565358692,100,boltzmann,elite
66,51,40,12,29,1.93,44.300392625792135,100,boltzmann,elite
66,56,43,9,24,1.93,46.81371524011036,100,boltzmann,elite
51,53,40,23,31,1.84,37.346290061705616,100,boltzmann,roulette
51,54,40,22,31,1.84,37.592294059056,100,boltzmann,roulette
51,53,40,23,31,1.84,37.346290061705616,100,boltzmann,roulette
51,54,40,22,31,1.84,37.592294059056,100,boltzmann,roulette
52,54,39,22,31,1.84,37.84127530219624,100,boltzmann,roulette
51,53,40,23,31,1.84,37.346290061705616,100,boltzmann,roulette
51,53,40,23,31,1.84,37.346290061705616,100,boltzmann,roulette
51,54,40,22,31,1.84,37.592294059056,100,boltzmann,roulette
51,52,40,23,32,1.84,37.141406548632645,100,boltzmann,roulette
51,54,40,22,31,1.84,37.592294059056,100,boltzmann,roulette
51,53,40,23,31,1.84,37.346290061705616,100,boltzmann,roulette
51,53,40,23,31,1.84,37.346290061705616,100,boltzmann,roulette
51,54,40,22,31,1.84,37.592294059056,100,boltzmann,roulette
51,53,40,23,31,1.84,37.346290061705616,100,boltzmann,roulette
51,53,40,23,31,1.84,37.346290061705616,100,boltzmann,roulette
52,54,39,22,31,1.84,37.84127530219624,100,boltzmann,roulette
51,53,40,23,31,1.84,37.346290061705616,100,boltzmann,roulette
51,53,40,23,31,1.84,37.346290061705616,100,boltzmann,roulette
51,54,40,22,31,1.84,37.592294059056,100,boltzmann,roulette
51,54,40,22,31,1.84,37.592294059056,100,boltzmann,roulette
33,46,35,69,15,1.3,18.46001396508791,100,boltzmann,ranking
33,46,35,69,15,1.3,18.46001396508791,100,boltzmann,ranking
33,46,35,69,15,1.3,18.46001396508791,100,boltzmann,ranking
33,46,35,69,15,1.3,18.46001396508791,100,boltzmann,ranking
33,46,35,69,15,1.3,18.46001396508791,100,boltzmann,ranking
33,46,35,69,15,1.3,18.46001396508791,100,boltzmann,ranking
33,46,35,69,15,1.3,18.46001396508791,100,boltzmann,ranking
33,46,35,69,15,1.3,18.46001396508791,100,boltzmann,ranking
33,46,35,69,15,1.3,18.46001396508791,100,boltzmann,ranking
33,46,35,69,15,1.3,18.46001396508791,100,boltzmann,ranking
33,46,35,69,15,1.3,18.46001396508791,100,boltzmann,ranking
33,46,35,69,15,1.3,18.46001396508791,100,boltzmann,ranking
34,46,30,72,16,1.3,18.706787130643697,100,boltzmann,ranking
33,46,35,69,15,1.3,18.46001396508791,100,boltzmann,ranking
33,46,35,69,15,1.3,18.46001396508791,100,boltzmann,ranking
33,46,35,69,15,1.3,18.46001396508791,100,boltzmann,ranking
33,46,35,69,15,1.3,18.46001396508791,100,boltzmann,ranking
33,46,35,69,15,1.3,18.46001396508791,100,boltzmann,ranking
33,46,35,69,15,1.3,18.46001396508791,100,boltzmann,ranking
33,46,35,69,15,1.3,18.46001396508791,100,boltzmann,ranking
52,46,38,33,29,1.92,36.45013740369137,100,boltzmann,universal
50,48,36,41,23,1.92,35.1558865258509,100,boltzmann,universal
58,49,31,33,27,1.92,38.09121062885156,100,boltzmann,universal
52,46,38,36,26,1.92,36.19101888713349,100,boltzmann,universal
52,47,39,33,27,1.92,36.827620930913234,100,boltzmann,universal
52,52,33,35,26,1.92,36.93548297230077,100,boltzmann,universal
56,49,32,34,27,1.92,37.54191190588116,100,boltzmann,universal
54,46,39,33,26,1.92,37.29097475464473,100,boltzmann,universal
50,49,37,36,26,1.92,36.009850519711506,100,boltzmann,universal
50,51,31,39,27,1.92,35.35021075041131,100,boltzmann,universal
53,46,39,33,27,1.92,36.9440088244682,100,boltzmann,universal
52,47,37,32,30,1.92,36.61563226804097,100,boltzmann,universal
52,43,38,38,27,1.92,35.295646535805005,100,boltzmann,universal
54,50,33,34,27,1.92,37.27743708850545,100,boltzmann,universal
51,53,32,34,28,1.92,36.70266240557325,100,boltzmann,universal
56,48,31,37,26,1.92,36.86340030424543,100,boltzmann,universal
52,47,37,32,30,1.92,36.61563226804097,100,boltzmann,universal
54,50,33,34,27,1.92,37.27743708850545,100,boltzmann,universal
52,47,39,33,27,1.92,36.827620930913234,100,boltzmann,universal
52,46,38,36,26,1.92,36.19101888713349,100,boltzmann,universal
73,51,42,4,28,1.92,47.52405379071326,100,boltzmann,deterministic_tournament
73,51,42,4,28,1.92,47.52405379071326,100,boltzmann,deterministic_tournament
73,51,42,4,28,1.92,47.52405379071326,100,boltzmann,deterministic_tournament
73,51,42,4,28,1.92,47.52405379071326,100,boltzmann,deterministic_tournament
73,51,42,4,28,1.92,47.52405379071326,100,boltzmann,deterministic_tournament
73,51,42,4,28,1.92,47.52405379071326,100,boltzmann,deterministic_tournament
73,51,42,4,28,1.92,47.52405379071326,100,boltzmann,deterministic_tournament
73,51,42,4,28,1.92,47.52405379071326,100,boltzmann,deterministic_tournament
73,51,42,4,28,1.92,47.52405379071326,100,boltzmann,deterministic_tournament
73,51,42,4,28,1.92,47.52405379071326,100,boltzmann,deterministic_tournament
73,51,42,4,28,1.92,47.52405379071326,100,boltzmann,deterministic_tournament
73,51,42,4,28,1.92,47.52405379071326,100,boltzmann,deterministic_tournament
73,51,42,4,28,1.92,47.52405379071326,100,boltzmann,deterministic_tournament
73,51,42,4,28,1.92,47.52405379071326,100,boltzmann,deterministic_tournament
73,51,42,4,28,1.92,47.52405379071326,100,boltzmann,deterministic_tournament
73,51,42,4,28,1.92,47.52405379071326,100,boltzmann,deterministic_tournament
73,51,42,4,28,1.92,47.52405379071326,100,boltzmann,deterministic_tournament
73,51,42,4,28,1.92,47.52405379071326,100,boltzmann,deterministic_tournament
73,51,42,4,28,1.92,47.52405379071326,100,boltzmann,deterministic_tournament
73,51,42,4,28,1.92,47.52405379071326,100,boltzmann,deterministic_tournament
47,26,42,40,43,1.59,28.98936514494215,100,boltzmann,probabilistic_tournament
47,26,42,40,43,1.59,28.98936514494215,100,boltzmann,probabilistic_tournament
47,26,42,40,43,1.59,28.98936514494215,100,boltzmann,probabilistic_tournament
46,25,47,40,40,1.59,28.910969544550618,100,boltzmann,probabilistic_tournament
44,27,48,39,40,1.59,28.95674987012255,100,boltzmann,probabilistic_tournament
44,27,48,39,40,1.59,28.95674987012255,100,boltzmann,probabilistic_tournament
47,26,42,40,43,1.59,28.98936514494215,100,boltzmann,probabilistic_tournament
44,26,47,39,42,1.59,28.897035273947534,100,boltzmann,probabilistic_tournament
44,27,48,39,40,1.59,28.95674987012255,100,boltzmann,probabilistic_tournament
45,26,44,40,43,1.59,28.87076456299954,100,boltzmann,probabilistic_tournament
47,27,42,41,41,1.59,28.99116825797819,100,boltzmann,probabilistic_tournament
47,26,42,40,43,1.59,28.98936514494215,100,boltzmann,probabilistic_tournament
48,27,40,40,43,1.59,29.08734179329233,100,boltzmann,probabilistic_tournament
47,26,42,40,43,1.59,28.98936514494215,100,boltzmann,probabilistic_tournament
48,27,40,40,43,1.59,29.08734179329233,100,boltzmann,probabilistic_tournament
48,25,46,40,39,1.59,29.059317780109062,100,boltzmann,probabilistic_tournament
45,26,44,40,43,1.59,28.87076456299954,100,boltzmann,probabilistic_tournament
47,26,42,40,43,1.59,28.98936514494215,100,boltzmann,probabilistic_tournament
46,27,43,41,41,1.59,28.927630679414733,100,boltzmann,probabilistic_tournament
45,24,46,40,43,1.59,28.751190920539308,100,boltzmann,probabilistic_tournament
48,56,24,41,29,1.93,34.331305978307064,100,boltzmann,boltzmann
48,56,24,41,29,1.93,34.331305978307064,100,boltzmann,boltzmann
48,56,24,41,29,1.93,34.331305978307064,100,boltzmann,boltzmann
50,55,23,41,29,1.93,34.711879692811806,100,boltzmann,boltzmann
48,56,24,41,29,1.93,34.331305978307064,100,boltzmann,boltzmann
48,49,32,38,31,1.93,34.39536464296214,100,boltzmann,boltzmann
48,56,24,41,29,1.93,34.331305978307064,100,boltzmann,boltzmann
48,56,24,41,29,1.93,34.331305978307064,100,boltzmann,boltzmann
48,56,24,41,29,1.93,34.331305978307064,100,boltzmann,boltzmann
48,56,24,41,29,1.93,34.331305978307064,100,boltzmann,boltzmann
50,55,23,41,29,1.93,34.711879692811806,100,boltzmann,boltzmann
49,49,31,39,30,1.93,34.53331859713449,100,boltzmann,boltzmann
48,56,24,41,29,1.93,34.331305978307064,100,boltzmann,boltzmann
48,56,24,41,29,1.93,34.331305978307064,100,boltzmann,boltzmann
48,56,24,41,29,1.93,34.331305978307064,100,boltzmann,boltzmann
48,56,24,41,29,1.93,34.331305978307064,100,boltzmann,boltzmann
50,57,24,42,25,1.93,35.16526022356614,100,boltzmann,boltzmann
45,56,26,42,29,1.93,33.38302615960486,100,boltzmann,boltzmann
50,54,24,41,29,1.93,34.67592410532077,100,boltzmann,boltzmann
48,56,24,41,29,1.93,34.331305978307064,100,boltzmann,boltzmann
