strength,dexterity,intelligence,vigor,constitution,height,character,fitness,generation
27,0,37,136,0,1.46,warrior,4.92724829122735,0
33,0,40,127,0,1.78,warrior,6.5013452428623895,0
40,0,28,132,0,1.84,warrior,6.037061934724457,0
35,0,24,141,0,1.98,warrior,4.542397652132597,0
34,1,39,126,0,1.34,warrior,5.526159490095202,0
23,0,68,109,0,1.52,warrior,6.8160720290930135,0
31,0,51,118,0,1.53,warrior,7.140537072123682,0
37,0,28,135,0,1.79,warrior,5.262493911944868,0
32,0,25,143,0,1.52,warrior,3.8645106356294034,0
29,0,77,94,0,1.64,warrior,8.715196866984549,0
28,0,69,103,0,1.83,warrior,9.384908614405955,0
24,0,42,134,0,1.82,warrior,5.306199674677106,0
23,0,28,149,0,1.57,warrior,3.024564274908203,0
29,0,68,103,0,1.63,warrior,7.972304920486094,0
25,0,75,100,0,1.32,warrior,6.001917054789164,0
27,0,29,144,0,1.45,warrior,3.9333758560171583,0
24,0,75,101,0,1.94,warrior,9.101633852407518,0
26,0,72,102,0,1.9,warrior,9.600324762939566,0
38,0,32,130,0,1.3,warrior,3.620669633938847,0
29,0,38,133,0,1.57,warrior,5.017662571490702,0
24,0,75,101,0,1.94,warrior,9.101633852407518,1
26,0,72,102,0,1.9,warrior,9.600324762939566,1
26,0,72,102,0,1.9,warrior,9.600324762939566,1
26,0,72,102,0,1.9,warrior,9.600324762939566,1
28,0,69,103,0,1.83,warrior,9.384908614405955,1
26,0,72,102,0,1.9,warrior,9.600324762939566,1
24,0,75,101,0,1.94,warrior,9.101633852407518,1
26,0,72,102,0,1.9,warrior,9.600324762939566,1
26,0,72,102,0,1.9,warrior,9.600324762939566,1
26,0,72,102,0,1.9,warrior,9.600324762939566,1
28,0,69,103,0,1.83,warrior,9.384908614405955,1
24,0,75,101,0,1.94,warrior,9.101633852407518,1
28,0,69,103,0,1.83,warrior,9.384908614405955,1
24,0,75,101,0,1.94,warrior,9.101633852407518,1
24,0,75,101,0,1.94,warrior,9.101633852407518,1
28,0,69,103,0,1.83,warrior,9.384908614405955,1
28,1,70,101,0,1.9,warrior,10.371768022400852,1
26,0,69,105,0,1.63,warrior,7.264154574055981,1
26,0,72,102,0,1.9,warrior,9.600324762939566,1
26,0,72,102,0,1.9,warrior,9.600324762939566,1
26,0,72,102,0,1.9,warrior,9.600324762939566,2
26,0,72,102,0,1.9,warrior,9.600324762939566,2
28,0,69,103,0,1.83,warrior,9.384908614405955,2
26,0,72,102,0,1.9,warrior,9.600324762939566,2
26,0,72,102,0,1.9,warrior,9.600324762939566,2
24,0,75,101,0,1.94,warrior,9.101633852407518,2
24,0,75,101,0,1.94,warrior,9.101633852407518,2
24,0,75,101,0,1.94,warrior,9.101633852407518,2
24,0,75,101,0,1.94,warrior,9.101633852407518,2
28,0,69,103,0,1.83,warrior,9.384908614405955,2
26,0,72,102,0,1.9,warrior,9.600324762939566,2
26,0,72,102,0,1.9,warrior,9.600324762939566,2
26,0,72,102,0,1.9,warrior,9.600324762939566,2
24,0,75,101,0,1.94,warrior,9.101633852407518,2
26,0,72,102,0,1.9,warrior,9.600324762939566,2
26,0,72,102,0,1.9,warrior,9.600324762939566,2
26,0,70,104,0,1.9,warrior,9.405153901102489,2
27,1,70,101,1,1.83,warrior,9.822605977960336,2
26,1,72,101,0,1.9,warrior,9.859682303292816,2
28,0,70,102,0,1.9,warrior,10.093430492387107,2
28,0,69,103,0,1.83,warrior,9.384908614405955,3
26,1,72,101,0,1.9,warrior,9.859682303292816,3
28,0,69,103,0,1.83,warrior,9.384908614405955,3
28,0,69,103,0,1.83,warrior,9.384908614405955,3
24,0,75,101,0,1.94,warrior,9.101633852407518,3
27,1,70,101,1,1.83,warrior,9.822605977960336,3
28,0,69,103,0,1.83,warrior,9.384908614405955,3
26,0,72,102,0,1.9,warrior,9.600324762939566,3
26,0,72,102,0,1.9,warrior,9.600324762939566,3
24,0,75,101,0,1.94,warrior,9.101633852407518,3
26,0,72,102,0,1.9,warrior,9.600324762939566,3
26,0,72,102,0,1.9,warrior,9.600324762939566,3
26,0,70,104,0,1.9,warrior,9.405153901102489,3
27,1,70,101,1,1.83,warrior,9.822605977960336,3
26,0,72,102,0,1.9,warrior,9.600324762939566,3
24,0,75,101,0,1.94,warrior,9.101633852407518,3
27,0,70,102,1,1.83,warrior,9.571419349667613,3
29,0,68,102,1,1.83,warrior,10.003505719654477,3
26,0,70,104,0,1.94,warrior,9.351918926339579,3
24,0,75,101,0,1.9,warrior,9.153444101432402,3
26,0,72,102,0,1.9,warrior,9.600324762939566,4
24,0,75,101,0,1.94,warrior,9.101633852407518,4
26,0,72,102,0,1.9,warrior,9.600324762939566,4
24,0,75,101,0,1.94,warrior,9.101633852407518,4
26,0,72,102,0,1.9,warrior,9.600324762939566,4
26,0,70,104,0,1.9,warrior,9.405153901102489,4
26,0,70,104,0,1.9,warrior,9.405153901102489,4
26,0,72,102,0,1.9,warrior,9.600324762939566,4
26,0,72,102,0,1.9,warrior,9.600324762939566,4
26,1,72,101,0,1.9,warrior,9.859682303292816,4
27,1,70,101,1,1.83,warrior,9.822605977960336,4
27,0,70,102,1,1.83,warrior,9.571419349667613,4
28,0,69,103,0,1.83,warrior,9.384908614405955,4
26,0,72,102,0,1.9,warrior,9.600324762939566,4
28,0,69,103,0,1.83,warrior,9.384908614405955,4
26,0,72,102,0,1.9,warrior,9.600324762939566,4
28,1,68,103,0,1.9,warrior,10.157189660696488,4
26,0,70,102,2,1.83,warrior,9.655922982030965,4
26,0,72,102,0,1.9,warrior,9.600324762939566,4
26,0,72,102,0,1.9,warrior,9.600324762939566,4
28,1,68,103,0,1.9,warrior,10.157189660696488,5
26,0,72,102,0,1.9,warrior,9.600324762939566,5
27,1,70,101,1,1.83,warrior,9.822605977960336,5
26,0,70,104,0,1.9,warrior,9.405153901102489,5
26,0,72,102,0,1.9,warrior,9.600324762939566,5
27,0,70,102,1,1.83,warrior,9.571419349667613,5
26,0,72,102,0,1.9,warrior,9.600324762939566,5
26,0,70,102,2,1.83,warrior,9.655922982030965,5
26,0,72,102,0,1.9,warrior,9.600324762939566,5
26,0,72,102,0,1.9,warrior,9.600324762939566,5
26,0,72,102,0,1.9,warrior,9.600324762939566,5
26,0,72,102,0,1.9,warrior,9.600324762939566,5
27,0,70,102,1,1.83,warrior,9.571419349667613,5
27,0,70,102,1,1.83,warrior,9.571419349667613,5
26,0,72,102,0,1.9,warrior,9.600324762939566,5
26,0,70,102,2,1.83,warrior,9.655922982030965,5
26,0,72,102,0,1.9,warrior,9.600324762939566,5
26,0,72,102,0,1.9,warrior,9.600324762939566,5
26,1,70,103,0,1.9,warrior,9.66451144145574,5
25,0,72,102,1,1.9,warrior,9.611160582245892,5
28,1,68,103,0,1.9,warrior,10.157189660696488,6
28,1,68,103,0,1.9,warrior,10.157189660696488,6
26,1,70,103,0,1.9,warrior,9.66451144145574,6
25,0,72,102,1,1.9,warrior,9.611160582245892,6
27,1,70,101,1,1.83,warrior,9.822605977960336,6
26,0,70,102,2,1.83,warrior,9.655922982030965,6
26,0,72,102,0,1.9,warrior,9.600324762939566,6
26,0,72,102,0,1.9,warrior,9.600324762939566,6
26,0,72,102,0,1.9,warrior,9.600324762939566,6
26,0,72,102,0,1.9,warrior,9.600324762939566,6
27,0,70,102,1,1.83,warrior,9.571419349667613,6
27,0,70,102,1,1.83,warrior,9.571419349667613,6
26,0,72,102,0,1.9,warrior,9.600324762939566,6
26,0,72,102,0,1.9,warrior,9.600324762939566,6
26,0,70,102,2,1.83,warrior,9.655922982030965,6
26,0,72,102,0,1.9,warrior,9.600324762939566,6
26,0,72,102,0,1.9,warrior,9.600324762939566,6
26,0,70,104,0,1.9,warrior,9.405153901102489,6
26,0,70,104,0,1.9,warrior,9.405153901102489,6
25,0,72,101,2,1.9,warrior,9.973298074482699,6
26,0,70,104,0,1.9,warrior,9.405153901102489,7
26,0,72,102,0,1.9,warrior,9.600324762939566,7
26,0,72,102,0,1.9,warrior,9.600324762939566,7
26,0,72,102,0,1.9,warrior,9.600324762939566,7
28,1,68,103,0,1.9,warrior,10.157189660696488,7
26,0,70,102,2,1.83,warrior,9.655922982030965,7
26,0,72,102,0,1.9,warrior,9.600324762939566,7
26,0,72,102,0,1.9,warrior,9.600324762939566,7
26,0,72,102,0,1.9,warrior,9.600324762939566,7
26,0,72,102,0,1.9,warrior,9.600324762939566,7
26,0,70,104,0,1.9,warrior,9.405153901102489,7
26,0,70,104,0,1.9,warrior,9.405153901102489,7
26,0,72,102,0,1.9,warrior,9.600324762939566,7
28,1,68,103,0,1.9,warrior,10.157189660696488,7
28,1,68,103,0,1.9,warrior,10.157189660696488,7
26,0,72,102,0,1.9,warrior,9.600324762939566,7
25,1,72,102,0,1.9,warrior,9.496117279401176,7
26,1,70,103,0,1.9,warrior,9.66451144145574,7
26,1,70,103,0,1.9,warrior,9.66451144145574,7
28,0,68,102,2,1.83,warrior,10.09550732932475,7
26,1,70,103,0,1.9,warrior,9.66451144145574,8
28,1,68,103,0,1.9,warrior,10.157189660696488,8
26,0,72,102,0,1.9,warrior,9.600324762939566,8
26,0,70,104,0,1.9,warrior,9.405153901102489,8
26,0,72,102,0,1.9,warrior,9.600324762939566,8
28,1,68,103,0,1.9,warrior,10.157189660696488,8
28,1,68,103,0,1.9,warrior,10.157189660696488,8
26,1,70,103,0,1.9,warrior,9.66451144145574,8
25,1,72,102,0,1.9,warrior,9.496117279401176,8
26,0,70,104,0,1.9,warrior,9.405153901102489,8
26,0,70,104,0,1.9,warrior,9.405153901102489,8
26,0,70,104,0,1.9,warrior,9.405153901102489,8
26,0,70,104,0,1.9,warrior,9.405153901102489,8
26,1,70,103,0,1.9,warrior,9.66451144145574,8
26,0,72,102,0,1.9,warrior,9.600324762939566,8
25,1,72,102,0,1.9,warrior,9.496117279401176,8
26,0,72,102,0,1.9,warrior,9.600324762939566,8
26,0,72,102,0,1.9,warrior,9.600324762939566,8
28,0,70,102,0,1.83,warrior,9.48512890522411,8
26,1,68,103,2,1.9,warrior,10.187004064916131,8
26,0,70,104,0,1.9,warrior,9.405153901102489,9
26,1,70,103,0,1.9,warrior,9.66451144145574,9
26,0,70,104,0,1.9,warrior,9.405153901102489,9
26,1,70,103,0,1.9,warrior,9.66451144145574,9
26,0,72,102,0,1.9,warrior,9.600324762939566,9
26,0,72,102,0,1.9,warrior,9.600324762939566,9
26,0,70,104,0,1.9,warrior,9.405153901102489,9
28,1,68,103,0,1.9,warrior,10.157189660696488,9
28,0,70,102,0,1.83,warrior,9.48512890522411,9
26,0,72,102,0,1.9,warrior,9.600324762939566,9
26,1,70,103,0,1.9,warrior,9.66451144145574,9
26,0,72,102,0,1.9,warrior,9.600324762939566,9
26,0,72,102,0,1.9,warrior,9.600324762939566,9
28,0,70,102,0,1.83,warrior,9.48512890522411,9
26,0,72,102,0,1.9,warrior,9.600324762939566,9
26,0,72,102,0,1.9,warrior,9.600324762939566,9
26,1,68,104,1,1.9,warrior,9.827094429556835,9
28,0,71,100,1,1.9,warrior,10.559789992059248,9
25,0,74,101,0,1.9,warrior,9.429716031338014,9
26,0,68,103,3,1.9,warrior,10.288685368856417,9
26,0,72,102,0,1.9,warrior,9.600324762939566,10
28,0,70,102,0,1.83,warrior,9.48512890522411,10
26,0,72,102,0,1.9,warrior,9.600324762939566,10
26,0,68,103,3,1.9,warrior,10.288685368856417,10
26,0,72,102,0,1.9,warrior,9.600324762939566,10
26,1,68,104,1,1.9,warrior,9.827094429556835,10
26,0,72,102,0,1.9,warrior,9.600324762939566,10
28,0,70,102,0,1.83,warrior,9.48512890522411,10
26,0,68,103,3,1.9,warrior,10.288685368856417,10
26,1,70,103,0,1.9,warrior,9.66451144145574,10
26,0,72,102,0,1.9,warrior,9.600324762939566,10
26,0,68,103,3,1.9,warrior,10.288685368856417,10
26,0,72,102,0,1.9,warrior,9.600324762939566,10
26,1,68,104,1,1.9,warrior,9.827094429556835,10
26,0,72,102,0,1.9,warrior,9.600324762939566,10
26,1,70,103,0,1.9,warrior,9.66451144145574,10
26,0,70,104,0,1.9,warrior,9.405153901102489,10
28,1,68,103,0,1.9,warrior,10.157189660696488,10
26,0,72,102,0,1.9,warrior,9.600324762939566,10
26,0,72,102,0,1.9,warrior,9.600324762939566,10
26,1,68,104,1,1.9,warrior,9.827094429556835,11
26,0,68,103,3,1.9,warrior,10.288685368856417,11
26,0,68,103,3,1.9,warrior,10.288685368856417,11
26,0,72,102,0,1.9,warrior,9.600324762939566,11
26,0,72,102,0,1.9,warrior,9.600324762939566,11
26,1,70,103,0,1.9,warrior,9.66451144145574,11
26,0,68,103,3,1.9,warrior,10.288685368856417,11
26,1,70,103,0,1.9,warrior,9.66451144145574,11
26,0,72,102,0,1.9,warrior,9.600324762939566,11
26,0,72,102,0,1.9,warrior,9.600324762939566,11
26,0,70,104,0,1.9,warrior,9.405153901102489,11
26,0,68,103,3,1.9,warrior,10.288685368856417,11
28,1,68,103,0,1.9,warrior,10.157189660696488,11
26,1,68,104,1,1.9,warrior,9.827094429556835,11
26,0,68,103,3,1.9,warrior,10.288685368856417,11
28,1,68,103,0,1.9,warrior,10.157189660696488,11
25,1,71,103,0,1.9,warrior,9.402704142900834,11
29,0,68,103,0,1.9,warrior,10.212957888251623,11
26,0,72,102,0,1.9,warrior,9.600324762939566,11
26,0,72,102,0,1.9,warrior,9.600324762939566,11
26,0,68,103,3,1.9,warrior,10.288685368856417,12
26,0,68,103,3,1.9,warrior,10.288685368856417,12
25,1,71,103,0,1.9,warrior,9.402704142900834,12
26,1,68,104,1,1.9,warrior,9.827094429556835,12
26,0,72,102,0,1.9,warrior,9.600324762939566,12
26,0,72,102,0,1.9,warrior,9.600324762939566,12
26,0,68,103,3,1.9,warrior,10.288685368856417,12
26,0,68,103,3,1.9,warrior,10.288685368856417,12
28,1,68,103,0,1.9,warrior,10.157189660696488,12
26,0,72,102,0,1.9,warrior,9.600324762939566,12
26,0,68,103,3,1.9,warrior,10.288685368856417,12
26,0,72,102,0,1.9,warrior,9.600324762939566,12
26,1,70,103,0,1.9,warrior,9.66451144145574,12
26,0,68,103,3,1.9,warrior,10.288685368856417,12
26,0,72,102,0,1.9,warrior,9.600324762939566,12
26,0,68,103,3,1.9,warrior,10.288685368856417,12
26,1,70,103,0,1.9,warrior,9.66451144145574,12
26,0,72,102,0,1.9,warrior,9.600324762939566,12
26,0,70,104,0,1.9,warrior,9.405153901102489,12
26,0,70,104,0,1.9,warrior,9.405153901102489,12
26,1,68,104,1,1.9,warrior,9.827094429556835,13
26,0,72,102,0,1.9,warrior,9.600324762939566,13
26,0,68,103,3,1.9,warrior,10.288685368856417,13
26,0,72,102,0,1.9,warrior,9.600324762939566,13
26,0,68,103,3,1.9,warrior,10.288685368856417,13
26,0,72,102,0,1.9,warrior,9.600324762939566,13
26,0,68,103,3,1.9,warrior,10.288685368856417,13
26,0,72,102,0,1.9,warrior,9.600324762939566,13
26,0,68,103,3,1.9,warrior,10.288685368856417,13
26,0,72,102,0,1.9,warrior,9.600324762939566,13
26,0,70,104,0,1.9,warrior,9.405153901102489,13
26,0,68,103,3,1.9,warrior,10.288685368856417,13
26,0,72,102,0,1.9,warrior,9.600324762939566,13
26,0,72,102,0,1.9,warrior,9.600324762939566,13
28,1,68,103,0,1.9,warrior,10.157189660696488,13
26,1,70,103,0,1.9,warrior,9.66451144145574,13
26,0,70,104,0,1.9,warrior,9.405153901102489,13
27,0,71,102,0,1.9,warrior,9.851982707688755,13
26,0,68,103,3,1.9,warrior,10.288685368856417,13
26,0,68,103,3,1.9,warrior,10.288685368856417,13
26,1,70,103,0,1.9,warrior,9.66451144145574,14
26,0,72,102,0,1.9,warrior,9.600324762939566,14
26,0,68,103,3,1.9,warrior,10.288685368856417,14
26,0,68,103,3,1.9,warrior,10.288685368856417,14
26,0,72,102,0,1.9,warrior,9.600324762939566,14
26,0,72,102,0,1.9,warrior,9.600324762939566,14
26,0,68,103,3,1.9,warrior,10.288685368856417,14
26,0,68,103,3,1.9,warrior,10.288685368856417,14
27,0,71,102,0,1.9,warrior,9.851982707688755,14
26,0,68,103,3,1.9,warrior,10.288685368856417,14
26,0,72,102,0,1.9,warrior,9.600324762939566,14
26,0,72,102,0,1.9,warrior,9.600324762939566,14
26,0,68,103,3,1.9,warrior,10.288685368856417,14
26,0,72,102,0,1.9,warrior,9.600324762939566,14
26,0,72,102,0,1.9,warrior,9.600324762939566,14
26,0,68,103,3,1.9,warrior,10.288685368856417,14
26,0,72,102,0,1.9,warrior,9.600324762939566,14
26,0,72,102,0,1.9,warrior,9.600324762939566,14
26,0,72,102,0,1.9,warrior,9.600324762939566,14
26,0,72,102,0,1.9,warrior,9.600324762939566,14
26,0,68,103,3,1.9,warrior,10.288685368856417,15
26,0,68,103,3,1.9,warrior,10.288685368856417,15
26,0,72,102,0,1.9,warrior,9.600324762939566,15
26,0,72,102,0,1.9,warrior,9.600324762939566,15
26,0,68,103,3,1.9,warrior,10.288685368856417,15
26,0,72,102,0,1.9,warrior,9.600324762939566,15
26,0,72,102,0,1.9,warrior,9.600324762939566,15
26,0,72,102,0,1.9,warrior,9.600324762939566,15
26,0,72,102,0,1.9,warrior,9.600324762939566,15
26,0,72,102,0,1.9,warrior,9.600324762939566,15
26,0,72,102,0,1.9,warrior,9.600324762939566,15
26,0,72,102,0,1.9,warrior,9.600324762939566,15
26,0,72,102,0,1.9,warrior,9.600324762939566,15
26,0,68,103,3,1.9,warrior,10.288685368856417,15
26,0,72,102,0,1.9,warrior,9.600324762939566,15
26,0,72,102,0,1.9,warrior,9.600324762939566,15
26,0,70,104,0,1.9,warrior,9.405153901102489,15
27,0,71,100,2,1.9,warrior,10.573896858669142,15
27,0,69,104,0,1.9,warrior,9.6471783631452,15
27,0,71,100,2,1.9,warrior,10.573896858669142,15
26,0,72,102,0,1.9,warrior,9.600324762939566,16
26,0,68,103,3,1.9,warrior,10.288685368856417,16
26,0,68,103,3,1.9,warrior,10.288685368856417,16
26,0,72,102,0,1.9,warrior,9.600324762939566,16
26,0,72,102,0,1.9,warrior,9.600324762939566,16
26,0,72,102,0,1.9,warrior,9.600324762939566,16
26,0,70,104,0,1.9,warrior,9.405153901102489,16
27,0,71,100,2,1.9,warrior,10.573896858669142,16
26,0,72,102,0,1.9,warrior,9.600324762939566,16
26,0,68,103,3,1.9,warrior,10.288685368856417,16
26,0,72,102,0,1.9,warrior,9.600324762939566,16
26,0,72,102,0,1.9,warrior,9.600324762939566,16
26,0,68,103,3,1.9,warrior,10.288685368856417,16
26,0,68,103,3,1.9,warrior,10.288685368856417,16
26,0,72,102,0,1.9,warrior,9.600324762939566,16
26,0,72,102,0,1.9,warrior,9.600324762939566,16
25,0,71,103,1,1.9,warrior,9.517844197624843,16
26,0,70,104,0,1.9,warrior,9.405153901102489,16
26,0,70,101,3,1.9,warrior,10.488211786290433,16
28,0,70,102,0,1.9,warrior,10.093430492387107,16
26,0,68,103,3,1.9,warrior,10.288685368856417,17
26,0,72,102,0,1.9,warrior,9.600324762939566,17
26,0,72,102,0,1.9,warrior,9.600324762939566,17
25,0,71,103,1,1.9,warrior,9.517844197624843,17
26,0,70,104,0,1.9,warrior,9.405153901102489,17
26,0,68,103,3,1.9,warrior,10.288685368856417,17
26,0,72,102,0,1.9,warrior,9.600324762939566,17
27,0,71,100,2,1.9,warrior,10.573896858669142,17
26,0,68,103,3,1.9,warrior,10.288685368856417,17
26,0,68,103,3,1.9,warrior,10.288685368856417,17
28,0,70,102,0,1.9,warrior,10.093430492387107,17
26,0,68,103,3,1.9,warrior,10.288685368856417,17
26,0,72,102,0,1.9,warrior,9.600324762939566,17
26,0,72,102,0,1.9,warrior,9.600324762939566,17
26,0,72,102,0,1.9,warrior,9.600324762939566,17
26,0,72,102,0,1.9,warrior,9.600324762939566,17
26,0,72,102,0,1.9,warrior,9.600324762939566,17
26,0,68,103,3,1.9,warrior,10.288685368856417,17
26,0,68,103,3,1.9,warrior,10.288685368856417,17
26,0,70,104,0,1.9,warrior,9.405153901102489,17
26,0,68,103,3,1.9,warrior,10.288685368856417,18
27,0,71,100,2,1.9,warrior,10.573896858669142,18
26,0,72,102,0,1.9,warrior,9.600324762939566,18
26,0,72,102,0,1.9,warrior,9.600324762939566,18
26,0,72,102,0,1.9,warrior,9.600324762939566,18
26,0,68,103,3,1.9,warrior,10.288685368856417,18
26,0,70,104,0,1.9,warrior,9.405153901102489,18
26,0,68,103,3,1.9,warrior,10.288685368856417,18
26,0,68,103,3,1.9,warrior,10.288685368856417,18
26,0,68,103,3,1.9,warrior,10.288685368856417,18
26,0,72,102,0,1.9,warrior,9.600324762939566,18
25,0,71,103,1,1.9,warrior,9.517844197624843,18
26,0,68,103,3,1.9,warrior,10.288685368856417,18
26,0,72,102,0,1.9,warrior,9.600324762939566,18
26,0,72,102,0,1.9,warrior,9.600324762939566,18
26,0,70,104,0,1.9,warrior,9.405153901102489,18
26,0,72,102,0,1.9,warrior,9.600324762939566,18
28,0,70,102,0,1.9,warrior,10.093430492387107,18
27,0,70,103,0,1.9,warrior,9.750199400520557,18
27,1,71,101,0,1.9,warrior,10.120855260021614,18
26,0,68,103,3,1.9,warrior,10.288685368856417,19
26,0,72,102,0,1.9,warrior,9.600324762939566,19
27,1,71,101,0,1.9,warrior,10.120855260021614,19
26,0,72,102,0,1.9,warrior,9.600324762939566,19
26,0,72,102,0,1.9,warrior,9.600324762939566,19
26,0,72,102,0,1.9,warrior,9.600324762939566,19
26,0,68,103,3,1.9,warrior,10.288685368856417,19
28,0,70,102,0,1.9,warrior,10.093430492387107,19
27,0,71,100,2,1.9,warrior,10.573896858669142,19
27,0,70,103,0,1.9,warrior,9.750199400520557,19
26,0,72,102,0,1.9,warrior,9.600324762939566,19
26,0,68,103,3,1.9,warrior,10.288685368856417,19
26,0,68,103,3,1.9,warrior,10.288685368856417,19
26,0,72,102,0,1.9,warrior,9.600324762939566,19
26,0,72,102,0,1.9,warrior,9.600324762939566,19
28,0,70,102,0,1.9,warrior,10.093430492387107,19
26,1,71,100,2,1.9,warrior,10.484606935109895,19
27,0,69,104,0,1.9,warrior,9.6471783631452,19
25,0,71,103,1,1.9,warrior,9.517844197624843,19
28,0,70,102,0,1.9,warrior,10.093430492387107,19
27,0,70,103,0,1.9,warrior,9.750199400520557,20
27,0,69,104,0,1.9,warrior,9.6471783631452,20
27,0,70,103,0,1.9,warrior,9.750199400520557,20
26,0,72,102,0,1.9,warrior,9.600324762939566,20
26,0,72,102,0,1.9,warrior,9.600324762939566,20
26,1,71,100,2,1.9,warrior,10.484606935109895,20
27,0,71,100,2,1.9,warrior,10.573896858669142,20
27,1,71,101,0,1.9,warrior,10.120855260021614,20
26,0,72,102,0,1.9,warrior,9.600324762939566,20
27,0,69,104,0,1.9,warrior,9.6471783631452,20
27,0,70,103,0,1.9,warrior,9.750199400520557,20
26,0,68,103,3,1.9,warrior,10.288685368856417,20
27,1,71,101,0,1.9,warrior,10.120855260021614,20
26,0,72,102,0,1.9,warrior,9.600324762939566,20
26,0,68,103,3,1.9,warrior,10.288685368856417,20
26,0,68,103,3,1.9,warrior,10.288685368856417,20
26,0,72,102,0,1.9,warrior,9.600324762939566,20
26,0,68,103,3,1.9,warrior,10.288685368856417,20
27,1,71,101,0,1.9,warrior,10.120855260021614,20
26,0,72,102,0,1.9,warrior,9.600324762939566,20
26,0,68,103,3,1.9,warrior,10.288685368856417,21
26,0,72,102,0,1.9,warrior,9.600324762939566,21
26,1,71,100,2,1.9,warrior,10.484606935109895,21
26,0,72,102,0,1.9,warrior,9.600324762939566,21
26,0,68,103,3,1.9,warrior,10.288685368856417,21
26,0,72,102,0,1.9,warrior,9.600324762939566,21
26,0,72,102,0,1.9,warrior,9.600324762939566,21
26,1,71,100,2,1.9,warrior,10.484606935109895,21
27,1,71,101,0,1.9,warrior,10.120855260021614,21
27,0,70,103,0,1.9,warrior,9.750199400520557,21
27,1,71,101,0,1.9,warrior,10.120855260021614,21
26,0,68,103,3,1.9,warrior,10.288685368856417,21
26,1,71,100,2,1.9,warrior,10.484606935109895,21
27,1,71,101,0,1.9,warrior,10.120855260021614,21
27,0,70,103,0,1.9,warrior,9.750199400520557,21
26,0,72,102,0,1.9,warrior,9.600324762939566,21
26,0,72,102,0,1.9,warrior,9.600324762939566,21
27,1,71,101,0,1.9,warrior,10.120855260021614,21
26,1,72,101,0,1.9,warrior,9.859682303292816,21
26,0,71,101,2,1.9,warrior,10.227916804407805,21
26,0,68,103,3,1.9,warrior,10.288685368856417,22
27,1,71,101,0,1.9,warrior,10.120855260021614,22
26,0,72,102,0,1.9,warrior,9.600324762939566,22
26,0,68,103,3,1.9,warrior,10.288685368856417,22
27,1,71,101,0,1.9,warrior,10.120855260021614,22
26,0,72,102,0,1.9,warrior,9.600324762939566,22
26,0,68,103,3,1.9,warrior,10.288685368856417,22
26,1,71,100,2,1.9,warrior,10.484606935109895,22
27,1,71,101,0,1.9,warrior,10.120855260021614,22
27,0,70,103,0,1.9,warrior,9.750199400520557,22
26,0,72,102,0,1.9,warrior,9.600324762939566,22
27,1,71,101,0,1.9,warrior,10.120855260021614,22
26,0,72,102,0,1.9,warrior,9.600324762939566,22
27,0,70,103,0,1.9,warrior,9.750199400520557,22
27,1,71,101,0,1.9,warrior,10.120855260021614,22
26,0,72,102,0,1.9,warrior,9.600324762939566,22
28,0,71,101,0,1.9,warrior,10.198796823267749,22
26,0,72,101,1,1.9,warrior,9.963848513857881,22
26,1,72,101,0,1.9,warrior,9.859682303292816,22
27,1,71,101,0,1.9,warrior,10.120855260021614,22
27,1,71,101,0,1.9,warrior,10.120855260021614,23
27,1,71,101,0,1.9,warrior,10.120855260021614,23
26,0,72,102,0,1.9,warrior,9.600324762939566,23
26,0,68,103,3,1.9,warrior,10.288685368856417,23
27,1,71,101,0,1.9,warrior,10.120855260021614,23
27,0,70,103,0,1.9,warrior,9.750199400520557,23
27,1,71,101,0,1.9,warrior,10.120855260021614,23
27,1,71,101,0,1.9,warrior,10.120855260021614,23
28,0,71,101,0,1.9,warrior,10.198796823267749,23
26,0,72,101,1,1.9,warrior,9.963848513857881,23
26,1,72,101,0,1.9,warrior,9.859682303292816,23
26,0,72,102,0,1.9,warrior,9.600324762939566,23
26,0,72,102,0,1.9,warrior,9.600324762939566,23
26,0,68,103,3,1.9,warrior,10.288685368856417,23
26,0,72,102,0,1.9,warrior,9.600324762939566,23
26,1,71,100,2,1.9,warrior,10.484606935109895,23
26,1,71,102,0,1.9,warrior,9.762692784129507,23
26,0,72,101,1,1.9,warrior,9.963848513857881,23
26,1,71,102,0,1.9,warrior,9.762692784129507,23
27,0,71,100,2,1.9,warrior,10.573896858669142,23
26,1,71,102,0,1.9,warrior,9.762692784129507,24
26,0,68,103,3,1.9,warrior,10.288685368856417,24
27,1,71,101,0,1.9,warrior,10.120855260021614,24
26,1,71,102,0,1.9,warrior,9.762692784129507,24
26,0,68,103,3,1.9,warrior,10.288685368856417,24
26,1,71,102,0,1.9,warrior,9.762692784129507,24
27,1,71,101,0,1.9,warrior,10.120855260021614,24
26,0,72,102,0,1.9,warrior,9.600324762939566,24
26,0,72,102,0,1.9,warrior,9.600324762939566,24
28,0,71,101,0,1.9,warrior,10.198796823267749,24
26,0,72,102,0,1.9,warrior,9.600324762939566,24
27,1,71,101,0,1.9,warrior,10.120855260021614,24
27,1,71,101,0,1.9,warrior,10.120855260021614,24
26,1,72,101,0,1.9,warrior,9.859682303292816,24
27,0,70,103,0,1.9,warrior,9.750199400520557,24
27,0,70,103,0,1.9,warrior,9.750199400520557,24
27,0,71,100,2,1.9,warrior,10.573896858669142,24
28,0,71,101,0,1.9,warrior,10.198796823267749,24
27,0,71,102,0,1.9,warrior,9.851982707688755,24
26,0,72,100,2,1.9,warrior,10.32463216249034,24
27,1,71,101,0,1.9,warrior,10.120855260021614,25
27,0,71,100,2,1.9,warrior,10.573896858669142,25
26,0,72,100,2,1.9,warrior,10.32463216249034,25
27,0,71,100,2,1.9,warrior,10.573896858669142,25
27,0,71,102,0,1.9,warrior,9.851982707688755,25
26,0,72,102,0,1.9,warrior,9.600324762939566,25
26,0,72,100,2,1.9,warrior,10.32463216249034,25
26,1,72,101,0,1.9,warrior,9.859682303292816,25
27,1,71,101,0,1.9,warrior,10.120855260021614,25
26,0,68,103,3,1.9,warrior,10.288685368856417,25
28,0,71,101,0,1.9,warrior,10.198796823267749,25
28,0,71,101,0,1.9,warrior,10.198796823267749,25
26,1,71,102,0,1.9,warrior,9.762692784129507,25
27,0,70,103,0,1.9,warrior,9.750199400520557,25
26,1,72,101,0,1.9,warrior,9.859682303292816,25
26,0,68,103,3,1.9,warrior,10.288685368856417,25
27,0,71,102,0,1.9,warrior,9.851982707688755,25
26,1,71,102,0,1.9,warrior,9.762692784129507,25
26,1,71,100,2,1.9,warrior,10.484606935109895,25
27,0,69,104,0,1.9,warrior,9.6471783631452,25
26,1,71,102,0,1.9,warrior,9.762692784129507,26
26,1,71,100,2,1.9,warrior,10.484606935109895,26
28,0,71,101,0,1.9,warrior,10.198796823267749,26
27,0,70,103,0,1.9,warrior,9.750199400520557,26
26,0,72,102,0,1.9,warrior,9.600324762939566,26
26,0,72,100,2,1.9,warrior,10.32463216249034,26
28,0,71,101,0,1.9,warrior,10.198796823267749,26
28,0,71,101,0,1.9,warrior,10.198796823267749,26
27,0,69,104,0,1.9,warrior,9.6471783631452,26
27,0,71,100,2,1.9,warrior,10.573896858669142,26
27,0,71,102,0,1.9,warrior,9.851982707688755,26
27,0,71,100,2,1.9,warrior,10.573896858669142,26
27,0,70,103,0,1.9,warrior,9.750199400520557,26
26,1,71,102,0,1.9,warrior,9.762692784129507,26
27,1,71,101,0,1.9,warrior,10.120855260021614,26
27,0,71,102,0,1.9,warrior,9.851982707688755,26
26,1,68,104,1,1.9,warrior,9.827094429556835,26
25,0,72,101,2,1.9,warrior,9.973298074482699,26
26,0,68,102,4,1.9,warrior,10.644336328993566,26
27,0,71,102,0,1.9,warrior,9.851982707688755,26
28,0,71,101,0,1.9,warrior,10.198796823267749,27
27,0,70,103,0,1.9,warrior,9.750199400520557,27
25,0,72,101,2,1.9,warrior,9.973298074482699,27
27,0,71,100,2,1.9,warrior,10.573896858669142,27
26,1,71,100,2,1.9,warrior,10.484606935109895,27
27,0,71,100,2,1.9,warrior,10.573896858669142,27
25,0,72,101,2,1.9,warrior,9.973298074482699,27
27,0,71,100,2,1.9,warrior,10.573896858669142,27
26,0,72,102,0,1.9,warrior,9.600324762939566,27
26,1,71,102,0,1.9,warrior,9.762692784129507,27
27,0,71,102,0,1.9,warrior,9.851982707688755,27
26,0,72,100,2,1.9,warrior,10.32463216249034,27
27,0,71,100,2,1.9,warrior,10.573896858669142,27
27,1,71,101,0,1.9,warrior,10.120855260021614,27
26,0,72,100,2,1.9,warrior,10.32463216249034,27
27,1,71,101,0,1.9,warrior,10.120855260021614,27
26,1,71,102,0,1.9,warrior,9.762692784129507,27
25,0,72,101,2,1.9,warrior,9.973298074482699,27
26,1,71,101,1,1.9,warrior,10.125019791108176,27
25,1,71,103,0,1.9,warrior,9.402704142900834,27
25,1,71,103,0,1.9,warrior,9.402704142900834,28
27,0,71,100,2,1.9,warrior,10.573896858669142,28
27,0,71,100,2,1.9,warrior,10.573896858669142,28
25,1,71,103,0,1.9,warrior,9.402704142900834,28
26,0,72,100,2,1.9,warrior,10.32463216249034,28
25,0,72,101,2,1.9,warrior,9.973298074482699,28
27,0,71,100,2,1.9,warrior,10.573896858669142,28
25,1,71,103,0,1.9,warrior,9.402704142900834,28
27,0,71,100,2,1.9,warrior,10.573896858669142,28
26,1,71,102,0,1.9,warrior,9.762692784129507,28
28,0,71,101,0,1.9,warrior,10.198796823267749,28
26,1,71,101,1,1.9,warrior,10.125019791108176,28
27,0,71,100,2,1.9,warrior,10.573896858669142,28
25,1,71,103,0,1.9,warrior,9.402704142900834,28
26,1,71,100,2,1.9,warrior,10.484606935109895,28
26,0,72,100,2,1.9,warrior,10.32463216249034,28
26,0,71,100,3,1.9,warrior,10.58602606146843,28
25,1,71,102,1,1.9,warrior,9.766344715926314,28
27,0,70,101,2,1.9,warrior,10.4723583039411,28
28,1,71,100,0,1.9,warrior,10.477134353281494,28
27,0,71,100,2,1.9,warrior,10.573896858669142,29
25,1,71,103,0,1.9,warrior,9.402704142900834,29
25,1,71,103,0,1.9,warrior,9.402704142900834,29
27,0,71,100,2,1.9,warrior,10.573896858669142,29
26,0,71,100,3,1.9,warrior,10.58602606146843,29
25,1,71,103,0,1.9,warrior,9.402704142900834,29
28,0,71,101,0,1.9,warrior,10.198796823267749,29
26,1,71,102,0,1.9,warrior,9.762692784129507,29
25,0,72,101,2,1.9,warrior,9.973298074482699,29
26,1,71,102,0,1.9,warrior,9.762692784129507,29
26,1,71,100,2,1.9,warrior,10.484606935109895,29
26,0,72,100,2,1.9,warrior,10.32463216249034,29
25,1,71,102,1,1.9,warrior,9.766344715926314,29
25,1,71,103,0,1.9,warrior,9.402704142900834,29
25,1,71,103,0,1.9,warrior,9.402704142900834,29
25,1,71,103,0,1.9,warrior,9.402704142900834,29
27,0,72,101,0,1.9,warrior,9.95253046709246,29
28,0,70,100,2,1.9,warrior,10.812921986156491,29
27,0,71,100,2,1.9,warrior,10.573896858669142,29
27,1,72,100,0,1.9,warrior,10.221403019425319,29
27,0,72,101,0,1.9,warrior,9.95253046709246,30
25,1,71,103,0,1.9,warrior,9.402704142900834,30
28,0,71,101,0,1.9,warrior,10.198796823267749,30
25,1,71,103,0,1.9,warrior,9.402704142900834,30
26,0,72,100,2,1.9,warrior,10.32463216249034,30
28,0,71,101,0,1.9,warrior,10.198796823267749,30
25,1,71,103,0,1.9,warrior,9.402704142900834,30
27,0,71,100,2,1.9,warrior,10.573896858669142,30
25,1,71,103,0,1.9,warrior,9.402704142900834,30
28,0,70,100,2,1.9,warrior,10.812921986156491,30
25,1,71,103,0,1.9,warrior,9.402704142900834,30
27,0,72,101,0,1.9,warrior,9.95253046709246,30
26,1,71,100,2,1.9,warrior,10.484606935109895,30
28,0,70,100,2,1.9,warrior,10.812921986156491,30
28,0,70,100,2,1.9,warrior,10.812921986156491,30
26,1,71,102,0,1.9,warrior,9.762692784129507,30
26,0,71,103,0,1.9,warrior,9.50333524377626,30
25,1,71,100,3,1.9,warrior,10.485394960593005,30
24,1,71,103,1,1.9,warrior,9.405881941453893,30
27,2,71,100,0,1.9,warrior,10.389674046804961,30
28,0,71,101,0,1.9,warrior,10.198796823267749,31
28,0,70,100,2,1.9,warrior,10.812921986156491,31
25,1,71,103,0,1.9,warrior,9.402704142900834,31
25,1,71,103,0,1.9,warrior,9.402704142900834,31
25,1,71,103,0,1.9,warrior,9.402704142900834,31
27,2,71,100,0,1.9,warrior,10.389674046804961,31
26,0,72,100,2,1.9,warrior,10.32463216249034,31
25,1,71,103,0,1.9,warrior,9.402704142900834,31
25,1,71,103,0,1.9,warrior,9.402704142900834,31
25,1,71,100,3,1.9,warrior,10.485394960593005,31
25,1,71,103,0,1.9,warrior,9.402704142900834,31
28,0,71,101,0,1.9,warrior,10.198796823267749,31
25,1,71,103,0,1.9,warrior,9.402704142900834,31
26,0,72,100,2,1.9,warrior,10.32463216249034,31
26,1,71,100,2,1.9,warrior,10.484606935109895,31
28,0,71,101,0,1.9,warrior,10.198796823267749,31
28,0,70,100,2,1.9,warrior,10.812921986156491,31
25,1,71,103,0,1.9,warrior,9.402704142900834,31
26,0,71,103,0,1.9,warrior,9.50333524377626,31
25,1,71,103,0,1.9,warrior,9.402704142900834,31
26,0,72,100,2,1.9,warrior,10.32463216249034,32
25,1,71,103,0,1.9,warrior,9.402704142900834,32
25,1,71,103,0,1.9,warrior,9.402704142900834,32
25,1,71,103,0,1.9,warrior,9.402704142900834,32
26,0,72,100,2,1.9,warrior,10.32463216249034,32
25,1,71,103,0,1.9,warrior,9.402704142900834,32
26,1,71,100,2,1.9,warrior,10.484606935109895,32
25,1,71,103,0,1.9,warrior,9.402704142900834,32
25,1,71,103,0,1.9,warrior,9.402704142900834,32
25,1,71,103,0,1.9,warrior,9.402704142900834,32
28,0,71,101,0,1.9,warrior,10.198796823267749,32
28,0,70,100,2,1.9,warrior,10.812921986156491,32
27,2,71,100,0,1.9,warrior,10.389674046804961,32
25,1,71,100,3,1.9,warrior,10.485394960593005,32
25,1,71,103,0,1.9,warrior,9.402704142900834,32
25,1,71,103,0,1.9,warrior,9.402704142900834,32
27,0,70,101,2,1.9,warrior,10.4723583039411,32
27,0,71,100,2,1.9,warrior,10.573896858669142,32
25,0,71,101,3,1.9,warrior,10.239601394354674,32
27,2,69,102,0,1.9,warrior,10.184869702261407,32
25,1,71,103,0,1.9,warrior,9.402704142900834,33
25,1,71,100,3,1.9,warrior,10.485394960593005,33
27,0,70,101,2,1.9,warrior,10.4723583039411,33
26,0,72,100,2,1.9,warrior,10.32463216249034,33
27,0,71,100,2,1.9,warrior,10.573896858669142,33
26,1,71,100,2,1.9,warrior,10.484606935109895,33
26,0,72,100,2,1.9,warrior,10.32463216249034,33
25,1,71,103,0,1.9,warrior,9.402704142900834,33
25,0,71,101,3,1.9,warrior,10.239601394354674,33
25,1,71,103,0,1.9,warrior,9.402704142900834,33
25,1,71,103,0,1.9,warrior,9.402704142900834,33
26,0,72,100,2,1.9,warrior,10.32463216249034,33
26,0,72,100,2,1.9,warrior,10.32463216249034,33
27,2,71,100,0,1.9,warrior,10.389674046804961,33
25,1,71,103,0,1.9,warrior,9.402704142900834,33
26,0,72,100,2,1.9,warrior,10.32463216249034,33
25,1,71,103,0,1.9,warrior,9.402704142900834,33
25,1,71,103,0,1.9,warrior,9.402704142900834,33
27,0,71,101,1,1.9,warrior,10.214309714667424,33
25,0,72,101,2,1.9,warrior,9.973298074482699,33
26,0,72,100,2,1.9,warrior,10.32463216249034,34
25,1,71,103,0,1.9,warrior,9.402704142900834,34
26,0,72,100,2,1.9,warrior,10.32463216249034,34
26,0,72,100,2,1.9,warrior,10.32463216249034,34
27,0,71,100,2,1.9,warrior,10.573896858669142,34
25,1,71,100,3,1.9,warrior,10.485394960593005,34
25,1,71,100,3,1.9,warrior,10.485394960593005,34
25,1,71,103,0,1.9,warrior,9.402704142900834,34
25,1,71,103,0,1.9,warrior,9.402704142900834,34
26,0,72,100,2,1.9,warrior,10.32463216249034,34
26,0,72,100,2,1.9,warrior,10.32463216249034,34
25,1,71,103,0,1.9,warrior,9.402704142900834,34
26,0,72,100,2,1.9,warrior,10.32463216249034,34
25,1,71,103,0,1.9,warrior,9.402704142900834,34
25,0,71,101,3,1.9,warrior,10.239601394354674,34
26,1,71,100,2,1.9,warrior,10.484606935109895,34
25,1,71,103,0,1.9,warrior,9.402704142900834,34
25,1,71,102,1,1.9,warrior,9.766344715926314,34
25,0,72,102,1,1.9,warrior,9.611160582245892,34
25,0,72,103,0,1.9,warrior,9.246323265280767,34
26,0,72,100,2,1.9,warrior,10.32463216249034,35
26,0,72,100,2,1.9,warrior,10.32463216249034,35
26,1,71,100,2,1.9,warrior,10.484606935109895,35
26,0,72,100,2,1.9,warrior,10.32463216249034,35
26,1,71,100,2,1.9,warrior,10.484606935109895,35
25,0,72,102,1,1.9,warrior,9.611160582245892,35
26,0,72,100,2,1.9,warrior,10.32463216249034,35
25,1,71,102,1,1.9,warrior,9.766344715926314,35
25,1,71,103,0,1.9,warrior,9.402704142900834,35
25,0,72,102,1,1.9,warrior,9.611160582245892,35
25,0,72,102,1,1.9,warrior,9.611160582245892,35
25,1,71,100,3,1.9,warrior,10.485394960593005,35
26,0,72,100,2,1.9,warrior,10.32463216249034,35
25,1,71,103,0,1.9,warrior,9.402704142900834,35
25,0,71,101,3,1.9,warrior,10.239601394354674,35
25,0,72,103,0,1.9,warrior,9.246323265280767,35
25,1,71,103,0,1.9,warrior,9.402704142900834,35
25,1,71,102,1,1.9,warrior,9.766344715926314,35
27,0,71,100,2,1.9,warrior,10.573896858669142,35
26,0,72,100,2,1.9,warrior,10.32463216249034,35
25,1,71,103,0,1.9,warrior,9.402704142900834,36
26,0,72,100,2,1.9,warrior,10.32463216249034,36
27,0,71,100,2,1.9,warrior,10.573896858669142,36
25,0,72,102,1,1.9,warrior,9.611160582245892,36
26,1,71,100,2,1.9,warrior,10.484606935109895,36
26,0,72,100,2,1.9,warrior,10.32463216249034,36
25,1,71,103,0,1.9,warrior,9.402704142900834,36
25,0,72,102,1,1.9,warrior,9.611160582245892,36
25,0,72,102,1,1.9,warrior,9.611160582245892,36
25,1,71,103,0,1.9,warrior,9.402704142900834,36
26,0,72,100,2,1.9,warrior,10.32463216249034,36
25,0,71,101,3,1.9,warrior,10.239601394354674,36
27,0,71,100,2,1.9,warrior,10.573896858669142,36
25,0,72,102,1,1.9,warrior,9.611160582245892,36
26,0,72,100,2,1.9,warrior,10.32463216249034,36
26,1,71,100,2,1.9,warrior,10.484606935109895,36
25,1,71,103,0,1.9,warrior,9.402704142900834,36
26,0,72,100,2,1.9,warrior,10.32463216249034,36
25,1,72,102,0,1.9,warrior,9.496117279401176,36
25,0,70,103,2,1.9,warrior,9.78572162178735,36
25,1,71,103,0,1.9,warrior,9.402704142900834,37
25,1,71,103,0,1.9,warrior,9.402704142900834,37
25,0,72,102,1,1.9,warrior,9.611160582245892,37
25,0,72,102,1,1.9,warrior,9.611160582245892,37
27,0,71,100,2,1.9,warrior,10.573896858669142,37
25,0,72,102,1,1.9,warrior,9.611160582245892,37
26,0,72,100,2,1.9,warrior,10.32463216249034,37
25,0,72,102,1,1.9,warrior,9.611160582245892,37
26,1,71,100,2,1.9,warrior,10.484606935109895,37
26,0,72,100,2,1.9,warrior,10.32463216249034,37
25,1,71,103,0,1.9,warrior,9.402704142900834,37
25,1,71,103,0,1.9,warrior,9.402704142900834,37
25,1,72,102,0,1.9,warrior,9.496117279401176,37
25,0,72,102,1,1.9,warrior,9.611160582245892,37
26,1,71,100,2,1.9,warrior,10.484606935109895,37
27,0,71,100,2,1.9,warrior,10.573896858669142,37
26,0,72,102,0,1.9,warrior,9.600324762939566,37
25,1,71,101,2,1.9,warrior,10.12728570353238,37
25,0,72,102,1,1.9,warrior,9.611160582245892,37
25,0,72,102,1,1.9,warrior,9.611160582245892,37
25,1,72,102,0,1.9,warrior,9.496117279401176,38
25,0,72,102,1,1.9,warrior,9.611160582245892,38
26,0,72,100,2,1.9,warrior,10.32463216249034,38
26,0,72,100,2,1.9,warrior,10.32463216249034,38
25,0,72,102,1,1.9,warrior,9.611160582245892,38
27,0,71,100,2,1.9,warrior,10.573896858669142,38
26,0,72,100,2,1.9,warrior,10.32463216249034,38
27,0,71,100,2,1.9,warrior,10.573896858669142,38
26,1,71,100,2,1.9,warrior,10.484606935109895,38
26,1,71,100,2,1.9,warrior,10.484606935109895,38
26,0,72,100,2,1.9,warrior,10.32463216249034,38
27,0,71,100,2,1.9,warrior,10.573896858669142,38
25,0,72,102,1,1.9,warrior,9.611160582245892,38
26,1,71,100,2,1.9,warrior,10.484606935109895,38
25,0,72,102,1,1.9,warrior,9.611160582245892,38
25,1,71,103,0,1.9,warrior,9.402704142900834,38
26,1,71,101,1,1.9,warrior,10.125019791108176,38
25,0,73,100,2,1.9,warrior,10.065262259448783,38
25,0,71,103,1,1.9,warrior,9.517844197624843,38
26,1,71,101,1,1.9,warrior,10.125019791108176,38
26,1,71,100,2,1.9,warrior,10.484606935109895,39
26,1,71,100,2,1.9,warrior,10.484606935109895,39
27,0,71,100,2,1.9,warrior,10.573896858669142,39
27,0,71,100,2,1.9,warrior,10.573896858669142,39
26,0,72,100,2,1.9,warrior,10.32463216249034,39
27,0,71,100,2,1.9,warrior,10.573896858669142,39
26,0,72,100,2,1.9,warrior,10.32463216249034,39
27,0,71,100,2,1.9,warrior,10.573896858669142,39
25,0,71,103,1,1.9,warrior,9.517844197624843,39
25,0,71,103,1,1.9,warrior,9.517844197624843,39
26,0,72,100,2,1.9,warrior,10.32463216249034,39
25,0,72,102,1,1.9,warrior,9.611160582245892,39
25,0,72,102,1,1.9,warrior,9.611160582245892,39
25,1,71,103,0,1.9,warrior,9.402704142900834,39
26,1,71,100,2,1.9,warrior,10.484606935109895,39
25,1,71,103,0,1.9,warrior,9.402704142900834,39
26,1,71,101,1,1.9,warrior,10.125019791108176,39
26,1,71,101,1,1.9,warrior,10.125019791108176,39
25,0,72,102,1,1.9,warrior,9.611160582245892,39
25,0,72,102,1,1.9,warrior,9.611160582245892,39
27,0,71,100,2,1.9,warrior,10.573896858669142,40
26,1,71,100,2,1.9,warrior,10.484606935109895,40
27,0,71,100,2,1.9,warrior,10.573896858669142,40
25,1,71,103,0,1.9,warrior,9.402704142900834,40
25,0,72,102,1,1.9,warrior,9.611160582245892,40
26,1,71,100,2,1.9,warrior,10.484606935109895,40
25,1,71,103,0,1.9,warrior,9.402704142900834,40
27,0,71,100,2,1.9,warrior,10.573896858669142,40
25,0,72,102,1,1.9,warrior,9.611160582245892,40
25,0,71,103,1,1.9,warrior,9.517844197624843,40
26,0,72,100,2,1.9,warrior,10.32463216249034,40
25,0,72,102,1,1.9,warrior,9.611160582245892,40
26,1,71,101,1,1.9,warrior,10.125019791108176,40
25,0,71,103,1,1.9,warrior,9.517844197624843,40
26,1,71,101,1,1.9,warrior,10.125019791108176,40
27,0,71,100,2,1.9,warrior,10.573896858669142,40
27,0,71,100,2,1.9,warrior,10.573896858669142,40
27,0,71,100,2,1.9,warrior,10.573896858669142,40
26,1,71,101,1,1.9,warrior,10.125019791108176,40
26,1,70,100,3,1.9,warrior,10.743568878761605,40
27,0,71,100,2,1.9,warrior,10.573896858669142,41
27,0,71,100,2,1.9,warrior,10.573896858669142,41
25,0,71,103,1,1.9,warrior,9.517844197624843,41
26,1,70,100,3,1.9,warrior,10.743568878761605,41
25,1,71,103,0,1.9,warrior,9.402704142900834,41
25,0,72,102,1,1.9,warrior,9.611160582245892,41
25,0,71,103,1,1.9,warrior,9.517844197624843,41
25,0,72,102,1,1.9,warrior,9.611160582245892,41
26,1,71,101,1,1.9,warrior,10.125019791108176,41
27,0,71,100,2,1.9,warrior,10.573896858669142,41
26,1,71,101,1,1.9,warrior,10.125019791108176,41
27,0,71,100,2,1.9,warrior,10.573896858669142,41
27,0,71,100,2,1.9,warrior,10.573896858669142,41
26,1,71,100,2,1.9,warrior,10.484606935109895,41
27,0,71,100,2,1.9,warrior,10.573896858669142,41
27,0,71,100,2,1.9,warrior,10.573896858669142,41
27,0,71,101,1,1.9,warrior,10.214309714667424,41
26,0,72,101,1,1.9,warrior,9.963848513857881,41
26,1,71,100,2,1.9,warrior,10.484606935109895,41
27,0,70,100,3,1.9,warrior,10.829256837826422,41
27,0,70,100,3,1.9,warrior,10.829256837826422,42
27,0,71,101,1,1.9,warrior,10.214309714667424,42
27,0,71,100,2,1.9,warrior,10.573896858669142,42
27,0,71,100,2,1.9,warrior,10.573896858669142,42
26,1,71,100,2,1.9,warrior,10.484606935109895,42
26,1,71,101,1,1.9,warrior,10.125019791108176,42
26,0,72,101,1,1.9,warrior,9.963848513857881,42
27,0,70,100,3,1.9,warrior,10.829256837826422,42
27,0,71,100,2,1.9,warrior,10.573896858669142,42
27,0,71,100,2,1.9,warrior,10.573896858669142,42
26,1,71,100,2,1.9,warrior,10.484606935109895,42
25,0,71,103,1,1.9,warrior,9.517844197624843,42
26,1,70,100,3,1.9,warrior,10.743568878761605,42
25,0,71,103,1,1.9,warrior,9.517844197624843,42
27,0,71,100,2,1.9,warrior,10.573896858669142,42
26,1,71,100,2,1.9,warrior,10.484606935109895,42
27,0,71,100,2,1.9,warrior,10.573896858669142,42
27,0,71,101,1,1.9,warrior,10.214309714667424,42
25,1,71,102,1,1.9,warrior,9.766344715926314,42
25,1,72,101,1,1.9,warrior,9.85964103031949,42
25,0,71,103,1,1.9,warrior,9.517844197624843,43
25,0,71,103,1,1.9,warrior,9.517844197624843,43
27,0,71,100,2,1.9,warrior,10.573896858669142,43
27,0,71,100,2,1.9,warrior,10.573896858669142,43
25,0,71,103,1,1.9,warrior,9.517844197624843,43
27,0,71,100,2,1.9,warrior,10.573896858669142,43
27,0,71,100,2,1.9,warrior,10.573896858669142,43
26,1,71,100,2,1.9,warrior,10.484606935109895,43
27,0,71,101,1,1.9,warrior,10.214309714667424,43
27,0,71,100,2,1.9,warrior,10.573896858669142,43
27,0,71,100,2,1.9,warrior,10.573896858669142,43
27,0,71,100,2,1.9,warrior,10.573896858669142,43
27,0,70,100,3,1.9,warrior,10.829256837826422,43
27,0,70,100,3,1.9,warrior,10.829256837826422,43
27,0,70,100,3,1.9,warrior,10.829256837826422,43
27,0,70,100,3,1.9,warrior,10.829256837826422,43
26,0,71,100,3,1.9,warrior,10.58602606146843,43
27,0,71,100,2,1.9,warrior,10.573896858669142,43
27,1,70,101,1,1.9,warrior,10.380187510101797,43
25,0,72,102,1,1.9,warrior,9.611160582245892,43
27,0,70,100,3,1.9,warrior,10.829256837826422,44
25,0,71,103,1,1.9,warrior,9.517844197624843,44
27,1,70,101,1,1.9,warrior,10.380187510101797,44
27,0,71,100,2,1.9,warrior,10.573896858669142,44
25,0,71,103,1,1.9,warrior,9.517844197624843,44
27,0,71,100,2,1.9,warrior,10.573896858669142,44
27,0,71,100,2,1.9,warrior,10.573896858669142,44
25,0,71,103,1,1.9,warrior,9.517844197624843,44
27,1,70,101,1,1.9,warrior,10.380187510101797,44
25,0,71,103,1,1.9,warrior,9.517844197624843,44
27,0,71,100,2,1.9,warrior,10.573896858669142,44
27,0,71,100,2,1.9,warrior,10.573896858669142,44
27,0,71,101,1,1.9,warrior,10.214309714667424,44
25,0,71,103,1,1.9,warrior,9.517844197624843,44
27,1,70,101,1,1.9,warrior,10.380187510101797,44
27,0,70,100,3,1.9,warrior,10.829256837826422,44
25,0,70,103,2,1.9,warrior,9.78572162178735,44
26,1,71,101,1,1.9,warrior,10.125019791108176,44
27,1,69,101,2,1.9,warrior,10.635757701100244,44
27,0,70,101,2,1.9,warrior,10.4723583039411,44
27,0,71,100,2,1.9,warrior,10.573896858669142,45
27,1,70,101,1,1.9,warrior,10.380187510101797,45
27,1,69,101,2,1.9,warrior,10.635757701100244,45
25,0,70,103,2,1.9,warrior,9.78572162178735,45
25,0,70,103,2,1.9,warrior,9.78572162178735,45
26,1,71,101,1,1.9,warrior,10.125019791108176,45
27,0,70,101,2,1.9,warrior,10.4723583039411,45
25,0,71,103,1,1.9,warrior,9.517844197624843,45
27,1,70,101,1,1.9,warrior,10.380187510101797,45
27,1,70,101,1,1.9,warrior,10.380187510101797,45
27,0,71,100,2,1.9,warrior,10.573896858669142,45
27,0,71,100,2,1.9,warrior,10.573896858669142,45
26,1,71,101,1,1.9,warrior,10.125019791108176,45
26,1,71,101,1,1.9,warrior,10.125019791108176,45
27,1,70,101,1,1.9,warrior,10.380187510101797,45
27,1,69,101,2,1.9,warrior,10.635757701100244,45
27,0,70,100,3,1.9,warrior,10.829256837826422,45
25,0,71,103,1,1.9,warrior,9.517844197624843,45
25,0,71,103,1,1.9,warrior,9.517844197624843,45
27,0,70,101,2,1.9,warrior,10.4723583039411,45
27,0,71,100,2,1.9,warrior,10.573896858669142,46
27,0,71,100,2,1.9,warrior,10.573896858669142,46
25,0,71,103,1,1.9,warrior,9.517844197624843,46
27,1,70,101,1,1.9,warrior,10.380187510101797,46
27,0,70,100,3,1.9,warrior,10.829256837826422,46
27,0,70,101,2,1.9,warrior,10.4723583039411,46
26,1,71,101,1,1.9,warrior,10.125019791108176,46
27,0,70,101,2,1.9,warrior,10.4723583039411,46
27,1,69,101,2,1.9,warrior,10.635757701100244,46
27,1,70,101,1,1.9,warrior,10.380187510101797,46
27,1,70,101,1,1.9,warrior,10.380187510101797,46
25,0,71,103,1,1.9,warrior,9.517844197624843,46
27,1,70,101,1,1.9,warrior,10.380187510101797,46
27,0,71,100,2,1.9,warrior,10.573896858669142,46
26,1,71,101,1,1.9,warrior,10.125019791108176,46
26,1,71,101,1,1.9,warrior,10.125019791108176,46
25,0,70,102,3,1.9,warrior,10.145346648821503,46
27,0,70,101,2,1.9,warrior,10.4723583039411,46
25,0,71,103,1,1.9,warrior,9.517844197624843,46
25,0,71,103,1,1.9,warrior,9.517844197624843,46
27,0,70,101,2,1.9,warrior,10.4723583039411,47
26,1,71,101,1,1.9,warrior,10.125019791108176,47
27,1,70,101,1,1.9,warrior,10.380187510101797,47
27,1,70,101,1,1.9,warrior,10.380187510101797,47
27,1,69,101,2,1.9,warrior,10.635757701100244,47
26,1,71,101,1,1.9,warrior,10.125019791108176,47
27,1,70,101,1,1.9,warrior,10.380187510101797,47
27,1,70,101,1,1.9,warrior,10.380187510101797,47
26,1,71,101,1,1.9,warrior,10.125019791108176,47
27,1,70,101,1,1.9,warrior,10.380187510101797,47
26,1,71,101,1,1.9,warrior,10.125019791108176,47
27,1,70,101,1,1.9,warrior,10.380187510101797,47
26,1,71,101,1,1.9,warrior,10.125019791108176,47
27,0,71,100,2,1.9,warrior,10.573896858669142,47
27,1,70,101,1,1.9,warrior,10.380187510101797,47
27,0,70,101,2,1.9,warrior,10.4723583039411,47
26,2,71,100,1,1.9,warrior,10.38299163041003,47
26,1,70,102,1,1.9,warrior,10.026940564750934,47
27,1,71,100,1,1.9,warrior,10.481848428813112,47
28,0,69,101,2,1.9,warrior,10.706489645762279,47
27,0,71,100,2,1.9,warrior,10.573896858669142,48
26,1,70,102,1,1.9,warrior,10.026940564750934,48
27,1,70,101,1,1.9,warrior,10.380187510101797,48
27,1,70,101,1,1.9,warrior,10.380187510101797,48
26,1,71,101,1,1.9,warrior,10.125019791108176,48
26,2,71,100,1,1.9,warrior,10.38299163041003,48
27,1,70,101,1,1.9,warrior,10.380187510101797,48
27,1,70,101,1,1.9,warrior,10.380187510101797,48
27,1,70,101,1,1.9,warrior,10.380187510101797,48
27,0,71,100,2,1.9,warrior,10.573896858669142,48
26,1,71,101,1,1.9,warrior,10.125019791108176,48
27,1,70,101,1,1.9,warrior,10.380187510101797,48
27,1,71,100,1,1.9,warrior,10.481848428813112,48
26,1,71,101,1,1.9,warrior,10.125019791108176,48
26,1,71,101,1,1.9,warrior,10.125019791108176,48
28,0,69,101,2,1.9,warrior,10.706489645762279,48
27,1,70,101,1,1.9,warrior,10.380187510101797,48
27,1,69,101,2,1.9,warrior,10.635757701100244,48
27,1,69,102,1,1.9,warrior,10.277253857276357,48
27,0,70,101,2,1.9,warrior,10.4723583039411,48
27,1,70,101,1,1.9,warrior,10.380187510101797,49
27,1,70,101,1,1.9,warrior,10.380187510101797,49
27,0,71,100,2,1.9,warrior,10.573896858669142,49
27,1,70,101,1,1.9,warrior,10.380187510101797,49
26,1,71,101,1,1.9,warrior,10.125019791108176,49
26,1,71,101,1,1.9,warrior,10.125019791108176,49
27,1,70,101,1,1.9,warrior,10.380187510101797,49
26,1,71,101,1,1.9,warrior,10.125019791108176,49
26,1,70,102,1,1.9,warrior,10.026940564750934,49
26,1,71,101,1,1.9,warrior,10.125019791108176,49
26,1,71,101,1,1.9,warrior,10.125019791108176,49
27,1,70,101,1,1.9,warrior,10.380187510101797,49
27,1,70,101,1,1.9,warrior,10.380187510101797,49
27,1,70,101,1,1.9,warrior,10.380187510101797,49
26,2,71,100,1,1.9,warrior,10.38299163041003,49
26,1,71,101,1,1.9,warrior,10.125019791108176,49
26,1,70,102,1,1.9,warrior,10.026940564750934,49
27,1,70,102,0,1.9,warrior,10.019071952853414,49
27,1,70,101,1,1.9,warrior,10.380187510101797,49
26,1,71,101,1,1.9,warrior,10.125019791108176,49
27,1,70,102,0,1.9,warrior,10.019071952853414,50
26,1,71,101,1,1.9,warrior,10.125019791108176,50
26,1,71,101,1,1.9,warrior,10.125019791108176,50
27,1,70,101,1,1.9,warrior,10.380187510101797,50
26,2,71,100,1,1.9,warrior,10.38299163041003,50
27,1,70,101,1,1.9,warrior,10.380187510101797,50
26,1,71,101,1,1.9,warrior,10.125019791108176,50
27,1,70,101,1,1.9,warrior,10.380187510101797,50
27,1,70,101,1,1.9,warrior,10.380187510101797,50
27,1,70,101,1,1.9,warrior,10.380187510101797,50
26,1,70,102,1,1.9,warrior,10.026940564750934,50
26,1,71,101,1,1.9,warrior,10.125019791108176,50
26,1,71,101,1,1.9,warrior,10.125019791108176,50
26,1,70,102,1,1.9,warrior,10.026940564750934,50
27,1,70,101,1,1.9,warrior,10.380187510101797,50
26,1,71,101,1,1.9,warrior,10.125019791108176,50
27,1,70,101,1,1.9,warrior,10.380187510101797,50
27,0,71,100,2,1.9,warrior,10.573896858669142,50
27,1,70,101,1,1.9,warrior,10.380187510101797,50
27,1,70,101,1,1.9,warrior,10.380187510101797,50
27,1,70,101,1,1.9,warrior,10.380187510101797,51
27,1,70,102,0,1.9,warrior,10.019071952853414,51
26,1,71,101,1,1.9,warrior,10.125019791108176,51
27,1,70,101,1,1.9,warrior,10.380187510101797,51
26,1,70,102,1,1.9,warrior,10.026940564750934,51
26,1,71,101,1,1.9,warrior,10.125019791108176,51
27,1,70,101,1,1.9,warrior,10.380187510101797,51
27,1,70,101,1,1.9,warrior,10.380187510101797,51
27,1,70,101,1,1.9,warrior,10.380187510101797,51
27,1,70,101,1,1.9,warrior,10.380187510101797,51
26,1,71,101,1,1.9,warrior,10.125019791108176,51
26,1,71,101,1,1.9,warrior,10.125019791108176,51
27,1,70,101,1,1.9,warrior,10.380187510101797,51
27,1,70,101,1,1.9,warrior,10.380187510101797,51
27,1,70,101,1,1.9,warrior,10.380187510101797,51
26,1,71,101,1,1.9,warrior,10.125019791108176,51
27,1,70,102,0,1.9,warrior,10.019071952853414,51
26,1,71,101,1,1.9,warrior,10.125019791108176,51
27,1,70,101,1,1.9,warrior,10.380187510101797,51
27,1,70,101,1,1.9,warrior,10.380187510101797,51
27,1,70,101,1,1.9,warrior,10.380187510101797,52
26,1,71,101,1,1.9,warrior,10.125019791108176,52
27,1,70,101,1,1.9,warrior,10.380187510101797,52
26,1,71,101,1,1.9,warrior,10.125019791108176,52
27,1,70,101,1,1.9,warrior,10.380187510101797,52
27,1,70,101,1,1.9,warrior,10.380187510101797,52
26,1,70,102,1,1.9,warrior,10.026940564750934,52
26,1,70,102,1,1.9,warrior,10.026940564750934,52
26,1,71,101,1,1.9,warrior,10.125019791108176,52
27,1,70,101,1,1.9,warrior,10.380187510101797,52
26,1,71,101,1,1.9,warrior,10.125019791108176,52
26,1,71,101,1,1.9,warrior,10.125019791108176,52
27,1,70,101,1,1.9,warrior,10.380187510101797,52
27,1,70,101,1,1.9,warrior,10.380187510101797,52
26,1,71,101,1,1.9,warrior,10.125019791108176,52
27,1,70,101,1,1.9,warrior,10.380187510101797,52
27,1,70,101,1,1.9,warrior,10.380187510101797,52
26,2,70,101,1,1.9,warrior,10.284932676193147,52
26,0,71,101,2,1.9,warrior,10.227916804407805,52
28,1,70,101,0,1.9,warrior,10.371768022400852,52
27,1,70,101,1,1.9,warrior,10.380187510101797,53
27,1,70,101,1,1.9,warrior,10.380187510101797,53
26,1,71,101,1,1.9,warrior,10.125019791108176,53
27,1,70,101,1,1.9,warrior,10.380187510101797,53
27,1,70,101,1,1.9,warrior,10.380187510101797,53
27,1,70,101,1,1.9,warrior,10.380187510101797,53
27,1,70,101,1,1.9,warrior,10.380187510101797,53
26,1,70,102,1,1.9,warrior,10.026940564750934,53
26,0,71,101,2,1.9,warrior,10.227916804407805,53
26,2,70,101,1,1.9,warrior,10.284932676193147,53
27,1,70,101,1,1.9,warrior,10.380187510101797,53
27,1,70,101,1,1.9,warrior,10.380187510101797,53
26,0,71,101,2,1.9,warrior,10.227916804407805,53
27,1,70,101,1,1.9,warrior,10.380187510101797,53
28,1,70,101,0,1.9,warrior,10.371768022400852,53
26,1,71,101,1,1.9,warrior,10.125019791108176,53
27,1,70,101,1,1.9,warrior,10.380187510101797,53
27,1,70,101,1,1.9,warrior,10.380187510101797,53
26,1,71,101,1,1.9,warrior,10.125019791108176,53
27,2,71,100,0,1.9,warrior,10.389674046804961,53
27,1,70,101,1,1.9,warrior,10.380187510101797,54
26,0,71,101,2,1.9,warrior,10.227916804407805,54
27,1,70,101,1,1.9,warrior,10.380187510101797,54
28,1,70,101,0,1.9,warrior,10.371768022400852,54
27,1,70,101,1,1.9,warrior,10.380187510101797,54
28,1,70,101,0,1.9,warrior,10.371768022400852,54
27,1,70,101,1,1.9,warrior,10.380187510101797,54
27,1,70,101,1,1.9,warrior,10.380187510101797,54
27,1,70,101,1,1.9,warrior,10.380187510101797,54
27,1,70,101,1,1.9,warrior,10.380187510101797,54
26,2,70,101,1,1.9,warrior,10.284932676193147,54
27,1,70,101,1,1.9,warrior,10.380187510101797,54
27,1,70,101,1,1.9,warrior,10.380187510101797,54
27,1,70,101,1,1.9,warrior,10.380187510101797,54
27,2,71,100,0,1.9,warrior,10.389674046804961,54
27,1,70,101,1,1.9,warrior,10.380187510101797,54
27,1,70,101,1,1.9,warrior,10.380187510101797,54
27,1,70,101,1,1.9,warrior,10.380187510101797,54
26,0,70,101,3,1.9,warrior,10.488211786290433,54
28,1,70,100,1,1.9,warrior,10.731549741462064,54
27,1,70,101,1,1.9,warrior,10.380187510101797,55
27,1,70,101,1,1.9,warrior,10.380187510101797,55
27,1,70,101,1,1.9,warrior,10.380187510101797,55
26,2,70,101,1,1.9,warrior,10.284932676193147,55
26,0,70,101,3,1.9,warrior,10.488211786290433,55
26,2,70,101,1,1.9,warrior,10.284932676193147,55
27,1,70,101,1,1.9,warrior,10.380187510101797,55
27,1,70,101,1,1.9,warrior,10.380187510101797,55
28,1,70,101,0,1.9,warrior,10.371768022400852,55
26,0,71,101,2,1.9,warrior,10.227916804407805,55
27,1,70,101,1,1.9,warrior,10.380187510101797,55
28,1,70,101,0,1.9,warrior,10.371768022400852,55
26,2,70,101,1,1.9,warrior,10.284932676193147,55
27,1,70,101,1,1.9,warrior,10.380187510101797,55
26,0,70,101,3,1.9,warrior,10.488211786290433,55
27,1,70,101,1,1.9,warrior,10.380187510101797,55
27,1,70,101,1,1.9,warrior,10.380187510101797,55
26,2,71,100,1,1.9,warrior,10.38299163041003,55
26,0,70,101,3,1.9,warrior,10.488211786290433,55
27,1,70,101,1,1.9,warrior,10.380187510101797,55
27,1,70,101,1,1.9,warrior,10.380187510101797,56
26,0,70,101,3,1.9,warrior,10.488211786290433,56
27,1,70,101,1,1.9,warrior,10.380187510101797,56
26,2,70,101,1,1.9,warrior,10.284932676193147,56
26,0,70,101,3,1.9,warrior,10.488211786290433,56
28,1,70,101,0,1.9,warrior,10.371768022400852,56
27,1,70,101,1,1.9,warrior,10.380187510101797,56
28,1,70,101,0,1.9,warrior,10.371768022400852,56
26,0,70,101,3,1.9,warrior,10.488211786290433,56
26,0,71,101,2,1.9,warrior,10.227916804407805,56
28,1,70,101,0,1.9,warrior,10.371768022400852,56
27,1,70,101,1,1.9,warrior,10.380187510101797,56
27,1,70,101,1,1.9,warrior,10.380187510101797,56
27,1,70,101,1,1.9,warrior,10.380187510101797,56
26,2,70,101,1,1.9,warrior,10.284932676193147,56
27,1,70,101,1,1.9,warrior,10.380187510101797,56
27,1,70,101,1,1.9,warrior,10.380187510101797,56
27,1,70,101,1,1.9,warrior,10.380187510101797,56
26,2,69,101,2,1.9,warrior,10.544148633173554,56
26,1,71,101,1,1.9,warrior,10.125019791108176,56
26,2,70,101,1,1.9,warrior,10.284932676193147,57
27,1,70,101,1,1.9,warrior,10.380187510101797,57
27,1,70,101,1,1.9,warrior,10.380187510101797,57
26,2,70,101,1,1.9,warrior,10.284932676193147,57
26,0,70,101,3,1.9,warrior,10.488211786290433,57
26,2,70,101,1,1.9,warrior,10.284932676193147,57
27,1,70,101,1,1.9,warrior,10.380187510101797,57
27,1,70,101,1,1.9,warrior,10.380187510101797,57
27,1,70,101,1,1.9,warrior,10.380187510101797,57
26,0,71,101,2,1.9,warrior,10.227916804407805,57
28,1,70,101,0,1.9,warrior,10.371768022400852,57
26,0,70,101,3,1.9,warrior,10.488211786290433,57
27,1,70,101,1,1.9,warrior,10.380187510101797,57
27,1,70,101,1,1.9,warrior,10.380187510101797,57
27,1,70,101,1,1.9,warrior,10.380187510101797,57
27,1,70,101,1,1.9,warrior,10.380187510101797,57
28,1,68,101,2,1.9,warrior,10.874414826641658,57
26,2,70,101,1,1.9,warrior,10.284932676193147,57
27,2,69,102,0,1.9,warrior,10.184869702261407,57
26,1,71,101,1,1.9,warrior,10.125019791108176,57
28,1,68,101,2,1.9,warrior,10.874414826641658,58
27,1,70,101,1,1.9,warrior,10.380187510101797,58
28,1,68,101,2,1.9,warrior,10.874414826641658,58
26,1,71,101,1,1.9,warrior,10.125019791108176,58
27,1,70,101,1,1.9,warrior,10.380187510101797,58
26,2,70,101,1,1.9,warrior,10.284932676193147,58
27,1,70,101,1,1.9,warrior,10.380187510101797,58
26,2,70,101,1,1.9,warrior,10.284932676193147,58
27,1,70,101,1,1.9,warrior,10.380187510101797,58
27,1,70,101,1,1.9,warrior,10.380187510101797,58
27,1,70,101,1,1.9,warrior,10.380187510101797,58
27,1,70,101,1,1.9,warrior,10.380187510101797,58
27,1,70,101,1,1.9,warrior,10.380187510101797,58
27,1,70,101,1,1.9,warrior,10.380187510101797,58
27,1,70,101,1,1.9,warrior,10.380187510101797,58
27,1,70,101,1,1.9,warrior,10.380187510101797,58
26,1,71,101,1,1.9,warrior,10.125019791108176,58
27,1,70,101,1,1.9,warrior,10.380187510101797,58
27,1,71,101,0,1.9,warrior,10.120855260021614,58
27,2,71,100,0,1.9,warrior,10.389674046804961,58
26,1,71,101,1,1.9,warrior,10.125019791108176,59
27,1,70,101,1,1.9,warrior,10.380187510101797,59
26,1,71,101,1,1.9,warrior,10.125019791108176,59
28,1,68,101,2,1.9,warrior,10.874414826641658,59
27,1,70,101,1,1.9,warrior,10.380187510101797,59
27,1,70,101,1,1.9,warrior,10.380187510101797,59
26,2,70,101,1,1.9,warrior,10.284932676193147,59
27,1,70,101,1,1.9,warrior,10.380187510101797,59
27,1,70,101,1,1.9,warrior,10.380187510101797,59
26,2,70,101,1,1.9,warrior,10.284932676193147,59
27,1,70,101,1,1.9,warrior,10.380187510101797,59
28,1,68,101,2,1.9,warrior,10.874414826641658,59
27,1,70,101,1,1.9,warrior,10.380187510101797,59
27,1,70,101,1,1.9,warrior,10.380187510101797,59
26,2,70,101,1,1.9,warrior,10.284932676193147,59
27,1,70,101,1,1.9,warrior,10.380187510101797,59
27,1,70,101,1,1.9,warrior,10.380187510101797,59
27,1,70,101,1,1.9,warrior,10.380187510101797,59
27,1,68,102,2,1.9,warrior,10.531642448489322,59
27,3,70,100,0,1.9,warrior,10.556602038317779,59
26,2,70,101,1,1.9,warrior,10.284932676193147,60
27,1,70,101,1,1.9,warrior,10.380187510101797,60
27,1,70,101,1,1.9,warrior,10.380187510101797,60
27,1,70,101,1,1.9,warrior,10.380187510101797,60
27,1,70,101,1,1.9,warrior,10.380187510101797,60
27,3,70,100,0,1.9,warrior,10.556602038317779,60
26,1,71,101,1,1.9,warrior,10.125019791108176,60
27,1,70,101,1,1.9,warrior,10.380187510101797,60
26,1,71,101,1,1.9,warrior,10.125019791108176,60
27,1,70,101,1,1.9,warrior,10.380187510101797,60
27,1,70,101,1,1.9,warrior,10.380187510101797,60
27,1,68,102,2,1.9,warrior,10.531642448489322,60
27,1,70,101,1,1.9,warrior,10.380187510101797,60
27,1,70,101,1,1.9,warrior,10.380187510101797,60
28,1,68,101,2,1.9,warrior,10.874414826641658,60
27,1,70,101,1,1.9,warrior,10.380187510101797,60
28,1,68,101,2,1.9,warrior,10.874414826641658,60
28,1,68,101,2,1.9,warrior,10.874414826641658,60
27,1,70,101,1,1.9,warrior,10.380187510101797,60
27,1,70,101,1,1.9,warrior,10.380187510101797,60
27,1,70,101,1,1.9,warrior,10.380187510101797,61
27,1,70,101,1,1.9,warrior,10.380187510101797,61
27,1,70,101,1,1.9,warrior,10.380187510101797,61
27,1,70,101,1,1.9,warrior,10.380187510101797,61
27,1,70,101,1,1.9,warrior,10.380187510101797,61
27,1,68,102,2,1.9,warrior,10.531642448489322,61
27,1,70,101,1,1.9,warrior,10.380187510101797,61
28,1,68,101,2,1.9,warrior,10.874414826641658,61
27,1,70,101,1,1.9,warrior,10.380187510101797,61
27,1,70,101,1,1.9,warrior,10.380187510101797,61
28,1,68,101,2,1.9,warrior,10.874414826641658,61
27,1,68,102,2,1.9,warrior,10.531642448489322,61
27,1,68,102,2,1.9,warrior,10.531642448489322,61
27,1,70,101,1,1.9,warrior,10.380187510101797,61
27,1,70,101,1,1.9,warrior,10.380187510101797,61
28,1,68,101,2,1.9,warrior,10.874414826641658,61
27,3,70,100,0,1.9,warrior,10.556602038317779,61
27,1,70,101,1,1.9,warrior,10.380187510101797,61
28,1,68,101,2,1.9,warrior,10.874414826641658,61
26,1,71,101,1,1.9,warrior,10.125019791108176,61
27,1,70,101,1,1.9,warrior,10.380187510101797,62
27,1,70,101,1,1.9,warrior,10.380187510101797,62
27,1,68,102,2,1.9,warrior,10.531642448489322,62
28,1,68,101,2,1.9,warrior,10.874414826641658,62
27,1,70,101,1,1.9,warrior,10.380187510101797,62
27,1,70,101,1,1.9,warrior,10.380187510101797,62
27,1,68,102,2,1.9,warrior,10.531642448489322,62
28,1,68,101,2,1.9,warrior,10.874414826641658,62
27,1,70,101,1,1.9,warrior,10.380187510101797,62
27,1,68,102,2,1.9,warrior,10.531642448489322,62
27,1,70,101,1,1.9,warrior,10.380187510101797,62
27,1,70,101,1,1.9,warrior,10.380187510101797,62
27,1,70,101,1,1.9,warrior,10.380187510101797,62
28,1,68,101,2,1.9,warrior,10.874414826641658,62
27,1,70,101,1,1.9,warrior,10.380187510101797,62
27,3,70,100,0,1.9,warrior,10.556602038317779,62
27,1,70,101,1,1.9,warrior,10.380187510101797,62
27,1,68,102,2,1.9,warrior,10.531642448489322,62
27,1,68,102,2,1.9,warrior,10.531642448489322,62
28,1,68,101,2,1.9,warrior,10.874414826641658,62
27,1,70,101,1,1.9,warrior,10.380187510101797,63
27,1,70,101,1,1.9,warrior,10.380187510101797,63
28,1,68,101,2,1.9,warrior,10.874414826641658,63
28,1,68,101,2,1.9,warrior,10.874414826641658,63
27,1,70,101,1,1.9,warrior,10.380187510101797,63
27,3,70,100,0,1.9,warrior,10.556602038317779,63
27,1,70,101,1,1.9,warrior,10.380187510101797,63
27,1,70,101,1,1.9,warrior,10.380187510101797,63
27,1,70,101,1,1.9,warrior,10.380187510101797,63
27,1,70,101,1,1.9,warrior,10.380187510101797,63
27,1,68,102,2,1.9,warrior,10.531642448489322,63
27,1,70,101,1,1.9,warrior,10.380187510101797,63
27,1,70,101,1,1.9,warrior,10.380187510101797,63
27,1,70,101,1,1.9,warrior,10.380187510101797,63
28,1,68,101,2,1.9,warrior,10.874414826641658,63
27,1,70,101,1,1.9,warrior,10.380187510101797,63
27,1,71,101,0,1.9,warrior,10.120855260021614,63
28,1,68,101,2,1.9,warrior,10.874414826641658,63
27,1,70,101,1,1.9,warrior,10.380187510101797,63
27,1,70,101,1,1.9,warrior,10.380187510101797,63
27,1,70,101,1,1.9,warrior,10.380187510101797,64
28,1,68,101,2,1.9,warrior,10.874414826641658,64
27,1,70,101,1,1.9,warrior,10.380187510101797,64
28,1,68,101,2,1.9,warrior,10.874414826641658,64
27,1,70,101,1,1.9,warrior,10.380187510101797,64
27,1,70,101,1,1.9,warrior,10.380187510101797,64
27,1,70,101,1,1.9,warrior,10.380187510101797,64
27,1,70,101,1,1.9,warrior,10.380187510101797,64
27,1,70,101,1,1.9,warrior,10.380187510101797,64
27,1,70,101,1,1.9,warrior,10.380187510101797,64
27,1,68,102,2,1.9,warrior,10.531642448489322,64
27,1,70,101,1,1.9,warrior,10.380187510101797,64
28,1,68,101,2,1.9,warrior,10.874414826641658,64
27,1,70,101,1,1.9,warrior,10.380187510101797,64
27,1,70,101,1,1.9,warrior,10.380187510101797,64
28,1,68,101,2,1.9,warrior,10.874414826641658,64
27,1,70,101,1,1.9,warrior,10.380187510101797,64
27,1,70,101,1,1.9,warrior,10.380187510101797,64
27,1,70,101,1,1.9,warrior,10.380187510101797,64
27,1,70,101,1,1.9,warrior,10.380187510101797,64
27,1,70,101,1,1.9,warrior,10.380187510101797,65
28,1,68,101,2,1.9,warrior,10.874414826641658,65
28,1,68,101,2,1.9,warrior,10.874414826641658,65
27,1,70,101,1,1.9,warrior,10.380187510101797,65
27,1,70,101,1,1.9,warrior,10.380187510101797,65
28,1,68,101,2,1.9,warrior,10.874414826641658,65
28,1,68,101,2,1.9,warrior,10.874414826641658,65
27,1,70,101,1,1.9,warrior,10.380187510101797,65
27,1,70,101,1,1.9,warrior,10.380187510101797,65
28,1,68,101,2,1.9,warrior,10.874414826641658,65
27,1,70,101,1,1.9,warrior,10.380187510101797,65
27,1,70,101,1,1.9,warrior,10.380187510101797,65
27,1,70,101,1,1.9,warrior,10.380187510101797,65
27,1,70,101,1,1.9,warrior,10.380187510101797,65
27,1,70,101,1,1.9,warrior,10.380187510101797,65
27,1,70,101,1,1.9,warrior,10.380187510101797,65
27,1,70,101,1,1.9,warrior,10.380187510101797,65
27,1,70,101,1,1.9,warrior,10.380187510101797,65
27,1,70,101,1,1.9,warrior,10.380187510101797,65
27,1,70,101,1,1.9,warrior,10.380187510101797,65
27,1,70,101,1,1.9,warrior,10.380187510101797,66
27,1,70,101,1,1.9,warrior,10.380187510101797,66
28,1,68,101,2,1.9,warrior,10.874414826641658,66
27,1,70,101,1,1.9,warrior,10.380187510101797,66
27,1,70,101,1,1.9,warrior,10.380187510101797,66
27,1,70,101,1,1.9,warrior,10.380187510101797,66
27,1,70,101,1,1.9,warrior,10.380187510101797,66
28,1,68,101,2,1.9,warrior,10.874414826641658,66
27,1,70,101,1,1.9,warrior,10.380187510101797,66
28,1,68,101,2,1.9,warrior,10.874414826641658,66
27,1,70,101,1,1.9,warrior,10.380187510101797,66
27,1,70,101,1,1.9,warrior,10.380187510101797,66
27,1,70,101,1,1.9,warrior,10.380187510101797,66
27,1,70,101,1,1.9,warrior,10.380187510101797,66
27,1,70,101,1,1.9,warrior,10.380187510101797,66
27,1,70,101,1,1.9,warrior,10.380187510101797,66
27,1,70,101,1,1.9,warrior,10.380187510101797,66
27,1,70,101,1,1.9,warrior,10.380187510101797,66
27,1,70,101,1,1.9,warrior,10.380187510101797,66
27,1,70,101,1,1.9,warrior,10.380187510101797,66
27,1,70,101,1,1.9,warrior,10.380187510101797,67
27,1,70,101,1,1.9,warrior,10.380187510101797,67
27,1,70,101,1,1.9,warrior,10.380187510101797,67
27,1,70,101,1,1.9,warrior,10.380187510101797,67
28,1,68,101,2,1.9,warrior,10.874414826641658,67
27,1,70,101,1,1.9,warrior,10.380187510101797,67
27,1,70,101,1,1.9,warrior,10.380187510101797,67
27,1,70,101,1,1.9,warrior,10.380187510101797,67
27,1,70,101,1,1.9,warrior,10.380187510101797,67
27,1,70,101,1,1.9,warrior,10.380187510101797,67
28,1,68,101,2,1.9,warrior,10.874414826641658,67
27,1,70,101,1,1.9,warrior,10.380187510101797,67
27,1,70,101,1,1.9,warrior,10.380187510101797,67
27,1,70,101,1,1.9,warrior,10.380187510101797,67
28,1,68,101,2,1.9,warrior,10.874414826641658,67
27,1,70,101,1,1.9,warrior,10.380187510101797,67
27,1,70,101,1,1.9,warrior,10.380187510101797,67
27,1,70,101,1,1.9,warrior,10.380187510101797,67
27,1,70,101,1,1.9,warrior,10.380187510101797,67
27,1,70,101,1,1.9,warrior,10.380187510101797,67
27,1,70,101,1,1.9,warrior,10.380187510101797,68
27,1,70,101,1,1.9,warrior,10.380187510101797,68
27,1,70,101,1,1.9,warrior,10.380187510101797,68
27,1,70,101,1,1.9,warrior,10.380187510101797,68
27,1,70,101,1,1.9,warrior,10.380187510101797,68
27,1,70,101,1,1.9,warrior,10.380187510101797,68
28,1,68,101,2,1.9,warrior,10.874414826641658,68
27,1,70,101,1,1.9,warrior,10.380187510101797,68
27,1,70,101,1,1.9,warrior,10.380187510101797,68
27,1,70,101,1,1.9,warrior,10.380187510101797,68
27,1,70,101,1,1.9,warrior,10.380187510101797,68
27,1,70,101,1,1.9,warrior,10.380187510101797,68
27,1,70,101,1,1.9,warrior,10.380187510101797,68
27,1,70,101,1,1.9,warrior,10.380187510101797,68
27,1,70,101,1,1.9,warrior,10.380187510101797,68
27,1,70,101,1,1.9,warrior,10.380187510101797,68
27,1,70,101,1,1.9,warrior,10.380187510101797,68
27,1,70,101,1,1.9,warrior,10.380187510101797,68
27,1,70,101,1,1.9,warrior,10.380187510101797,68
27,1,70,101,1,1.9,warrior,10.380187510101797,68
27,1,70,101,1,1.9,warrior,10.380187510101797,69
27,1,70,101,1,1.9,warrior,10.380187510101797,69
27,1,70,101,1,1.9,warrior,10.380187510101797,69
27,1,70,101,1,1.9,warrior,10.380187510101797,69
27,1,70,101,1,1.9,warrior,10.380187510101797,69
28,1,68,101,2,1.9,warrior,10.874414826641658,69
27,1,70,101,1,1.9,warrior,10.380187510101797,69
27,1,70,101,1,1.9,warrior,10.380187510101797,69
27,1,70,101,1,1.9,warrior,10.380187510101797,69
27,1,70,101,1,1.9,warrior,10.380187510101797,69
27,1,70,101,1,1.9,warrior,10.380187510101797,69
27,1,70,101,1,1.9,warrior,10.380187510101797,69
27,1,70,101,1,1.9,warrior,10.380187510101797,69
27,1,70,101,1,1.9,warrior,10.380187510101797,69
27,1,70,101,1,1.9,warrior,10.380187510101797,69
27,1,70,101,1,1.9,warrior,10.380187510101797,69
27,1,70,101,1,1.9,warrior,10.380187510101797,69
27,1,70,101,1,1.9,warrior,10.380187510101797,69
27,1,70,101,1,1.9,warrior,10.380187510101797,69
27,1,70,101,1,1.9,warrior,10.380187510101797,69
27,1,70,101,1,1.9,warrior,10.380187510101797,70
27,1,70,101,1,1.9,warrior,10.380187510101797,70
27,1,70,101,1,1.9,warrior,10.380187510101797,70
27,1,70,101,1,1.9,warrior,10.380187510101797,70
27,1,70,101,1,1.9,warrior,10.380187510101797,70
27,1,70,101,1,1.9,warrior,10.380187510101797,70
27,1,70,101,1,1.9,warrior,10.380187510101797,70
27,1,70,101,1,1.9,warrior,10.380187510101797,70
27,1,70,101,1,1.9,warrior,10.380187510101797,70
27,1,70,101,1,1.9,warrior,10.380187510101797,70
27,1,70,101,1,1.9,warrior,10.380187510101797,70
27,1,70,101,1,1.9,warrior,10.380187510101797,70
27,1,70,101,1,1.9,warrior,10.380187510101797,70
27,1,70,101,1,1.9,warrior,10.380187510101797,70
27,1,70,101,1,1.9,warrior,10.380187510101797,70
27,1,70,101,1,1.9,warrior,10.380187510101797,70
27,1,70,101,1,1.9,warrior,10.380187510101797,70
27,1,70,101,1,1.9,warrior,10.380187510101797,70
27,1,70,101,1,1.9,warrior,10.380187510101797,70
27,1,70,101,1,1.9,warrior,10.380187510101797,70
27,1,70,101,1,1.9,warrior,10.380187510101797,71
27,1,70,101,1,1.9,warrior,10.380187510101797,71
27,1,70,101,1,1.9,warrior,10.380187510101797,71
27,1,70,101,1,1.9,warrior,10.380187510101797,71
27,1,70,101,1,1.9,warrior,10.380187510101797,71
27,1,70,101,1,1.9,warrior,10.380187510101797,71
27,1,70,101,1,1.9,warrior,10.380187510101797,71
27,1,70,101,1,1.9,warrior,10.380187510101797,71
27,1,70,101,1,1.9,warrior,10.380187510101797,71
27,1,70,101,1,1.9,warrior,10.380187510101797,71
27,1,70,101,1,1.9,warrior,10.380187510101797,71
27,1,70,101,1,1.9,warrior,10.380187510101797,71
27,1,70,101,1,1.9,warrior,10.380187510101797,71
27,1,70,101,1,1.9,warrior,10.380187510101797,71
27,1,70,101,1,1.9,warrior,10.380187510101797,71
27,1,70,101,1,1.9,warrior,10.380187510101797,71
27,1,70,101,1,1.9,warrior,10.380187510101797,71
27,1,70,101,1,1.9,warrior,10.380187510101797,71
27,1,70,101,1,1.9,warrior,10.380187510101797,71
27,1,70,101,1,1.9,warrior,10.380187510101797,71
27,1,70,101,1,1.9,warrior,10.380187510101797,72
27,1,70,101,1,1.9,warrior,10.380187510101797,72
27,1,70,101,1,1.9,warrior,10.380187510101797,72
27,1,70,101,1,1.9,warrior,10.380187510101797,72
27,1,70,101,1,1.9,warrior,10.380187510101797,72
27,1,70,101,1,1.9,warrior,10.380187510101797,72
27,1,70,101,1,1.9,warrior,10.380187510101797,72
27,1,70,101,1,1.9,warrior,10.380187510101797,72
27,1,70,101,1,1.9,warrior,10.380187510101797,72
27,1,70,101,1,1.9,warrior,10.380187510101797,72
27,1,70,101,1,1.9,warrior,10.380187510101797,72
27,1,70,101,1,1.9,warrior,10.380187510101797,72
27,1,70,101,1,1.9,warrior,10.380187510101797,72
27,1,70,101,1,1.9,warrior,10.380187510101797,72
27,1,70,101,1,1.9,warrior,10.380187510101797,72
27,1,70,101,1,1.9,warrior,10.380187510101797,72
27,1,70,101,1,1.9,warrior,10.380187510101797,72
27,1,70,101,1,1.9,warrior,10.380187510101797,72
27,1,70,101,1,1.9,warrior,10.380187510101797,72
27,1,70,101,1,1.9,warrior,10.380187510101797,72
27,1,70,101,1,1.9,warrior,10.380187510101797,73
27,1,70,101,1,1.9,warrior,10.380187510101797,73
27,1,70,101,1,1.9,warrior,10.380187510101797,73
27,1,70,101,1,1.9,warrior,10.380187510101797,73
27,1,70,101,1,1.9,warrior,10.380187510101797,73
27,1,70,101,1,1.9,warrior,10.380187510101797,73
27,1,70,101,1,1.9,warrior,10.380187510101797,73
27,1,70,101,1,1.9,warrior,10.380187510101797,73
27,1,70,101,1,1.9,warrior,10.380187510101797,73
27,1,70,101,1,1.9,warrior,10.380187510101797,73
27,1,70,101,1,1.9,warrior,10.380187510101797,73
27,1,70,101,1,1.9,warrior,10.380187510101797,73
27,1,70,101,1,1.9,warrior,10.380187510101797,73
27,1,70,101,1,1.9,warrior,10.380187510101797,73
27,1,70,101,1,1.9,warrior,10.380187510101797,73
27,1,70,101,1,1.9,warrior,10.380187510101797,73
27,1,70,101,1,1.9,warrior,10.380187510101797,73
27,1,70,101,1,1.9,warrior,10.380187510101797,73
27,1,70,101,1,1.9,warrior,10.380187510101797,73
27,1,70,101,1,1.9,warrior,10.380187510101797,73
27,1,70,101,1,1.9,warrior,10.380187510101797,74
27,1,70,101,1,1.9,warrior,10.380187510101797,74
27,1,70,101,1,1.9,warrior,10.380187510101797,74
27,1,70,101,1,1.9,warrior,10.380187510101797,74
27,1,70,101,1,1.9,warrior,10.380187510101797,74
27,1,70,101,1,1.9,warrior,10.380187510101797,74
27,1,70,101,1,1.9,warrior,10.380187510101797,74
27,1,70,101,1,1.9,warrior,10.380187510101797,74
27,1,70,101,1,1.9,warrior,10.380187510101797,74
27,1,70,101,1,1.9,warrior,10.380187510101797,74
27,1,70,101,1,1.9,warrior,10.380187510101797,74
27,1,70,101,1,1.9,warrior,10.380187510101797,74
27,1,70,101,1,1.9,warrior,10.380187510101797,74
27,1,70,101,1,1.9,warrior,10.380187510101797,74
27,1,70,101,1,1.9,warrior,10.380187510101797,74
27,1,70,101,1,1.9,warrior,10.380187510101797,74
27,1,70,101,1,1.9,warrior,10.380187510101797,74
27,1,70,101,1,1.9,warrior,10.380187510101797,74
27,1,70,101,1,1.9,warrior,10.380187510101797,74
27,1,70,101,1,1.9,warrior,10.380187510101797,74
27,1,70,101,1,1.9,warrior,10.380187510101797,75
27,1,70,101,1,1.9,warrior,10.380187510101797,75
27,1,70,101,1,1.9,warrior,10.380187510101797,75
27,1,70,101,1,1.9,warrior,10.380187510101797,75
27,1,70,101,1,1.9,warrior,10.380187510101797,75
27,1,70,101,1,1.9,warrior,10.380187510101797,75
27,1,70,101,1,1.9,warrior,10.380187510101797,75
27,1,70,101,1,1.9,warrior,10.380187510101797,75
27,1,70,101,1,1.9,warrior,10.380187510101797,75
27,1,70,101,1,1.9,warrior,10.380187510101797,75
27,1,70,101,1,1.9,warrior,10.380187510101797,75
27,1,70,101,1,1.9,warrior,10.380187510101797,75
27,1,70,101,1,1.9,warrior,10.380187510101797,75
27,1,70,101,1,1.9,warrior,10.380187510101797,75
27,1,70,101,1,1.9,warrior,10.380187510101797,75
27,1,70,101,1,1.9,warrior,10.380187510101797,75
27,1,70,101,1,1.9,warrior,10.380187510101797,75
27,1,70,101,1,1.9,warrior,10.380187510101797,75
27,1,70,101,1,1.9,warrior,10.380187510101797,75
27,1,70,101,1,1.9,warrior,10.380187510101797,75
27,1,70,101,1,1.9,warrior,10.380187510101797,76
27,1,70,101,1,1.9,warrior,10.380187510101797,76
27,1,70,101,1,1.9,warrior,10.380187510101797,76
27,1,70,101,1,1.9,warrior,10.380187510101797,76
27,1,70,101,1,1.9,warrior,10.380187510101797,76
27,1,70,101,1,1.9,warrior,10.380187510101797,76
27,1,70,101,1,1.9,warrior,10.380187510101797,76
27,1,70,101,1,1.9,warrior,10.380187510101797,76
27,1,70,101,1,1.9,warrior,10.380187510101797,76
27,1,70,101,1,1.9,warrior,10.380187510101797,76
27,1,70,101,1,1.9,warrior,10.380187510101797,76
27,1,70,101,1,1.9,warrior,10.380187510101797,76
27,1,70,101,1,1.9,warrior,10.380187510101797,76
27,1,70,101,1,1.9,warrior,10.380187510101797,76
27,1,70,101,1,1.9,warrior,10.380187510101797,76
27,1,70,101,1,1.9,warrior,10.380187510101797,76
27,1,70,101,1,1.9,warrior,10.380187510101797,76
27,1,70,101,1,1.9,warrior,10.380187510101797,76
27,1,70,101,1,1.9,warrior,10.380187510101797,76
27,1,70,101,1,1.9,warrior,10.380187510101797,76
27,1,70,101,1,1.9,warrior,10.380187510101797,77
27,1,70,101,1,1.9,warrior,10.380187510101797,77
27,1,70,101,1,1.9,warrior,10.380187510101797,77
27,1,70,101,1,1.9,warrior,10.380187510101797,77
27,1,70,101,1,1.9,warrior,10.380187510101797,77
27,1,70,101,1,1.9,warrior,10.380187510101797,77
27,1,70,101,1,1.9,warrior,10.380187510101797,77
27,1,70,101,1,1.9,warrior,10.380187510101797,77
27,1,70,101,1,1.9,warrior,10.380187510101797,77
27,1,70,101,1,1.9,warrior,10.380187510101797,77
27,1,70,101,1,1.9,warrior,10.380187510101797,77
27,1,70,101,1,1.9,warrior,10.380187510101797,77
27,1,70,101,1,1.9,warrior,10.380187510101797,77
27,1,70,101,1,1.9,warrior,10.380187510101797,77
27,1,70,101,1,1.9,warrior,10.380187510101797,77
27,1,70,101,1,1.9,warrior,10.380187510101797,77
27,1,70,101,1,1.9,warrior,10.380187510101797,77
27,1,70,101,1,1.9,warrior,10.380187510101797,77
27,1,70,101,1,1.9,warrior,10.380187510101797,77
27,1,70,101,1,1.9,warrior,10.380187510101797,77
27,1,70,101,1,1.9,warrior,10.380187510101797,78
27,1,70,101,1,1.9,warrior,10.380187510101797,78
27,1,70,101,1,1.9,warrior,10.380187510101797,78
27,1,70,101,1,1.9,warrior,10.380187510101797,78
27,1,70,101,1,1.9,warrior,10.380187510101797,78
27,1,70,101,1,1.9,warrior,10.380187510101797,78
27,1,70,101,1,1.9,warrior,10.380187510101797,78
27,1,70,101,1,1.9,warrior,10.380187510101797,78
27,1,70,101,1,1.9,warrior,10.380187510101797,78
27,1,70,101,1,1.9,warrior,10.380187510101797,78
27,1,70,101,1,1.9,warrior,10.380187510101797,78
27,1,70,101,1,1.9,warrior,10.380187510101797,78
27,1,70,101,1,1.9,warrior,10.380187510101797,78
27,1,70,101,1,1.9,warrior,10.380187510101797,78
27,1,70,101,1,1.9,warrior,10.380187510101797,78
27,1,70,101,1,1.9,warrior,10.380187510101797,78
27,1,70,101,1,1.9,warrior,10.380187510101797,78
27,1,70,101,1,1.9,warrior,10.380187510101797,78
27,1,70,101,1,1.9,warrior,10.380187510101797,78
27,1,70,101,1,1.9,warrior,10.380187510101797,78
27,1,70,101,1,1.9,warrior,10.380187510101797,79
27,1,70,101,1,1.9,warrior,10.380187510101797,79
27,1,70,101,1,1.9,warrior,10.380187510101797,79
27,1,70,101,1,1.9,warrior,10.380187510101797,79
27,1,70,101,1,1.9,warrior,10.380187510101797,79
27,1,70,101,1,1.9,warrior,10.380187510101797,79
27,1,70,101,1,1.9,warrior,10.380187510101797,79
27,1,70,101,1,1.9,warrior,10.380187510101797,79
27,1,70,101,1,1.9,warrior,10.380187510101797,79
27,1,70,101,1,1.9,warrior,10.380187510101797,79
27,1,70,101,1,1.9,warrior,10.380187510101797,79
27,1,70,101,1,1.9,warrior,10.380187510101797,79
27,1,70,101,1,1.9,warrior,10.380187510101797,79
27,1,70,101,1,1.9,warrior,10.380187510101797,79
27,1,70,101,1,1.9,warrior,10.380187510101797,79
27,1,70,101,1,1.9,warrior,10.380187510101797,79
27,1,70,101,1,1.9,warrior,10.380187510101797,79
27,1,70,101,1,1.9,warrior,10.380187510101797,79
27,1,70,101,1,1.9,warrior,10.380187510101797,79
27,1,70,101,1,1.9,warrior,10.380187510101797,79
27,1,70,101,1,1.9,warrior,10.380187510101797,80
27,1,70,101,1,1.9,warrior,10.380187510101797,80
27,1,70,101,1,1.9,warrior,10.380187510101797,80
27,1,70,101,1,1.9,warrior,10.380187510101797,80
27,1,70,101,1,1.9,warrior,10.380187510101797,80
27,1,70,101,1,1.9,warrior,10.380187510101797,80
27,1,70,101,1,1.9,warrior,10.380187510101797,80
27,1,70,101,1,1.9,warrior,10.380187510101797,80
27,1,70,101,1,1.9,warrior,10.380187510101797,80
27,1,70,101,1,1.9,warrior,10.380187510101797,80
27,1,70,101,1,1.9,warrior,10.380187510101797,80
27,1,70,101,1,1.9,warrior,10.380187510101797,80
27,1,70,101,1,1.9,warrior,10.380187510101797,80
27,1,70,101,1,1.9,warrior,10.380187510101797,80
27,1,70,101,1,1.9,warrior,10.380187510101797,80
27,1,70,101,1,1.9,warrior,10.380187510101797,80
27,1,70,101,1,1.9,warrior,10.380187510101797,80
27,1,70,101,1,1.9,warrior,10.380187510101797,80
27,1,70,101,1,1.9,warrior,10.380187510101797,80
27,1,70,101,1,1.9,warrior,10.380187510101797,80
27,1,70,101,1,1.9,warrior,10.380187510101797,81
27,1,70,101,1,1.9,warrior,10.380187510101797,81
27,1,70,101,1,1.9,warrior,10.380187510101797,81
27,1,70,101,1,1.9,warrior,10.380187510101797,81
27,1,70,101,1,1.9,warrior,10.380187510101797,81
27,1,70,101,1,1.9,warrior,10.380187510101797,81
27,1,70,101,1,1.9,warrior,10.380187510101797,81
27,1,70,101,1,1.9,warrior,10.380187510101797,81
27,1,70,101,1,1.9,warrior,10.380187510101797,81
27,1,70,101,1,1.9,warrior,10.380187510101797,81
27,1,70,101,1,1.9,warrior,10.380187510101797,81
27,1,70,101,1,1.9,warrior,10.380187510101797,81
27,1,70,101,1,1.9,warrior,10.380187510101797,81
27,1,70,101,1,1.9,warrior,10.380187510101797,81
27,1,70,101,1,1.9,warrior,10.380187510101797,81
27,1,70,101,1,1.9,warrior,10.380187510101797,81
27,1,70,101,1,1.9,warrior,10.380187510101797,81
27,1,70,101,1,1.9,warrior,10.380187510101797,81
27,1,70,101,1,1.9,warrior,10.380187510101797,81
27,1,70,101,1,1.9,warrior,10.380187510101797,81
27,1,70,101,1,1.9,warrior,10.380187510101797,82
27,1,70,101,1,1.9,warrior,10.380187510101797,82
27,1,70,101,1,1.9,warrior,10.380187510101797,82
27,1,70,101,1,1.9,warrior,10.380187510101797,82
27,1,70,101,1,1.9,warrior,10.380187510101797,82
27,1,70,101,1,1.9,warrior,10.380187510101797,82
27,1,70,101,1,1.9,warrior,10.380187510101797,82
27,1,70,101,1,1.9,warrior,10.380187510101797,82
27,1,70,101,1,1.9,warrior,10.380187510101797,82
27,1,70,101,1,1.9,warrior,10.380187510101797,82
27,1,70,101,1,1.9,warrior,10.380187510101797,82
27,1,70,101,1,1.9,warrior,10.380187510101797,82
27,1,70,101,1,1.9,warrior,10.380187510101797,82
27,1,70,101,1,1.9,warrior,10.380187510101797,82
27,1,70,101,1,1.9,warrior,10.380187510101797,82
27,1,70,101,1,1.9,warrior,10.380187510101797,82
27,1,70,101,1,1.9,warrior,10.380187510101797,82
27,1,70,101,1,1.9,warrior,10.380187510101797,82
27,1,70,101,1,1.9,warrior,10.380187510101797,82
27,1,70,101,1,1.9,warrior,10.380187510101797,82
27,1,70,101,1,1.9,warrior,10.380187510101797,83
27,1,70,101,1,1.9,warrior,10.380187510101797,83
27,1,70,101,1,1.9,warrior,10.380187510101797,83
27,1,70,101,1,1.9,warrior,10.380187510101797,83
27,1,70,101,1,1.9,warrior,10.380187510101797,83
27,1,70,101,1,1.9,warrior,10.380187510101797,83
27,1,70,101,1,1.9,warrior,10.380187510101797,83
27,1,70,101,1,1.9,warrior,10.380187510101797,83
27,1,70,101,1,1.9,warrior,10.380187510101797,83
27,1,70,101,1,1.9,warrior,10.380187510101797,83
27,1,70,101,1,1.9,warrior,10.380187510101797,83
27,1,70,101,1,1.9,warrior,10.380187510101797,83
27,1,70,101,1,1.9,warrior,10.380187510101797,83
27,1,70,101,1,1.9,warrior,10.380187510101797,83
27,1,70,101,1,1.9,warrior,10.380187510101797,83
27,1,70,101,1,1.9,warrior,10.380187510101797,83
27,1,70,101,1,1.9,warrior,10.380187510101797,83
27,1,70,101,1,1.9,warrior,10.380187510101797,83
27,1,70,101,1,1.9,warrior,10.380187510101797,83
27,1,70,101,1,1.9,warrior,10.380187510101797,83
27,1,70,101,1,1.9,warrior,10.380187510101797,84
27,1,70,101,1,1.9,warrior,10.380187510101797,84
27,1,70,101,1,1.9,warrior,10.380187510101797,84
27,1,70,101,1,1.9,warrior,10.380187510101797,84
27,1,70,101,1,1.9,warrior,10.380187510101797,84
27,1,70,101,1,1.9,warrior,10.380187510101797,84
27,1,70,101,1,1.9,warrior,10.380187510101797,84
27,1,70,101,1,1.9,warrior,10.380187510101797,84
27,1,70,101,1,1.9,warrior,10.380187510101797,84
27,1,70,101,1,1.9,warrior,10.380187510101797,84
27,1,70,101,1,1.9,warrior,10.380187510101797,84
27,1,70,101,1,1.9,warrior,10.380187510101797,84
27,1,70,101,1,1.9,warrior,10.380187510101797,84
27,1,70,101,1,1.9,warrior,10.380187510101797,84
27,1,70,101,1,1.9,warrior,10.380187510101797,84
27,1,70,101,1,1.9,warrior,10.380187510101797,84
27,1,70,101,1,1.9,warrior,10.380187510101797,84
27,1,70,101,1,1.9,warrior,10.380187510101797,84
27,1,70,101,1,1.9,warrior,10.380187510101797,84
27,1,70,101,1,1.9,warrior,10.380187510101797,84
27,1,70,101,1,1.9,warrior,10.380187510101797,85
27,1,70,101,1,1.9,warrior,10.380187510101797,85
27,1,70,101,1,1.9,warrior,10.380187510101797,85
27,1,70,101,1,1.9,warrior,10.380187510101797,85
27,1,70,101,1,1.9,warrior,10.380187510101797,85
27,1,70,101,1,1.9,warrior,10.380187510101797,85
27,1,70,101,1,1.9,warrior,10.380187510101797,85
27,1,70,101,1,1.9,warrior,10.380187510101797,85
27,1,70,101,1,1.9,warrior,10.380187510101797,85
27,1,70,101,1,1.9,warrior,10.380187510101797,85
27,1,70,101,1,1.9,warrior,10.380187510101797,85
27,1,70,101,1,1.9,warrior,10.380187510101797,85
27,1,70,101,1,1.9,warrior,10.380187510101797,85
27,1,70,101,1,1.9,warrior,10.380187510101797,85
27,1,70,101,1,1.9,warrior,10.380187510101797,85
27,1,70,101,1,1.9,warrior,10.380187510101797,85
27,1,70,101,1,1.9,warrior,10.380187510101797,85
27,1,70,101,1,1.9,warrior,10.380187510101797,85
27,1,70,101,1,1.9,warrior,10.380187510101797,85
27,1,70,101,1,1.9,warrior,10.380187510101797,85
27,1,70,101,1,1.9,warrior,10.380187510101797,86
27,1,70,101,1,1.9,warrior,10.380187510101797,86
27,1,70,101,1,1.9,warrior,10.380187510101797,86
27,1,70,101,1,1.9,warrior,10.380187510101797,86
27,1,70,101,1,1.9,warrior,10.380187510101797,86
27,1,70,101,1,1.9,warrior,10.380187510101797,86
27,1,70,101,1,1.9,warrior,10.380187510101797,86
27,1,70,101,1,1.9,warrior,10.380187510101797,86
27,1,70,101,1,1.9,warrior,10.380187510101797,86
27,1,70,101,1,1.9,warrior,10.380187510101797,86
27,1,70,101,1,1.9,warrior,10.380187510101797,86
27,1,70,101,1,1.9,warrior,10.380187510101797,86
27,1,70,101,1,1.9,warrior,10.380187510101797,86
27,1,70,101,1,1.9,warrior,10.380187510101797,86
27,1,70,101,1,1.9,warrior,10.380187510101797,86
27,1,70,101,1,1.9,warrior,10.380187510101797,86
27,1,70,101,1,1.9,warrior,10.380187510101797,86
27,1,70,101,1,1.9,warrior,10.380187510101797,86
27,1,70,101,1,1.9,warrior,10.380187510101797,86
27,1,70,101,1,1.9,warrior,10.380187510101797,86
27,1,70,101,1,1.9,warrior,10.380187510101797,87
27,1,70,101,1,1.9,warrior,10.380187510101797,87
27,1,70,101,1,1.9,warrior,10.380187510101797,87
27,1,70,101,1,1.9,warrior,10.380187510101797,87
27,1,70,101,1,1.9,warrior,10.380187510101797,87
27,1,70,101,1,1.9,warrior,10.380187510101797,87
27,1,70,101,1,1.9,warrior,10.380187510101797,87
27,1,70,101,1,1.9,warrior,10.380187510101797,87
27,1,70,101,1,1.9,warrior,10.380187510101797,87
27,1,70,101,1,1.9,warrior,10.380187510101797,87
27,1,70,101,1,1.9,warrior,10.380187510101797,87
27,1,70,101,1,1.9,warrior,10.380187510101797,87
27,1,70,101,1,1.9,warrior,10.380187510101797,87
27,1,70,101,1,1.9,warrior,10.380187510101797,87
27,1,70,101,1,1.9,warrior,10.380187510101797,87
27,1,70,101,1,1.9,warrior,10.380187510101797,87
27,1,70,101,1,1.9,warrior,10.380187510101797,87
27,1,70,101,1,1.9,warrior,10.380187510101797,87
27,1,70,101,1,1.9,warrior,10.380187510101797,87
27,1,70,101,1,1.9,warrior,10.380187510101797,87
27,1,70,101,1,1.9,warrior,10.380187510101797,88
27,1,70,101,1,1.9,warrior,10.380187510101797,88
27,1,70,101,1,1.9,warrior,10.380187510101797,88
27,1,70,101,1,1.9,warrior,10.380187510101797,88
27,1,70,101,1,1.9,warrior,10.380187510101797,88
27,1,70,101,1,1.9,warrior,10.380187510101797,88
27,1,70,101,1,1.9,warrior,10.380187510101797,88
27,1,70,101,1,1.9,warrior,10.380187510101797,88
27,1,70,101,1,1.9,warrior,10.380187510101797,88
27,1,70,101,1,1.9,warrior,10.380187510101797,88
27,1,70,101,1,1.9,warrior,10.380187510101797,88
27,1,70,101,1,1.9,warrior,10.380187510101797,88
27,1,70,101,1,1.9,warrior,10.380187510101797,88
27,1,70,101,1,1.9,warrior,10.380187510101797,88
27,1,70,101,1,1.9,warrior,10.380187510101797,88
27,1,70,101,1,1.9,warrior,10.380187510101797,88
27,1,70,101,1,1.9,warrior,10.380187510101797,88
27,1,70,101,1,1.9,warrior,10.380187510101797,88
27,1,70,101,1,1.9,warrior,10.380187510101797,88
27,1,70,101,1,1.9,warrior,10.380187510101797,88
27,1,70,101,1,1.9,warrior,10.380187510101797,89
27,1,70,101,1,1.9,warrior,10.380187510101797,89
27,1,70,101,1,1.9,warrior,10.380187510101797,89
27,1,70,101,1,1.9,warrior,10.380187510101797,89
27,1,70,101,1,1.9,warrior,10.380187510101797,89
27,1,70,101,1,1.9,warrior,10.380187510101797,89
27,1,70,101,1,1.9,warrior,10.380187510101797,89
27,1,70,101,1,1.9,warrior,10.380187510101797,89
27,1,70,101,1,1.9,warrior,10.380187510101797,89
27,1,70,101,1,1.9,warrior,10.380187510101797,89
27,1,70,101,1,1.9,warrior,10.380187510101797,89
27,1,70,101,1,1.9,warrior,10.380187510101797,89
27,1,70,101,1,1.9,warrior,10.380187510101797,89
27,1,70,101,1,1.9,warrior,10.380187510101797,89
27,1,70,101,1,1.9,warrior,10.380187510101797,89
27,1,70,101,1,1.9,warrior,10.380187510101797,89
27,1,70,101,1,1.9,warrior,10.380187510101797,89
27,1,70,101,1,1.9,warrior,10.380187510101797,89
27,1,70,101,1,1.9,warrior,10.380187510101797,89
27,1,70,101,1,1.9,warrior,10.380187510101797,89
27,1,70,101,1,1.9,warrior,10.380187510101797,90
27,1,70,101,1,1.9,warrior,10.380187510101797,90
27,1,70,101,1,1.9,warrior,10.380187510101797,90
27,1,70,101,1,1.9,warrior,10.380187510101797,90
27,1,70,101,1,1.9,warrior,10.380187510101797,90
27,1,70,101,1,1.9,warrior,10.380187510101797,90
27,1,70,101,1,1.9,warrior,10.380187510101797,90
27,1,70,101,1,1.9,warrior,10.380187510101797,90
27,1,70,101,1,1.9,warrior,10.380187510101797,90
27,1,70,101,1,1.9,warrior,10.380187510101797,90
27,1,70,101,1,1.9,warrior,10.380187510101797,90
27,1,70,101,1,1.9,warrior,10.380187510101797,90
27,1,70,101,1,1.9,warrior,10.380187510101797,90
27,1,70,101,1,1.9,warrior,10.380187510101797,90
27,1,70,101,1,1.9,warrior,10.380187510101797,90
27,1,70,101,1,1.9,warrior,10.380187510101797,90
27,1,70,101,1,1.9,warrior,10.380187510101797,90
27,1,70,101,1,1.9,warrior,10.380187510101797,90
27,1,70,101,1,1.9,warrior,10.380187510101797,90
27,1,70,101,1,1.9,warrior,10.380187510101797,90
27,1,70,101,1,1.9,warrior,10.380187510101797,91
27,1,70,101,1,1.9,warrior,10.380187510101797,91
27,1,70,101,1,1.9,warrior,10.380187510101797,91
27,1,70,101,1,1.9,warrior,10.380187510101797,91
27,1,70,101,1,1.9,warrior,10.380187510101797,91
27,1,70,101,1,1.9,warrior,10.380187510101797,91
27,1,70,101,1,1.9,warrior,10.380187510101797,91
27,1,70,101,1,1.9,warrior,10.380187510101797,91
27,1,70,101,1,1.9,warrior,10.380187510101797,91
27,1,70,101,1,1.9,warrior,10.380187510101797,91
27,1,70,101,1,1.9,warrior,10.380187510101797,91
27,1,70,101,1,1.9,warrior,10.380187510101797,91
27,1,70,101,1,1.9,warrior,10.380187510101797,91
27,1,70,101,1,1.9,warrior,10.380187510101797,91
27,1,70,101,1,1.9,warrior,10.380187510101797,91
27,1,70,101,1,1.9,warrior,10.380187510101797,91
27,1,70,101,1,1.9,warrior,10.380187510101797,91
27,1,70,101,1,1.9,warrior,10.380187510101797,91
27,1,70,101,1,1.9,warrior,10.380187510101797,91
27,1,70,101,1,1.9,warrior,10.380187510101797,91
27,1,70,101,1,1.9,warrior,10.380187510101797,92
27,1,70,101,1,1.9,warrior,10.380187510101797,92
27,1,70,101,1,1.9,warrior,10.380187510101797,92
27,1,70,101,1,1.9,warrior,10.380187510101797,92
27,1,70,101,1,1.9,warrior,10.380187510101797,92
27,1,70,101,1,1.9,warrior,10.380187510101797,92
27,1,70,101,1,1.9,warrior,10.380187510101797,92
27,1,70,101,1,1.9,warrior,10.380187510101797,92
27,1,70,101,1,1.9,warrior,10.380187510101797,92
27,1,70,101,1,1.9,warrior,10.380187510101797,92
27,1,70,101,1,1.9,warrior,10.380187510101797,92
27,1,70,101,1,1.9,warrior,10.380187510101797,92
27,1,70,101,1,1.9,warrior,10.380187510101797,92
27,1,70,101,1,1.9,warrior,10.380187510101797,92
27,1,70,101,1,1.9,warrior,10.380187510101797,92
27,1,70,101,1,1.9,warrior,10.380187510101797,92
27,1,70,101,1,1.9,warrior,10.380187510101797,92
27,1,70,101,1,1.9,warrior,10.380187510101797,92
27,1,70,101,1,1.9,warrior,10.380187510101797,92
27,1,70,101,1,1.9,warrior,10.380187510101797,92
27,1,70,101,1,1.9,warrior,10.380187510101797,93
27,1,70,101,1,1.9,warrior,10.380187510101797,93
27,1,70,101,1,1.9,warrior,10.380187510101797,93
27,1,70,101,1,1.9,warrior,10.380187510101797,93
27,1,70,101,1,1.9,warrior,10.380187510101797,93
27,1,70,101,1,1.9,warrior,10.380187510101797,93
27,1,70,101,1,1.9,warrior,10.380187510101797,93
27,1,70,101,1,1.9,warrior,10.380187510101797,93
27,1,70,101,1,1.9,warrior,10.380187510101797,93
27,1,70,101,1,1.9,warrior,10.380187510101797,93
27,1,70,101,1,1.9,warrior,10.380187510101797,93
27,1,70,101,1,1.9,warrior,10.380187510101797,93
27,1,70,101,1,1.9,warrior,10.380187510101797,93
27,1,70,101,1,1.9,warrior,10.380187510101797,93
27,1,70,101,1,1.9,warrior,10.380187510101797,93
27,1,70,101,1,1.9,warrior,10.380187510101797,93
27,1,70,101,1,1.9,warrior,10.380187510101797,93
27,1,70,101,1,1.9,warrior,10.380187510101797,93
27,1,70,101,1,1.9,warrior,10.380187510101797,93
27,1,70,101,1,1.9,warrior,10.380187510101797,93
27,1,70,101,1,1.9,warrior,10.380187510101797,94
27,1,70,101,1,1.9,warrior,10.380187510101797,94
27,1,70,101,1,1.9,warrior,10.380187510101797,94
27,1,70,101,1,1.9,warrior,10.380187510101797,94
27,1,70,101,1,1.9,warrior,10.380187510101797,94
27,1,70,101,1,1.9,warrior,10.380187510101797,94
27,1,70,101,1,1.9,warrior,10.380187510101797,94
27,1,70,101,1,1.9,warrior,10.380187510101797,94
27,1,70,101,1,1.9,warrior,10.380187510101797,94
27,1,70,101,1,1.9,warrior,10.380187510101797,94
27,1,70,101,1,1.9,warrior,10.380187510101797,94
27,1,70,101,1,1.9,warrior,10.380187510101797,94
27,1,70,101,1,1.9,warrior,10.380187510101797,94
27,1,70,101,1,1.9,warrior,10.380187510101797,94
27,1,70,101,1,1.9,warrior,10.380187510101797,94
27,1,70,101,1,1.9,warrior,10.380187510101797,94
27,1,70,101,1,1.9,warrior,10.380187510101797,94
27,1,70,101,1,1.9,warrior,10.380187510101797,94
27,1,70,101,1,1.9,warrior,10.380187510101797,94
27,1,70,101,1,1.9,warrior,10.380187510101797,94
27,1,70,101,1,1.9,warrior,10.380187510101797,95
27,1,70,101,1,1.9,warrior,10.380187510101797,95
27,1,70,101,1,1.9,warrior,10.380187510101797,95
27,1,70,101,1,1.9,warrior,10.380187510101797,95
27,1,70,101,1,1.9,warrior,10.380187510101797,95
27,1,70,101,1,1.9,warrior,10.380187510101797,95
27,1,70,101,1,1.9,warrior,10.380187510101797,95
27,1,70,101,1,1.9,warrior,10.380187510101797,95
27,1,70,101,1,1.9,warrior,10.380187510101797,95
27,1,70,101,1,1.9,warrior,10.380187510101797,95
27,1,70,101,1,1.9,warrior,10.380187510101797,95
27,1,70,101,1,1.9,warrior,10.380187510101797,95
27,1,70,101,1,1.9,warrior,10.380187510101797,95
27,1,70,101,1,1.9,warrior,10.380187510101797,95
27,1,70,101,1,1.9,warrior,10.380187510101797,95
27,1,70,101,1,1.9,warrior,10.380187510101797,95
27,1,70,101,1,1.9,warrior,10.380187510101797,95
27,1,70,101,1,1.9,warrior,10.380187510101797,95
27,1,70,101,1,1.9,warrior,10.380187510101797,95
27,1,70,101,1,1.9,warrior,10.380187510101797,95
27,1,70,101,1,1.9,warrior,10.380187510101797,96
27,1,70,101,1,1.9,warrior,10.380187510101797,96
27,1,70,101,1,1.9,warrior,10.380187510101797,96
27,1,70,101,1,1.9,warrior,10.380187510101797,96
27,1,70,101,1,1.9,warrior,10.380187510101797,96
27,1,70,101,1,1.9,warrior,10.380187510101797,96
27,1,70,101,1,1.9,warrior,10.380187510101797,96
27,1,70,101,1,1.9,warrior,10.380187510101797,96
27,1,70,101,1,1.9,warrior,10.380187510101797,96
27,1,70,101,1,1.9,warrior,10.380187510101797,96
27,1,70,101,1,1.9,warrior,10.380187510101797,96
27,1,70,101,1,1.9,warrior,10.380187510101797,96
27,1,70,101,1,1.9,warrior,10.380187510101797,96
27,1,70,101,1,1.9,warrior,10.380187510101797,96
27,1,70,101,1,1.9,warrior,10.380187510101797,96
27,1,70,101,1,1.9,warrior,10.380187510101797,96
27,1,70,101,1,1.9,warrior,10.380187510101797,96
27,1,70,101,1,1.9,warrior,10.380187510101797,96
27,1,70,101,1,1.9,warrior,10.380187510101797,96
27,1,70,101,1,1.9,warrior,10.380187510101797,96
27,1,70,101,1,1.9,warrior,10.380187510101797,97
27,1,70,101,1,1.9,warrior,10.380187510101797,97
27,1,70,101,1,1.9,warrior,10.380187510101797,97
27,1,70,101,1,1.9,warrior,10.380187510101797,97
27,1,70,101,1,1.9,warrior,10.380187510101797,97
27,1,70,101,1,1.9,warrior,10.380187510101797,97
27,1,70,101,1,1.9,warrior,10.380187510101797,97
27,1,70,101,1,1.9,warrior,10.380187510101797,97
27,1,70,101,1,1.9,warrior,10.380187510101797,97
27,1,70,101,1,1.9,warrior,10.380187510101797,97
27,1,70,101,1,1.9,warrior,10.380187510101797,97
27,1,70,101,1,1.9,warrior,10.380187510101797,97
27,1,70,101,1,1.9,warrior,10.380187510101797,97
27,1,70,101,1,1.9,warrior,10.380187510101797,97
27,1,70,101,1,1.9,warrior,10.380187510101797,97
27,1,70,101,1,1.9,warrior,10.380187510101797,97
27,1,70,101,1,1.9,warrior,10.380187510101797,97
27,1,70,101,1,1.9,warrior,10.380187510101797,97
27,1,70,101,1,1.9,warrior,10.380187510101797,97
27,1,70,101,1,1.9,warrior,10.380187510101797,97
27,1,70,101,1,1.9,warrior,10.380187510101797,98
27,1,70,101,1,1.9,warrior,10.380187510101797,98
27,1,70,101,1,1.9,warrior,10.380187510101797,98
27,1,70,101,1,1.9,warrior,10.380187510101797,98
27,1,70,101,1,1.9,warrior,10.380187510101797,98
27,1,70,101,1,1.9,warrior,10.380187510101797,98
27,1,70,101,1,1.9,warrior,10.380187510101797,98
27,1,70,101,1,1.9,warrior,10.380187510101797,98
27,1,70,101,1,1.9,warrior,10.380187510101797,98
27,1,70,101,1,1.9,warrior,10.380187510101797,98
27,1,70,101,1,1.9,warrior,10.380187510101797,98
27,1,70,101,1,1.9,warrior,10.380187510101797,98
27,1,70,101,1,1.9,warrior,10.380187510101797,98
27,1,70,101,1,1.9,warrior,10.380187510101797,98
27,1,70,101,1,1.9,warrior,10.380187510101797,98
27,1,70,101,1,1.9,warrior,10.380187510101797,98
27,1,70,101,1,1.9,warrior,10.380187510101797,98
27,1,70,101,1,1.9,warrior,10.380187510101797,98
27,1,70,101,1,1.9,warrior,10.380187510101797,98
27,1,70,101,1,1.9,warrior,10.380187510101797,98
27,1,70,101,1,1.9,warrior,10.380187510101797,99
27,1,70,101,1,1.9,warrior,10.380187510101797,99
27,1,70,101,1,1.9,warrior,10.380187510101797,99
27,1,70,101,1,1.9,warrior,10.380187510101797,99
27,1,70,101,1,1.9,warrior,10.380187510101797,99
27,1,70,101,1,1.9,warrior,10.380187510101797,99
27,1,70,101,1,1.9,warrior,10.380187510101797,99
27,1,70,101,1,1.9,warrior,10.380187510101797,99
27,1,70,101,1,1.9,warrior,10.380187510101797,99
27,1,70,101,1,1.9,warrior,10.380187510101797,99
27,1,70,101,1,1.9,warrior,10.380187510101797,99
27,1,70,101,1,1.9,warrior,10.380187510101797,99
27,1,70,101,1,1.9,warrior,10.380187510101797,99
27,1,70,101,1,1.9,warrior,10.380187510101797,99
27,1,70,101,1,1.9,warrior,10.380187510101797,99
27,1,70,101,1,1.9,warrior,10.380187510101797,99
27,1,70,101,1,1.9,warrior,10.380187510101797,99
27,1,70,101,1,1.9,warrior,10.380187510101797,99
27,1,70,101,1,1.9,warrior,10.380187510101797,99
27,1,70,101,1,1.9,warrior,10.380187510101797,99
